0.5635 -0.3318 -0.3712 -0.0437 0.8671 2.0259 2.7561 2.9751 2.8190 2.4688 2.1893 2.1371 2.4372 2.7631 2.7901 2.6087 2.5750 2.9152 3.6098 4.5959 4.6879 4.8669 4.7820 5.2338 6.0862 5.8998 5.4580 5.0801 5.1537 5.7331 6.4707 6.3214 5.9899 5.8294 5.6959 5.5634 5.4742 5.4441 5.4334 5.3938 5.3408 5.3702 5.4695 5.4667 5.4061 5.2618 4.9612 4.9259 4.9948 4.8112 4.3469 3.9348 4.0385 4.6011 5.2427 5.6322 5.9084 6.2068 6.3753 6.2940 6.0514 5.7521 5.4517 5.2441 5.0003 4.7686 4.5206 4.2637 3.9742 3.4567 2.7247 1.6971 0.9168 0.2832 -0.0301 -0.3338 -0.5616 -0.7337 -0.8727 -0.9600 -1.0276 -1.0921 -1.1666 -1.2565 -1.3812 -1.5162 -1.6194 -1.6488 -1.4845 -1.1726 -1.0776 -1.2792 -1.2383 -0.8347 -0.3976 -0.6123 -1.0227 -1.2654 -1.3085 -0.7394 -0.4466 -0.8286 -0.5859 0.1860 1.0094 1.8504 2.4547 2.9009 3.2348 3.3279 3.4572 3.8907 4.0410 3.5823 2.8452 2.2874 1.9360 1.4741 0.8132 0.1682 -0.2944 -0.5648 -0.4048 -0.0564 -0.0978 -0.3866 -0.9427 -1.3682 -1.9816 -2.2375 -2.0474 -1.9219 -1.9922 -2.1170 -1.9430 -1.7257 -1.8906 -1.9451 -1.8456 -1.8731 -2.0564 -2.2131 -2.2103 -2.0569 -1.5726 -1.4071 -2.0614 -2.3349 -2.0585 -1.3305 -0.4942 -0.0189 -0.1768 -0.0106 0.1055 -0.1015 -0.2811 -0.6178 -0.6863 -0.6129 -0.6312 -0.7377 -0.7636 -0.7937 -0.9456 -1.1711 -1.3861 -1.6112 -1.8450 -2.0438 -2.2674 -2.5526 -2.8377 -3.0916 -3.2897 -3.4891 -3.7422 -4.0708 -4.3498 -4.5442 -4.6821 -4.6979 -4.8424 -5.1570 -5.7119 -6.1663 -6.3895 -6.4385 -6.2981 -5.9548 -5.5815 -5.4838
0.9838 0.0397 0.0651 0.3137 1.1944 2.1496 2.8205 3.1378 3.0082 2.6946 2.4445 2.3415 2.4619 2.7470 3.0096 3.0649 2.9667 3.1225 3.6899 4.3480 4.9327 5.3170 5.1428 5.4456 5.9999 6.1530 5.6730 5.4904 5.4022 5.8531 6.4897 6.5077 6.2117 6.0241 5.8608 5.7056 5.5860 5.5111 5.4618 5.4221 5.4135 5.4639 5.5120 5.5107 5.4931 5.3089 5.1016 5.0764 5.0032 4.7571 4.4346 4.1075 3.9458 4.0966 4.3588 4.7277 5.0262 5.2589 5.5241 5.7889 6.2005 6.2654 5.9017 5.6378 5.3746 5.2056 4.9769 4.6996 4.3542 3.7521 3.2564 2.4754 1.4439 0.7002 0.3306 0.0164 -0.1628 -0.3439 -0.4645 -0.5520 -0.6214 -0.6880 -0.7719 -0.8703 -1.0247 -1.1949 -1.4100 -1.5778 -1.4662 -1.2070 -1.1519 -1.2204 -1.0446 -0.6692 -0.2644 -0.5643 -0.9397 -1.2218 -0.9913 -0.4715 -0.6028 -0.6820 -0.2689 0.5170 1.3096 2.0301 2.5461 2.9469 3.2161 3.3530 3.5374 3.8814 3.8477 3.3042 2.7862 2.3269 1.8947 1.3329 0.7372 0.2648 -0.0935 -0.2000 0.0064 0.1682 -0.0091 -0.4353 -0.9078 -1.3792 -1.8213 -1.7796 -1.5821 -1.4422 -1.5474 -1.7205 -1.8523 -1.7805 -1.6076 -1.5327 -1.6414 -1.7977 -1.8786 -1.8415 -1.7735 -1.5913 -1.4185 -1.5391 -1.7060 -1.7843 -1.5421 -0.9288 -0.1846 0.5850 0.3169 0.4308 0.5858 0.3105 -0.0748 -0.3171 -0.2772 -0.1432 -0.0575 -0.0969 -0.1668 -0.2528 -0.3961 -0.6287 -0.8611 -1.1299 -1.3482 -1.6162 -1.9410 -2.2809 -2.5915 -2.8668 -3.0799 -3.2786 -3.4968 -3.8239 -4.0479 -4.1989 -4.2980 -4.2783 -4.4549 -4.9366 -5.4732 -5.9665 -6.2058 -6.3401 -6.3108 -6.0170 -5.6616 -5.8092
1.3186 0.4606 0.5075 0.7858 1.4064 2.2333 2.8669 3.2076 3.1402 2.8545 2.5769 2.3884 2.3669 2.5175 2.8132 3.1144 3.2309 3.2361 3.6637 4.2584 4.8970 5.4486 5.6079 5.6738 6.1028 6.7348 6.1616 5.9472 5.7671 5.9690 6.6117 6.5158 6.2261 6.0299 5.8548 5.6824 5.5346 5.4231 5.3466 5.3022 5.3116 5.3651 5.4022 5.4573 5.4461 5.2573 5.1355 5.0632 4.8484 4.5832 4.3856 4.1899 3.9597 3.7598 3.9043 4.1463 4.3981 4.6064 4.8047 5.0696 5.3954 5.6340 5.9560 6.1635 6.0420 5.7875 5.5425 5.2757 4.8217 4.4934 3.8149 3.3149 2.5858 1.5738 0.9673 0.4688 0.3097 0.1181 -0.0074 -0.1057 -0.1927 -0.2573 -0.3731 -0.4887 -0.6723 -0.8881 -1.1252 -1.3228 -1.3177 -1.0914 -1.0123 -1.0204 -0.8970 -0.5545 -0.2490 -0.5095 -0.8382 -1.0073 -0.7079 -0.4110 -0.6778 -0.4562 0.0443 0.8568 1.6363 2.2297 2.5790 2.8151 3.0194 3.1713 3.3792 3.6493 3.4412 3.0439 2.5905 2.1291 1.5464 0.9620 0.4703 0.0678 -0.1381 -0.0723 0.1126 0.0968 -0.1931 -0.6176 -1.0698 -1.5346 -1.6628 -1.3004 -1.0617 -0.8907 -1.0564 -1.2758 -1.4802 -1.6749 -1.8264 -1.7655 -1.6861 -1.6555 -1.6548 -1.6391 -1.6111 -1.5409 -1.3460 -1.1505 -1.1233 -1.1339 -0.9490 -0.5315 0.1029 0.9809 0.9877 0.9583 0.8237 0.5309 0.1823 0.0306 0.1709 0.3541 0.4977 0.5368 0.4262 0.3152 0.1666 -0.0353 -0.2594 -0.5430 -0.8732 -1.2339 -1.6339 -2.0231 -2.3962 -2.7427 -3.0096 -3.2130 -3.3924 -3.5582 -3.7281 -3.8586 -3.9218 -3.8838 -4.1841 -4.6982 -5.2592 -5.7581 -6.1349 -6.3130 -6.3978 -6.2359 -5.9030 -5.9573
1.4321 1.0555 1.1721 1.4517 1.6050 2.1757 2.7686 3.2184 3.3176 3.1372 2.8576 2.6918 2.5455 2.4824 2.6304 2.9483 3.3028 3.4889 3.7590 4.2065 4.7567 5.2847 5.7275 5.9052 6.2037 6.8331 6.7222 6.3783 6.1697 6.2397 6.6754 6.5306 6.2401 6.0504 5.8778 5.6902 5.5080 5.3552 5.2618 5.2250 5.2487 5.3057 5.3802 5.4386 5.3268 5.1912 5.1384 4.9648 4.6148 4.3583 4.1490 3.9671 3.7939 3.5983 3.4711 3.5851 3.7753 3.9687 4.1053 4.3659 4.6257 4.9126 5.1600 5.3460 5.5213 5.6406 5.8051 6.1229 5.5947 5.1072 4.4933 4.0510 3.5977 2.8378 2.1331 1.4719 0.9780 0.6664 0.5128 0.3888 0.2726 0.2300 0.0384 -0.1742 -0.3570 -0.5778 -0.7934 -0.9525 -0.9483 -0.8106 -0.7449 -0.7437 -0.5660 -0.3590 -0.1572 -0.2085 -0.4280 -0.6044 -0.4871 -0.3381 -0.3063 -0.1088 0.4709 1.2601 1.9887 2.4274 2.5695 2.7137 2.8796 3.0336 3.2359 3.4166 3.0777 2.6922 2.2811 1.6794 1.0389 0.5111 0.1330 -0.0877 -0.0619 0.0678 0.1077 -0.0489 -0.3745 -0.7846 -1.2545 -1.7158 -1.3712 -0.8263 -0.5143 -0.3264 -0.5066 -0.7506 -1.0280 -1.3012 -1.5481 -1.7644 -1.9243 -2.0100 -2.0478 -1.9191 -1.6076 -1.2252 -0.9159 -0.6624 -0.4839 -0.4917 -0.4917 -0.1574 0.3413 1.0567 1.0836 1.0423 0.8323 0.5544 0.3988 0.4334 0.6036 0.8298 1.0899 1.0107 0.9381 0.8400 0.6694 0.4560 0.1995 -0.1285 -0.4846 -0.9081 -1.3335 -1.7718 -2.1621 -2.4696 -2.6683 -2.8354 -2.9938 -3.1420 -3.3069 -3.4327 -3.5268 -3.5928 -3.9259 -4.4607 -5.0202 -5.5474 -5.9630 -6.2167 -6.3750 -6.3392 -6.1229 -6.1576
1.3875 1.5608 1.6682 1.9386 1.9579 2.0412 2.4683 2.9679 3.3416 3.4634 3.2565 3.0473 2.9916 2.9537 3.0130 3.1625 3.3701 3.6551 3.9190 4.2664 4.6176 4.9989 5.4414 5.7372 6.1676 6.6538 7.2152 6.8733 6.5620 6.5966 6.7323 6.5463 6.2587 6.0812 5.9301 5.7405 5.5180 5.3191 5.2061 5.1982 5.2533 5.3388 5.4087 5.3227 5.1302 5.0811 5.0418 4.7252 4.3457 4.0068 3.6882 3.4666 3.2508 3.0341 2.8913 3.0750 3.2735 3.5142 3.7304 3.8381 3.9760 4.1721 4.4116 4.6055 4.7570 4.8762 4.9758 4.9584 5.2706 5.7146 5.3742 4.8108 4.1036 3.6760 3.2737 2.7049 2.2788 1.8056 1.5109 1.3206 1.1368 0.7869 0.5272 0.2540 0.0289 -0.2160 -0.3935 -0.5351 -0.5380 -0.5578 -0.6101 -0.4835 -0.1716 0.0748 0.3400 0.3279 0.1066 -0.0539 -0.0798 0.0308 0.1114 0.4173 1.0199 1.7930 2.4191 2.6605 2.7388 2.7992 2.9049 3.0395 3.2014 3.1442 2.6993 2.3945 1.9000 1.1490 0.5231 0.1223 -0.0646 -0.0222 0.0517 0.0520 -0.0543 -0.2526 -0.5974 -0.9894 -1.4409 -1.5228 -1.0312 -0.3559 0.2564 0.5554 0.2129 -0.1938 -0.5675 -0.8710 -1.1483 -1.3867 -1.5841 -1.7571 -1.7914 -1.5587 -1.2373 -0.8040 -0.3462 -0.0871 0.1034 0.0462 -0.1041 0.0944 0.5342 1.0750 0.9668 0.9703 0.8117 0.5514 0.4921 0.6745 0.9665 1.3014 1.4794 1.3326 1.0935 0.9679 0.8876 0.7620 0.5713 0.2031 -0.1905 -0.6044 -1.0491 -1.4862 -1.8495 -2.0940 -2.2560 -2.4036 -2.5171 -2.6405 -2.8007 -2.9406 -3.0874 -3.2903 -3.6511 -4.1807 -4.7391 -5.2751 -5.7222 -6.0832 -6.3081 -6.3769 -6.2702 -6.3601
1.3110 1.7369 2.1113 2.2494 2.2505 2.1690 2.2549 2.5375 2.9644 3.2371 3.6371 3.7145 3.4698 3.3992 3.5120 3.5803 3.7046 3.9135 4.1319 4.4280 4.7872 4.7871 5.1367 5.4647 5.9344 6.3535 6.8925 7.1763 6.9869 6.8370 6.7732 6.5787 6.3014 6.1125 5.9879 5.8278 5.5811 5.3233 5.1786 5.2013 5.2923 5.3784 5.3240 5.0925 4.9159 4.9274 4.8600 4.4820 4.0817 3.6436 3.1785 2.8556 2.6452 2.4008 2.2473 2.4439 2.7339 2.9183 3.2166 3.4649 3.6127 3.7117 3.8273 3.9358 4.0262 4.1100 4.1820 4.3056 4.5608 4.6501 5.0531 5.8882 5.0167 4.4193 3.9078 3.5339 3.3376 2.9716 2.6603 2.3014 2.0232 1.7298 1.4005 1.0222 0.6036 0.2751 0.0646 -0.0615 -0.0568 -0.2441 -0.4268 -0.2929 0.0899 0.6425 1.0818 1.1286 0.9527 0.4992 0.3813 0.5372 0.7714 1.1381 1.6861 2.4389 2.8515 3.0443 3.1095 3.1706 3.2132 3.2122 3.2414 2.8662 2.4897 2.0402 1.3599 0.6172 0.1303 -0.0720 -0.0048 0.0036 -0.0668 -0.1634 -0.2652 -0.5361 -0.8779 -1.2229 -1.5942 -1.2615 -0.6154 0.5053 1.1080 1.4142 1.2155 0.8122 0.1117 -0.3397 -0.6830 -0.9508 -1.1427 -1.3293 -1.2787 -1.0328 -0.6599 -0.3058 0.1919 0.4805 0.6143 0.4644 0.0769 0.2763 0.6998 1.0624 0.8879 0.8636 0.7741 0.5513 0.5216 0.7778 1.1331 1.4801 1.6050 1.4379 1.1728 1.0054 0.9355 0.8357 0.7067 0.4562 0.0444 -0.3469 -0.7728 -1.1734 -1.4905 -1.7103 -1.8594 -1.9704 -2.0271 -2.1254 -2.2800 -2.4490 -2.6378 -2.9074 -3.2890 -3.8137 -4.4312 -4.9949 -5.4548 -5.9133 -6.2101 -6.3647 -6.3532 -6.5026
1.2812 1.3848 1.8474 2.2291 2.3946 2.3325 2.3166 2.3617 2.6255 2.8619 3.2175 3.5562 3.9774 4.1315 4.0071 4.0187 4.0758 4.2405 4.4506 4.5896 5.0068 4.6671 4.7850 5.0734 5.5201 6.0848 6.5799 7.0638 6.9866 6.9057 6.8409 6.6979 6.4601 6.2273 6.0674 5.9211 5.6741 5.3582 5.1806 5.2140 5.3246 5.3495 5.1492 4.8627 4.7670 4.7958 4.6572 4.2165 3.7787 3.2042 2.7654 2.2255 1.7326 1.3015 1.0647 1.2760 1.7805 2.3281 2.6959 2.9102 3.1208 3.2681 3.3508 3.4194 3.4987 3.5943 3.6866 3.7895 3.9298 4.1500 4.3686 4.6983 5.2089 5.6362 4.7531 4.3376 4.0459 3.7641 3.4412 3.2304 2.9251 2.7096 2.3953 2.0321 1.6665 1.3383 1.0675 0.8489 0.5106 0.2349 0.0646 0.0459 0.2587 0.6571 1.2305 1.1225 0.9947 0.9078 0.5955 0.4987 0.9239 1.4462 2.1398 2.7914 3.1934 3.4674 3.5367 3.6725 3.6541 3.5454 3.1568 2.7526 2.2796 1.6656 0.8944 0.2582 -0.0976 -0.0112 -0.0485 -0.1950 -0.2969 -0.3698 -0.5983 -0.8961 -1.1300 -1.4948 -1.3822 -0.8929 -0.1071 1.1053 1.9108 2.1652 2.1330 1.8370 1.1760 0.5539 -0.0527 -0.4077 -0.6770 -0.7973 -0.6765 -0.4501 -0.0971 0.4140 0.9079 1.0572 1.0718 0.6362 0.2456 0.3891 0.8336 1.0869 0.8820 0.8076 0.7429 0.5639 0.5475 0.8362 1.1832 1.5333 1.6239 1.4393 1.1787 1.0124 0.9448 0.8587 0.7359 0.6077 0.2570 -0.1389 -0.4961 -0.8525 -1.1479 -1.3656 -1.4559 -1.4979 -1.5879 -1.6784 -1.8276 -1.9881 -2.2254 -2.4980 -2.8876 -3.4131 -4.0169 -4.6314 -5.1298 -5.6615 -6.0868 -6.3151 -6.3987 -6.6143
1.1357 1.0252 1.2705 1.5645 2.0414 2.3105 2.4018 2.4006 2.4766 2.6655 2.9526 3.2321 3.6075 3.9906 4.3556 4.4682 4.4573 4.5439 4.7768 4.8325 5.0367 4.8326 4.4635 4.6821 5.0885 5.7237 6.1965 6.8078 7.0222 6.8800 6.8325 6.8026 6.6948 6.4972 6.2778 6.0713 5.7877 5.4387 5.1894 5.2310 5.3490 5.2935 4.9991 4.7578 4.7375 4.7416 4.4233 3.9605 3.3855 2.8787 2.1872 1.3764 0.7802 0.1859 -0.1363 -0.0385 0.3869 0.9558 1.6765 2.0705 2.4143 2.6301 2.7685 2.8458 2.9385 3.0717 3.2234 3.3692 3.5553 3.7156 3.9527 4.2415 4.5594 4.9703 5.5056 5.1032 4.7419 4.4327 4.1078 3.8716 3.6109 3.3852 3.1801 3.0198 2.7686 2.5346 2.2883 1.9458 1.6015 1.1649 0.7097 0.4635 0.5933 0.7529 1.0511 0.7917 0.7769 0.9120 0.7396 0.5778 0.9469 1.5742 2.3867 2.9830 3.4341 3.8113 4.0524 4.2447 4.1467 3.6620 3.1638 2.6718 2.0874 1.4177 0.5810 -0.0150 -0.0571 -0.0295 -0.2395 -0.3810 -0.4727 -0.7013 -0.9764 -1.1774 -1.4917 -1.5281 -1.0646 -0.3966 0.8153 1.8305 2.4703 2.6707 2.7569 2.5520 2.1963 1.4817 0.8293 0.2143 -0.1228 -0.2211 -0.1117 0.1750 0.7487 1.0812 1.3530 1.4864 1.2470 0.7564 0.3731 0.5372 1.0035 1.1285 0.9075 0.8014 0.7283 0.5723 0.5676 0.8455 1.2088 1.5330 1.5808 1.3800 1.1359 0.9970 0.9394 0.8597 0.7417 0.6376 0.4486 0.0948 -0.2375 -0.5350 -0.8253 -1.0856 -1.2478 -1.2906 -1.3095 -1.3647 -1.4300 -1.6052 -1.8426 -2.1402 -2.4815 -2.9606 -3.5475 -4.1826 -4.8244 -5.3566 -5.9274 -6.2242 -6.3875 -6.6946
0.6410 0.8604 0.7580 0.8970 1.2416 1.5602 2.0340 2.2998 2.4865 2.5767 2.7709 3.0755 3.4359 3.7945 4.1766 4.5558 4.6554 4.7020 4.9104 5.0201 5.0576 5.0295 4.5126 4.3658 4.7659 5.2872 5.9579 6.4772 7.1031 7.0639 6.8836 6.7981 6.7822 6.7313 6.5676 6.3001 5.9305 5.5545 5.2146 5.2521 5.3717 5.2693 4.9651 4.8187 4.8351 4.6995 4.1728 3.6248 3.1194 2.3153 1.3503 0.5669 -0.1695 -0.5145 -0.6899 -0.5799 -0.3263 -0.2968 -0.0088 0.2757 0.5189 1.0253 1.1520 1.2851 1.4830 1.8625 2.2603 2.6903 3.1034 3.4128 3.5979 3.8362 4.1431 4.3686 4.7405 5.0331 5.3234 5.1701 4.7408 4.4537 4.1840 3.9509 3.7512 3.5703 3.3371 3.0876 2.9424 2.8246 2.5870 2.2020 1.5835 1.2143 1.0065 1.1611 1.1628 0.7030 0.6317 0.6408 0.6406 0.8452 1.2031 1.6480 2.2047 2.9820 3.5806 4.1460 4.5248 4.8559 4.3753 3.8563 3.3180 2.8048 2.0378 1.1926 0.3358 -0.0825 -0.0026 -0.1539 -0.3881 -0.5140 -0.7582 -1.0548 -1.2557 -1.5424 -1.5902 -1.1696 -0.6603 0.1855 1.4678 2.4063 2.8172 3.1917 3.2984 3.0860 2.8558 2.4017 1.7151 1.0847 0.7051 0.4234 0.6047 0.8531 1.1627 1.4804 1.7485 1.7082 1.2244 0.7428 0.4647 0.7265 1.1337 1.1452 0.9209 0.8078 0.7179 0.5677 0.5685 0.8217 1.1880 1.4874 1.4905 1.2740 1.0665 0.9716 0.9250 0.8492 0.7399 0.6523 0.5527 0.3588 0.0541 -0.2144 -0.5058 -0.7645 -1.0090 -1.1505 -1.1989 -1.2376 -1.2921 -1.3557 -1.4608 -1.7623 -2.1121 -2.4900 -3.0359 -3.6905 -4.3914 -5.0188 -5.6601 -6.1155 -6.3260 -6.7123
0.2504 0.6264 0.7392 0.6458 0.5987 0.8353 1.1802 1.5856 2.1141 2.4601 2.7374 3.0133 3.3081 3.6433 4.0296 4.4244 4.7309 4.7750 4.9285 5.0770 5.0574 5.2239 4.6102 4.2630 4.4464 4.9305 5.5976 6.0810 6.6649 7.1932 7.2004 7.0152 6.8658 6.7886 6.6822 6.4269 6.0026 5.6187 5.2899 5.2856 5.3929 5.2987 5.0535 4.9975 4.9686 4.4061 3.8291 3.3245 2.5466 1.4628 0.2965 -0.3825 -0.7634 -0.9969 -1.0088 -0.8113 -0.7581 -0.7955 -0.6744 -0.5336 -0.3865 -0.4907 -0.3927 -0.2652 -0.0794 0.2138 0.8106 1.5898 2.3720 3.0623 3.4514 3.5204 3.7239 4.0060 4.2740 4.4835 4.7164 4.8837 5.0042 4.9068 4.7275 4.5167 4.3020 4.1007 3.9340 3.8007 3.5330 3.3405 3.0145 2.6373 2.1119 1.7057 1.5750 1.5673 1.1511 0.7855 0.5339 0.3798 0.4634 0.7774 1.2211 1.7638 2.4853 3.1533 3.8053 4.3790 4.7736 5.1722 4.5511 4.0520 3.5438 3.0111 2.2519 1.2404 0.3696 -0.0438 -0.0133 -0.2760 -0.4767 -0.6669 -1.0212 -1.2869 -1.6064 -1.6252 -1.1823 -0.7451 0.0351 1.2415 2.2481 2.9041 3.3000 3.6094 3.7683 3.5884 3.2962 2.9422 2.4733 1.8898 1.3254 1.0747 1.0884 1.2624 1.4871 1.7354 1.8778 1.6022 1.0739 0.6173 0.5137 0.8573 1.2038 1.1155 0.9068 0.8055 0.7039 0.5518 0.5551 0.7829 1.1301 1.4021 1.3717 1.1614 1.0054 0.9490 0.9091 0.8415 0.7500 0.6838 0.6474 0.5644 0.3605 0.0955 -0.1539 -0.4393 -0.6767 -0.8980 -1.0631 -1.1627 -1.2224 -1.2660 -1.3099 -1.3882 -1.7010 -2.0945 -2.5286 -3.1577 -3.8804 -4.6332 -5.3923 -5.9669 -6.2693 -6.6625
0.2381 0.4936 0.6637 0.7544 0.7275 0.5986 0.5597 0.8957 1.3498 1.9534 2.5102 2.9689 3.4025 3.5945 3.9026 4.2798 4.7321 4.7943 4.8884 5.0204 4.9846 5.1796 4.7796 4.3828 4.2132 4.6269 5.1388 5.8121 6.2628 6.7774 7.2808 7.3787 7.2047 6.9219 6.5614 6.2057 5.8716 5.5374 5.4202 5.3708 5.4224 5.3554 5.1654 5.0450 4.5752 4.0163 3.3898 2.7882 1.6942 0.2948 -0.5034 -0.8327 -1.1816 -1.1595 -0.9336 -0.7645 -0.7684 -0.9722 -1.1469 -1.1173 -1.0491 -1.0437 -0.9536 -0.8320 -0.6763 -0.4369 -0.0604 0.4117 1.4934 2.3936 3.0415 3.3065 3.3421 3.5391 3.7632 3.9917 4.2091 4.4082 4.4566 4.4441 4.3551 4.2129 4.0614 3.9554 3.8282 3.6271 3.4581 3.2092 2.9891 2.5763 2.0731 1.7146 1.6377 1.5014 1.1598 0.8686 0.6373 0.6356 0.8744 1.1962 1.6038 2.0675 2.7126 3.3015 3.8663 4.3460 4.4398 4.7078 4.9573 4.2609 3.7626 3.2893 2.6255 1.6604 0.6684 0.0900 -0.0424 -0.3493 -0.5390 -0.8269 -1.1906 -1.5417 -1.6479 -1.2276 -0.8527 -0.0815 1.1030 2.1339 2.8735 3.2795 3.6891 4.0170 4.1812 4.0132 3.7075 3.3518 2.8510 2.4344 1.8352 1.5123 1.4102 1.4599 1.5916 1.7370 1.7162 1.3457 0.8499 0.4296 0.5145 0.9129 1.1992 1.0478 0.8746 0.7983 0.6938 0.5365 0.5323 0.7376 1.0529 1.3026 1.2628 1.0779 0.9715 0.9359 0.9019 0.8505 0.7900 0.7485 0.7481 0.7481 0.6788 0.4487 0.1677 -0.0639 -0.3228 -0.5371 -0.7341 -0.9032 -1.0611 -1.1707 -1.2279 -1.2557 -1.3053 -1.6613 -2.0960 -2.6266 -3.3519 -4.2043 -4.9525 -5.7359 -6.1879 -6.6091
0.3282 0.5422 0.6741 0.7602 0.8123 0.8043 0.7011 0.5588 0.8226 1.3445 2.1542 2.9361 3.3908 3.7596 3.7600 4.1673 4.6270 4.7995 4.8314 4.9174 4.8646 5.0185 5.0987 4.4473 4.2507 4.3026 4.7710 5.3373 5.9377 6.3848 6.8696 7.3338 7.3999 6.9415 6.5058 6.0700 5.6861 5.4861 5.5739 5.5264 5.4680 5.2260 4.8361 4.5013 4.0528 3.5207 2.9881 2.0373 0.3303 -0.5654 -0.9963 -1.3811 -1.6314 -1.4262 -1.0667 -0.8865 -0.8520 -0.9844 -1.1840 -1.3113 -1.3356 -1.3023 -1.2300 -1.1486 -1.0845 -0.8732 -0.6166 -0.3069 0.4003 1.6129 2.2721 2.6320 2.8863 3.0228 3.2478 3.4635 3.7027 3.8868 4.0356 4.0473 3.9811 3.8305 3.6707 3.4732 3.2605 3.0453 2.9206 2.6659 2.4455 2.0761 1.7962 1.6359 1.5266 1.3292 1.0555 0.8423 0.9407 1.1860 1.6064 1.9983 2.3858 2.6523 2.9726 3.3943 3.8621 4.0759 4.1100 4.2923 4.8885 4.5341 3.9904 3.4862 3.0420 2.1693 1.1198 0.3364 -0.0370 -0.3749 -0.5764 -0.9101 -1.2875 -1.6641 -1.3730 -0.8851 -0.2336 0.9082 1.8751 2.7724 3.2281 3.7499 4.0951 4.4187 4.4448 4.4069 4.1000 3.7199 3.2878 2.8691 2.3279 1.8344 1.5868 1.5281 1.5335 1.5220 1.3685 1.0226 0.5563 0.2451 0.4825 0.9561 1.1523 0.9800 0.8470 0.7972 0.6960 0.5399 0.5110 0.6949 0.9809 1.2340 1.2128 1.0509 0.9655 0.9365 0.9093 0.8756 0.8420 0.8225 0.8356 0.8734 0.8866 0.8216 0.5571 0.2882 0.0830 -0.1456 -0.3431 -0.5116 -0.6892 -0.8122 -0.9479 -1.0948 -1.1788 -1.2561 -1.6719 -2.1479 -2.8449 -3.7511 -4.6946 -5.3910 -6.0732 -6.5504
0.3577 0.5721 0.7274 0.8080 0.8349 0.8529 0.8354 0.7278 0.5834 1.0247 1.8294 2.7879 3.3165 3.9511 3.7144 4.0586 4.4700 4.8126 4.8057 4.8345 4.7631 4.8184 5.1571 4.6960 4.3289 4.2020 4.4164 4.8815 5.4368 5.9862 6.4101 6.8027 7.0392 6.8173 6.3701 5.9705 5.6022 5.4851 5.6300 5.5979 5.1736 4.7614 4.4070 3.9849 3.5791 3.0210 2.1946 0.6516 -0.3136 -1.0447 -1.6232 -1.8891 -1.9650 -1.6399 -1.2510 -1.0560 -0.9724 -1.0344 -1.1891 -1.2941 -1.3238 -1.2955 -1.2394 -1.1870 -1.1747 -1.2233 -1.0497 -0.6716 -0.1658 0.5131 1.3576 1.8146 2.1770 2.4622 2.7324 2.9753 3.2079 3.3891 3.5720 3.6205 3.5597 3.3848 3.1739 2.9254 2.7222 2.4484 2.2017 2.0429 1.8901 1.7068 1.5615 1.4276 1.3003 1.0926 1.0548 1.2686 1.6646 2.0295 2.5699 2.8546 3.0736 3.2647 3.2084 3.2154 3.4184 3.6092 3.7382 4.0431 4.4922 4.8280 4.1691 3.7548 3.2881 2.7494 1.6693 0.7276 0.1424 -0.2946 -0.5813 -0.8886 -1.2561 -1.5524 -1.1345 -0.5224 0.3023 1.4054 2.5195 3.1778 3.6954 4.0998 4.4733 4.6331 4.6414 4.6163 4.4460 4.0731 3.6816 3.1320 2.6795 2.0846 1.7138 1.4984 1.3496 1.2116 1.0360 0.7025 0.2295 0.1507 0.4961 0.9794 1.1173 0.9472 0.8389 0.8098 0.7306 0.5641 0.5008 0.6565 0.9294 1.2209 1.2520 1.0929 0.9882 0.9499 0.9240 0.8967 0.8725 0.8593 0.8678 0.9062 0.9608 0.9873 0.9377 0.6980 0.4664 0.2402 0.0745 -0.1016 -0.2651 -0.4011 -0.5444 -0.7293 -0.8977 -1.0715 -1.2832 -1.7548 -2.3999 -3.2768 -4.2105 -5.0955 -5.9379 -6.4844
0.3764 0.5450 0.7150 0.8250 0.8553 0.8652 0.8668 0.8103 0.6670 0.7891 1.5431 2.6388 3.2080 4.0613 3.8175 3.8913 4.2836 4.8064 4.8334 4.8172 4.7403 4.6870 4.9858 5.0275 4.5005 4.2503 4.1724 4.4553 4.8580 5.3282 5.8075 6.1642 6.4386 6.4698 6.1641 5.7965 5.5776 5.4515 5.2635 5.0171 4.6810 4.3891 3.9383 3.5631 2.9936 2.1749 1.2855 -0.0026 -0.8269 -1.4967 -2.0413 -2.3352 -2.1305 -1.7741 -1.3536 -1.1368 -1.0197 -1.0623 -1.1929 -1.2788 -1.2980 -1.2717 -1.2336 -1.2129 -1.2444 -1.3465 -1.3526 -0.9683 -0.4716 -0.0130 0.5198 1.1422 1.5024 1.8960 2.2436 2.4696 2.7244 2.9242 3.1018 3.1700 3.0912 2.8905 2.6257 2.3646 2.0449 1.8537 1.6100 1.3838 1.2255 1.1647 1.1858 1.2059 1.1733 1.3396 1.6430 1.9793 2.5631 2.8584 3.1569 3.3726 3.6344 3.3609 2.9967 2.8505 3.0289 3.2000 3.5196 3.8671 4.2073 4.5157 4.3414 3.9556 3.5829 3.1295 2.4038 1.2793 0.3107 -0.1555 -0.5312 -0.8254 -1.1819 -1.3402 -0.8098 -0.1193 0.8067 1.8395 2.8472 3.4340 3.9825 4.4463 4.7100 4.7733 4.7745 4.7558 4.7116 4.4091 3.9688 3.4843 2.9308 2.3526 1.8251 1.4172 1.1247 0.9400 0.7050 0.3503 -0.0010 0.1523 0.5064 0.9918 1.1186 0.9580 0.8473 0.8163 0.7627 0.6273 0.5131 0.6208 0.8926 1.2428 1.3761 1.2246 1.0536 0.9727 0.9333 0.9010 0.8704 0.8482 0.8422 0.8646 0.9200 0.9903 1.0349 1.0131 0.9133 0.6642 0.4708 0.3059 0.1530 0.0240 -0.1171 -0.2976 -0.5109 -0.7899 -1.0113 -1.4067 -1.9642 -2.8406 -3.8924 -4.7593 -5.7314 -6.3934
0.4323 0.5132 0.6472 0.7762 0.8410 0.8733 0.8770 0.8228 0.7057 0.8254 1.5291 2.5936 3.2549 3.8489 4.0005 3.7434 4.1220 4.5534 4.8913 4.8824 4.8325 4.7298 4.8163 5.1635 4.7903 4.4293 4.1695 4.0485 4.3019 4.6483 5.0616 5.4098 5.7072 5.9003 5.6798 5.3815 5.0983 4.8653 4.6619 4.3967 4.1157 3.8546 3.5477 3.1287 2.3793 1.7313 0.6609 -0.3039 -1.1356 -1.8840 -2.3265 -2.4844 -2.0985 -1.7289 -1.3020 -1.0874 -0.9968 -1.0804 -1.2038 -1.2645 -1.2643 -1.2324 -1.2045 -1.2120 -1.2886 -1.4326 -1.5197 -1.1679 -0.7214 -0.2591 0.1487 0.6841 1.0790 1.4024 1.8111 2.1453 2.3561 2.5068 2.6533 2.7430 2.6013 2.3962 2.0755 1.8326 1.5641 1.1492 0.8637 0.7225 0.8187 0.9635 1.1198 1.3296 1.5776 1.8977 2.3391 2.7278 3.1073 3.3202 3.6739 3.5900 3.3592 3.0767 2.8436 2.7330 2.9497 3.3129 3.7146 3.8962 3.9666 4.1313 4.1548 4.0113 3.8689 3.3669 2.7938 1.7944 0.6154 0.0385 -0.4089 -0.7719 -1.0394 -1.1230 -0.6036 0.1124 1.2233 2.1826 3.0783 3.6890 4.2240 4.6558 4.7986 4.8482 4.8496 4.8430 4.8363 4.7109 4.2620 3.7914 3.1828 2.6260 1.8849 1.3350 0.9495 0.7349 0.4085 0.0755 -0.1586 0.1365 0.4906 0.9724 1.1363 0.9996 0.8688 0.8200 0.7898 0.6980 0.5706 0.5942 0.8597 1.2427 1.5200 1.4346 1.1822 1.0041 0.9307 0.8970 0.8663 0.8342 0.8123 0.8133 0.8459 0.9108 0.9809 1.0348 1.0532 1.0130 0.9104 0.7518 0.6152 0.4933 0.3175 0.1152 -0.1851 -0.4579 -0.8009 -1.0811 -1.6117 -2.4638 -3.3925 -4.3796 -5.3147 -6.2065
0.5189 0.5043 0.5438 0.6799 0.8021 0.8774 0.8724 0.7963 0.7034 0.9322 1.6056 2.4810 3.2222 3.7290 4.1492 3.8353 3.9506 4.2975 4.6916 4.9668 4.9818 4.9422 4.8954 5.0760 5.0952 4.6146 4.1739 3.7928 3.8105 4.0613 4.4524 4.7691 5.0565 5.2481 5.0100 4.7167 4.4982 4.1763 3.9748 3.6718 3.4571 3.2904 3.0485 2.6934 2.0589 1.4571 0.3566 -0.5667 -1.4732 -2.0819 -2.5261 -2.3137 -1.9192 -1.5348 -1.1491 -0.9882 -0.9992 -1.1351 -1.2329 -1.2563 -1.2315 -1.1887 -1.1622 -1.1862 -1.2924 -1.4604 -1.5446 -1.2757 -0.8912 -0.4820 -0.0877 0.3837 0.8228 1.1230 1.4187 1.8074 2.1045 2.2833 2.3629 2.4122 2.3460 2.0450 1.7579 1.4213 0.9417 0.6389 0.6314 0.8291 1.0865 1.3197 1.5313 1.7973 2.1365 2.4776 2.9092 3.3027 3.6149 3.5718 3.3985 3.2157 3.0328 2.8662 2.7411 2.8175 3.1703 3.5065 4.0671 3.9813 3.7772 3.7884 3.8307 3.8592 3.8409 3.5256 3.0289 2.1545 1.0545 0.1117 -0.3225 -0.6991 -0.8848 -0.9481 -0.3865 0.2863 1.3640 2.3328 3.3038 3.8505 4.3163 4.6730 4.8136 4.8664 4.8776 4.8862 4.9098 4.9003 4.5411 4.0200 3.4354 2.8146 1.9428 1.2879 0.8719 0.5426 0.1924 -0.1202 -0.1898 0.1155 0.4745 0.9080 1.1371 1.0581 0.9275 0.8748 0.8647 0.8113 0.6990 0.6588 0.8673 1.2285 1.5972 1.6570 1.3746 1.0740 0.8993 0.8667 0.8627 0.8460 0.8177 0.7965 0.8002 0.8317 0.8820 0.9419 1.0055 1.0585 1.0732 1.0387 0.9700 0.8846 0.7581 0.5633 0.1544 -0.2273 -0.5392 -0.8205 -1.3105 -1.9931 -2.9961 -3.9743 -4.9669 -5.8444
0.5848 0.5321 0.4322 0.5731 0.7701 0.8666 0.8327 0.7369 0.7145 1.0879 1.6996 2.3674 2.9927 3.4997 4.0261 3.9640 3.8343 4.1048 4.4019 4.7424 5.0508 5.1513 5.1856 5.2121 5.3981 4.8582 4.2874 3.7390 3.3895 3.7391 4.1600 4.3293 4.3824 4.4716 4.2036 3.9694 3.6752 3.3659 3.1448 2.9715 2.7259 2.5572 2.5069 2.2113 1.7418 1.2736 0.3032 -0.5916 -1.4828 -2.1060 -2.4278 -2.0732 -1.7249 -1.3056 -0.9830 -0.9462 -1.0827 -1.2175 -1.2613 -1.2439 -1.1957 -1.1409 -1.1092 -1.1347 -1.2490 -1.4320 -1.5245 -1.3440 -1.0180 -0.6541 -0.2757 0.1321 0.6077 1.0114 1.1621 1.4636 1.8048 2.0753 2.2800 2.3644 2.1126 1.7050 1.3637 1.0025 0.6582 0.6229 0.9255 1.2553 1.5031 1.6173 1.8570 2.1739 2.6283 3.0591 3.4441 3.5009 3.3922 3.2604 3.1386 2.9963 2.8670 2.8131 2.8813 3.1200 3.3566 3.7749 4.1524 3.9642 3.7384 3.6646 3.6451 3.6949 3.7611 3.4771 3.0573 2.3309 1.2198 0.2424 -0.2064 -0.6016 -0.7809 -0.7756 -0.2265 0.4155 1.4309 2.3789 3.3205 3.8485 4.2990 4.6304 4.7725 4.8411 4.8710 4.9020 4.9554 5.0001 4.7723 4.2514 3.6113 2.8561 2.1453 1.3091 0.8323 0.4107 0.0506 -0.2391 -0.1597 0.1119 0.4525 0.8506 1.1035 1.1193 1.0611 1.0590 1.0818 1.0452 0.9277 0.8479 1.0120 1.3682 1.7098 1.8678 1.6332 1.2756 0.9582 0.8256 0.8302 0.8477 0.8401 0.8160 0.7967 0.7966 0.8145 0.8467 0.8956 0.9637 1.0345 1.0836 1.0980 1.0794 1.0258 0.8992 0.5487 0.0492 -0.3052 -0.5713 -0.9119 -1.5511 -2.5676 -3.6426 -4.4711 -5.2501
0.5547 0.6133 0.3644 0.4867 0.7449 0.8346 0.7622 0.6766 0.7943 1.2261 1.7467 2.2322 2.7848 3.2735 3.5998 3.6767 3.7170 3.8481 4.1191 4.3948 4.7412 5.0938 5.3634 5.4957 5.5961 5.1191 4.4555 3.7567 3.2454 3.5311 4.1634 4.0622 3.7995 3.7145 3.3961 3.1646 2.8786 2.5516 2.3852 2.1000 1.9729 1.9741 1.9972 1.7842 1.4612 1.0837 0.4106 -0.4899 -1.3809 -2.0152 -2.2357 -1.8552 -1.4499 -1.0002 -0.8931 -1.0236 -1.2059 -1.2850 -1.2766 -1.2284 -1.1590 -1.0893 -1.0437 -1.0563 -1.1663 -1.3661 -1.4939 -1.3886 -1.1428 -0.8123 -0.4541 -0.0698 0.4197 0.8774 1.0937 1.1901 1.4567 1.7244 1.9309 1.9153 1.5822 1.2429 1.0038 0.7362 0.5401 0.7696 1.1279 1.3358 1.4159 1.6865 2.1082 2.6017 3.0558 3.2214 3.1969 3.1727 3.1969 3.1500 2.9986 2.8698 2.8678 2.9655 3.1503 3.3831 3.6839 4.0781 4.1030 3.9074 3.7427 3.6905 3.6794 3.7288 3.8183 3.4124 2.9899 2.3515 1.3232 0.3655 -0.1213 -0.5509 -0.6272 -0.6139 -0.0971 0.4970 1.4212 2.3279 3.2431 3.7572 4.2107 4.5467 4.7067 4.7941 4.8506 4.9102 4.9937 5.0813 4.9695 4.4054 3.7035 2.8853 2.1381 1.2869 0.7583 0.2971 -0.0647 -0.2077 -0.0814 0.1630 0.4548 0.7765 1.0379 1.1695 1.2490 1.3254 1.3676 1.3300 1.2031 1.0915 1.2088 1.5909 1.9724 2.1691 1.9572 1.5908 1.1952 0.8931 0.7971 0.8138 0.8386 0.8379 0.8215 0.8067 0.8017 0.8081 0.8276 0.8654 0.9258 0.9985 1.0635 1.1075 1.1172 1.0554 0.7851 0.3364 -0.0389 -0.2129 -0.5084 -1.1251 -2.0467 -3.1077 -4.0582 -4.6846
0.4170 0.6952 0.3875 0.4110 0.7098 0.8056 0.7123 0.6491 0.8730 1.3061 1.7195 2.0268 2.4568 2.9913 3.2638 3.2932 3.3080 3.5153 3.7735 4.0764 4.3885 4.7320 5.1269 5.6181 5.7593 5.1552 4.4822 3.7848 3.2944 3.6201 4.1825 3.8548 3.4449 3.1568 2.8863 2.5526 1.9372 1.5825 1.4109 1.4782 1.5263 1.5608 1.5820 1.4570 1.2405 1.0872 0.5307 -0.2584 -1.1460 -1.8131 -2.0097 -1.6588 -1.2043 -0.8549 -0.9271 -1.1571 -1.3042 -1.3291 -1.2939 -1.2260 -1.1325 -1.0371 -0.9749 -0.9733 -1.0701 -1.2819 -1.4696 -1.3814 -1.1471 -0.9289 -0.5931 -0.2226 0.2479 0.7161 1.0810 1.1167 1.1418 1.3051 1.4022 1.2734 1.0085 0.8076 0.6931 0.4460 0.4382 0.7276 1.0715 1.2428 1.4532 1.8579 2.2954 2.6646 2.7816 2.7964 2.8826 3.0532 3.1470 3.0161 2.8234 2.7934 2.9165 3.1034 3.3426 3.6448 3.9760 4.1227 4.0427 3.8981 3.8071 3.8040 3.8507 3.9579 4.0740 3.4460 2.9962 2.3775 1.4441 0.5333 0.0134 -0.4371 -0.5046 -0.5085 -0.0312 0.5112 1.3342 2.1800 3.0206 3.5724 4.0657 4.4499 4.6366 4.7525 4.8390 4.9280 5.0395 5.1595 5.0807 4.4784 3.7403 2.9052 1.8978 1.1469 0.6067 0.2249 -0.0657 -0.0667 0.0748 0.2568 0.4708 0.7106 0.9823 1.2546 1.4473 1.5448 1.5531 1.4859 1.3600 1.2554 1.3779 1.7930 2.2670 2.5418 2.3432 2.0061 1.4972 1.1259 0.8600 0.7922 0.8151 0.8414 0.8480 0.8413 0.8317 0.8256 0.8257 0.8345 0.8578 0.9060 0.9767 1.0523 1.1109 1.1086 0.9516 0.5559 0.2415 0.1796 -0.1116 -0.8266 -1.7069 -2.6752 -3.6149 -4.1416
0.3058 0.6730 0.5155 0.3350 0.6329 0.7965 0.7171 0.6563 0.8886 1.2908 1.6266 1.8227 2.1839 2.6590 3.0577 3.0267 2.9676 3.1621 3.3966 3.6837 4.0172 4.4002 4.7414 5.2052 5.5846 5.0362 4.3874 3.7160 3.2287 3.5471 4.2404 3.8785 3.3962 2.9306 2.4725 2.0564 1.5393 1.0800 0.8842 0.9786 1.1419 1.2837 1.2673 1.1761 1.0557 1.0012 0.6498 -0.0597 -0.9040 -1.5728 -1.8320 -1.4631 -0.9781 -0.8282 -1.0152 -1.2627 -1.3669 -1.3704 -1.3254 -1.2363 -1.1121 -0.9934 -0.9178 -0.9029 -0.9810 -1.1893 -1.4317 -1.3802 -1.1371 -0.9343 -0.6578 -0.2907 0.0947 0.5542 0.9886 1.1376 1.0882 1.0015 0.9094 0.7219 0.5602 0.4881 0.2764 0.1089 0.2931 0.6553 1.1091 1.2545 1.5108 1.8891 2.2446 2.4033 2.4511 2.5409 2.7339 2.9379 2.9653 2.7443 2.5504 2.5741 2.7418 2.9595 3.2789 3.7012 4.0709 4.1389 4.0612 3.9744 3.9340 3.9483 4.0158 4.1699 4.2227 3.5306 2.9910 2.3655 1.5766 0.7515 0.2012 -0.2756 -0.4087 -0.4953 -0.0679 0.4218 1.1725 1.9618 2.7973 3.3505 3.8468 4.3169 4.5889 4.7332 4.8477 4.9619 5.0951 5.2385 5.2167 4.5475 3.8332 2.9764 2.1700 1.2615 0.7063 0.3516 0.1770 0.1845 0.2690 0.4010 0.5643 0.8169 1.1365 1.4687 1.6407 1.6731 1.6194 1.5069 1.3662 1.2884 1.4504 1.9144 2.4431 2.8350 2.6362 2.3225 1.8451 1.3954 1.0616 0.8548 0.8075 0.8257 0.8487 0.8597 0.8610 0.8588 0.8573 0.8559 0.8543 0.8644 0.9063 0.9800 1.0623 1.0992 0.9998 0.7291 0.5477 0.6611 0.5039 -0.4181 -1.2321 -2.2566 -3.1376 -3.6300
0.4175 0.5705 0.6556 0.3245 0.5076 0.7748 0.7682 0.6897 0.8371 1.2081 1.4752 1.6183 1.9737 2.4421 2.9435 3.0297 2.8931 2.8244 3.0310 3.2918 3.5911 3.9434 4.3620 4.7210 4.9756 4.8955 4.3505 3.7798 3.3356 3.4827 4.0472 3.9052 3.3601 2.8153 2.2360 1.6887 1.1658 0.7910 0.5077 0.4864 0.6744 0.9009 0.9186 0.8422 0.8290 0.8452 0.8755 0.0404 -0.6793 -1.3311 -1.6828 -1.3582 -0.9847 -0.8422 -1.0717 -1.3192 -1.4144 -1.4162 -1.3611 -1.2521 -1.1038 -0.9649 -0.8777 -0.8537 -0.9151 -1.1053 -1.3584 -1.3483 -1.0807 -0.8634 -0.6444 -0.3235 0.0313 0.4371 0.8195 1.0503 1.0464 0.8755 0.5598 0.3589 0.2144 0.0463 -0.1216 -0.1402 0.2719 0.7091 1.1130 1.1692 1.4711 1.8548 2.1736 2.3048 2.3348 2.3885 2.5162 2.6068 2.6484 2.4429 2.1887 2.1422 2.3885 2.6253 3.0536 3.5355 4.0934 4.2217 4.1738 4.1169 4.0774 4.0393 4.0140 4.1179 3.9513 3.4354 2.8205 2.2932 1.6781 0.9418 0.3821 -0.1073 -0.3457 -0.5230 -0.1673 0.2602 0.9603 1.7056 2.5370 3.0846 3.6356 4.1355 4.5351 4.7243 4.8684 5.0006 5.1468 5.3100 5.3774 4.7341 4.1304 3.3438 2.5395 1.6938 1.1295 0.7522 0.5839 0.5817 0.6532 0.7626 0.9680 1.2005 1.4898 1.7137 1.7576 1.7293 1.6431 1.4792 1.3047 1.2528 1.4732 1.9630 2.5246 3.0167 2.9701 2.5420 2.1601 1.6570 1.3125 1.0442 0.8876 0.8397 0.8401 0.8506 0.8581 0.8635 0.8701 0.8770 0.8751 0.8646 0.8694 0.9162 0.9931 1.0430 0.9898 0.8433 0.8563 1.0727 0.9383 -0.0261 -0.9435 -1.7552 -2.5658 -2.9686
0.7068 0.5106 0.6569 0.4518 0.4067 0.7069 0.8214 0.7497 0.7767 1.0696 1.3237 1.4575 1.7781 2.2690 2.7331 2.9842 2.9906 2.8537 2.7500 2.9180 3.1880 3.4916 3.8283 4.1550 4.4004 4.6140 4.2547 3.8615 3.6744 3.8097 4.0446 4.1023 3.5476 2.9618 2.1670 1.4599 0.7247 0.2897 0.1038 0.0124 -0.0045 0.2167 0.4105 0.3992 0.4263 0.5839 0.7159 0.1148 -0.5554 -1.2131 -1.6567 -1.4012 -1.0440 -0.8550 -1.0709 -1.3336 -1.4433 -1.4473 -1.3879 -1.2675 -1.1044 -0.9533 -0.8580 -0.8287 -0.8823 -1.0554 -1.2784 -1.2550 -0.9543 -0.7196 -0.5404 -0.3026 -0.0013 0.3371 0.6498 0.8257 0.7603 0.4768 0.2212 0.0003 -0.1781 -0.3471 -0.5057 -0.1645 0.2463 0.9039 0.9204 1.0260 1.4249 1.8518 2.1908 2.2899 2.2360 2.1584 2.0906 2.1267 2.2327 2.1804 1.8565 1.6868 1.9048 2.2844 2.7018 3.2294 3.8029 4.3345 4.3367 4.2760 4.1852 4.0283 3.8635 3.8725 3.6547 3.2237 2.6365 2.2415 1.7396 1.0512 0.5206 0.0699 -0.2485 -0.3409 -0.1159 0.2744 0.7869 1.4375 2.2443 2.8389 3.4217 3.9393 4.3937 4.7201 4.8912 5.0385 5.1900 5.3654 5.4957 5.0109 4.4046 3.6624 3.1140 2.5618 1.9841 1.4848 1.2662 1.2548 1.2983 1.3774 1.5123 1.6623 1.7930 1.8315 1.8557 1.8443 1.7139 1.4695 1.2522 1.2243 1.5067 2.0113 2.5860 3.1217 3.2206 2.7866 2.4346 1.9777 1.5806 1.3106 1.1034 0.9680 0.9038 0.8770 0.8629 0.8560 0.8562 0.8655 0.8744 0.8671 0.8524 0.8669 0.9134 0.9418 0.9121 0.9034 1.1306 1.4031 1.2175 0.5876 -0.4572 -1.1647 -1.6634 -2.0545
0.9528 0.5942 0.5532 0.5848 0.3949 0.6234 0.8322 0.8096 0.7460 0.9297 1.1868 1.3323 1.6250 2.0906 2.5300 2.8004 2.9314 2.9377 2.8130 2.7015 2.8255 3.1057 3.4148 3.7420 4.0461 4.2925 4.2504 4.0680 4.0955 4.1869 4.3721 4.6039 3.8313 3.1422 2.4182 1.3808 0.4154 -0.1368 -0.3333 -0.4971 -0.5981 -0.4344 -0.2411 -0.1881 -0.0628 0.1183 0.2816 -0.0339 -0.6732 -1.2668 -1.7496 -1.5211 -1.1765 -0.8712 -1.0187 -1.2941 -1.4328 -1.4528 -1.3964 -1.2758 -1.1135 -0.9615 -0.8644 -0.8356 -0.8928 -1.0494 -1.2102 -1.0748 -0.7702 -0.5291 -0.3834 -0.2174 0.0113 0.2625 0.4617 0.5165 0.3260 0.1173 -0.0962 -0.3153 -0.5294 -0.5866 -0.5616 -0.1229 0.3388 0.7029 0.6454 0.9065 1.3613 1.8314 2.1760 2.2235 2.0709 1.8269 1.6182 1.5329 1.6678 1.7977 1.6216 1.2849 1.3188 1.7212 2.3090 2.8182 3.4024 4.0000 4.4597 4.3978 4.2381 3.9767 3.7138 3.6588 3.3855 2.9816 2.4316 2.2642 1.7500 1.2085 0.5892 0.2138 0.0091 0.0144 0.2210 0.6312 0.9870 1.2971 2.0055 2.5647 3.1542 3.7055 4.1393 4.5205 4.8619 5.0683 5.2459 5.4194 5.5906 5.3458 4.7686 4.3735 3.7872 3.2142 2.7672 2.3171 1.9042 1.8224 1.8232 1.8528 1.9095 1.9758 2.0620 2.1550 2.1991 2.1093 1.8714 1.5143 1.2592 1.2505 1.5735 2.1110 2.6624 3.0920 3.3819 3.0516 2.6681 2.2735 1.8694 1.6083 1.3953 1.2249 1.1008 1.0135 0.9493 0.8978 0.8582 0.8388 0.8374 0.8374 0.8269 0.8302 0.8484 0.8312 0.8057 1.0157 1.4244 1.7356 1.5680 1.1087 0.6316 -0.1080 -0.6733 -1.1329
1.1037 0.7692 0.4804 0.5868 0.4393 0.5962 0.8091 0.8417 0.7468 0.8180 1.0641 1.2470 1.5219 1.9570 2.3998 2.6112 2.7505 2.8447 2.8279 2.7250 2.6690 2.8258 3.1748 3.5344 3.9106 4.2133 4.3186 4.4205 4.5195 4.6915 4.6414 4.4182 3.9317 3.3051 2.6047 1.3976 0.2106 -0.3502 -0.8038 -1.0082 -1.1909 -1.1511 -0.9662 -0.9013 -0.7136 -0.5008 -0.2857 -0.4676 -0.9167 -1.4916 -1.9362 -1.7027 -1.3525 -0.9094 -0.9396 -1.2024 -1.3776 -1.4232 -1.3809 -1.2746 -1.1310 -0.9938 -0.9035 -0.8863 -0.9527 -1.0759 -1.0774 -0.8174 -0.5500 -0.3070 -0.2042 -0.0981 0.0501 0.1929 0.2603 0.1948 -0.0115 -0.2053 -0.3731 -0.4778 -0.5430 -0.6731 -0.5523 -0.1662 0.3526 0.3744 0.4049 0.7241 1.1598 1.6994 2.0772 2.1102 1.8888 1.5321 1.1838 0.9532 0.9856 1.2159 1.2999 1.0624 0.8296 1.0924 1.7130 2.4148 2.9724 3.5849 4.1827 4.4413 4.2659 3.9512 3.6269 3.5247 3.1859 2.7505 2.2656 2.2327 1.7494 1.2585 0.7501 0.4879 0.3746 0.4090 0.6815 1.0845 1.4541 1.6888 1.8954 2.4120 2.9378 3.4629 3.9216 4.3049 4.6782 5.0664 5.3272 5.5101 5.6594 5.7660 5.3676 4.9129 4.5541 3.9750 3.4927 3.1619 2.8208 2.4581 2.4136 2.4210 2.4746 2.5581 2.6509 2.7046 2.6531 2.4425 2.0456 1.6260 1.3393 1.3389 1.6582 2.2045 2.6810 3.1338 3.5229 3.3068 2.8948 2.6190 2.2544 1.9173 1.6952 1.5137 1.3645 1.2370 1.1249 1.0214 0.9255 0.8478 0.8010 0.7908 0.7983 0.8342 0.8753 0.8459 0.8648 1.2476 1.7876 2.2224 2.2379 2.0124 1.6785 1.3138 0.9053 0.4786
1.2431 0.8959 0.5403 0.5287 0.4442 0.6047 0.7943 0.8454 0.7502 0.7475 0.9724 1.1891 1.4777 1.9134 2.3435 2.4964 2.5994 2.6986 2.7418 2.7294 2.7312 2.9258 3.2794 3.6325 4.0031 4.2878 4.4756 4.6833 4.8477 4.8412 4.6347 4.2172 3.7302 3.1366 2.4903 1.4099 0.1525 -0.5251 -1.0869 -1.4772 -1.6784 -1.7611 -1.6275 -1.6057 -1.4793 -1.2513 -1.0315 -1.1170 -1.4065 -1.7551 -2.1254 -1.9364 -1.5383 -1.0468 -0.8752 -1.0718 -1.2721 -1.3526 -1.3380 -1.2607 -1.1506 -1.0432 -0.9785 -0.9824 -1.0400 -1.0237 -0.8014 -0.5524 -0.2791 -0.0784 -0.0195 0.0339 0.0845 0.0996 0.0560 -0.0662 -0.2319 -0.3796 -0.4758 -0.5388 -0.5730 -0.7566 -0.5750 -0.2097 0.0737 0.0959 0.2086 0.5504 0.9135 1.4157 1.8093 1.9733 1.7265 1.3256 0.8827 0.4314 0.2671 0.5375 0.7647 0.8291 0.6201 0.6417 0.9862 1.7840 2.5945 3.1416 3.7798 4.3745 4.2844 3.9413 3.5923 3.4429 3.1241 2.5472 2.1282 2.1751 1.7684 1.3532 0.9284 0.7995 0.8117 0.9027 1.0513 1.3092 1.7392 2.2438 2.4678 2.6841 3.1523 3.6274 4.0164 4.3727 4.7308 5.0765 5.4058 5.6187 5.7481 5.8420 5.9121 5.5684 5.1340 4.7371 4.3097 3.9861 3.6318 3.5391 3.4407 3.4085 3.4107 3.4285 3.4293 3.3370 3.1497 2.8415 2.2833 1.7966 1.4806 1.4742 1.7603 2.2649 2.7271 3.1742 3.6420 3.6594 3.2493 2.9280 2.6636 2.2790 2.0072 1.7749 1.5966 1.4533 1.3178 1.1874 1.0619 0.9423 0.8567 0.8271 0.8560 0.9741 1.1308 1.1791 1.1801 1.5218 2.0967 2.6187 2.7229 2.6171 2.5140 2.2956 1.9985 1.7008
1.3479 1.0016 0.6115 0.4860 0.3985 0.5931 0.8092 0.8335 0.7384 0.7049 0.9175 1.1475 1.4829 1.9392 2.3452 2.4494 2.5241 2.6170 2.6971 2.7734 2.9013 3.1495 3.4666 3.8318 4.1511 4.3774 4.6161 4.7990 4.8596 4.7908 4.5061 4.0922 3.5469 2.8920 2.2083 1.1058 -0.1044 -0.8007 -1.3922 -1.7874 -2.1102 -2.2102 -2.1265 -2.1605 -2.1680 -2.0482 -1.8969 -1.9129 -2.0668 -2.2210 -2.3112 -2.1626 -1.7543 -1.2719 -0.8583 -0.9369 -1.1222 -1.2371 -1.2628 -1.2273 -1.1627 -1.1012 -1.0756 -1.0822 -1.0042 -0.7638 -0.4706 -0.2269 0.0492 0.1375 0.1652 0.1440 0.0675 -0.0258 -0.1192 -0.2304 -0.3667 -0.4966 -0.6015 -0.6034 -0.6725 -0.8097 -0.6605 -0.3567 -0.1595 -0.0928 0.0090 0.2956 0.5632 0.9339 1.4221 1.7738 1.6254 1.1673 0.6473 0.1959 -0.1345 -0.1421 0.1212 0.3479 0.4561 0.3932 0.6421 1.1439 1.9821 2.8640 3.3941 3.9564 4.2808 3.9627 3.6034 3.3793 3.1236 2.4884 2.0320 2.1123 1.8081 1.4948 1.1742 1.0511 1.1503 1.3061 1.4478 1.6383 1.9376 2.4431 2.8922 3.1728 3.5672 4.0269 4.3404 4.5903 4.9077 5.2636 5.5254 5.6963 5.8363 5.9312 5.9832 6.0333 5.8155 5.4331 5.0557 4.7054 4.4054 4.1113 3.9987 4.0116 3.9850 3.9658 3.9224 3.7732 3.5211 3.1606 2.6230 2.0391 1.6699 1.6256 1.8681 2.3153 2.7956 3.2274 3.7233 3.8434 3.6072 3.2965 3.0447 2.7506 2.3772 2.0582 1.7937 1.6002 1.4583 1.3330 1.2153 1.1155 1.0685 1.0431 1.1181 1.3092 1.5165 1.6174 1.5840 1.7998 2.2959 2.7788 2.9848 3.0892 3.1068 2.9010 2.6344 2.3809
1.3648 1.0264 0.6639 0.4721 0.3452 0.5705 0.8384 0.8147 0.7074 0.6696 0.8787 1.1195 1.5120 1.9954 2.3407 2.4200 2.5070 2.6242 2.7420 2.8579 3.0226 3.2847 3.5992 3.9127 4.2190 4.5309 4.7380 4.7817 4.6176 4.3735 4.0551 3.6947 3.2127 2.6751 1.9079 0.8456 -0.2921 -1.0794 -1.6773 -2.0935 -2.1806 -2.1750 -2.2718 -2.5087 -2.7044 -2.7655 -2.7641 -2.7755 -2.7965 -2.7341 -2.4950 -2.4088 -1.9763 -1.5048 -0.9790 -0.8520 -0.9569 -1.0802 -1.1512 -1.1707 -1.1618 -1.1516 -1.1427 -1.0159 -0.7412 -0.4221 -0.1653 0.1126 0.2923 0.3489 0.3235 0.1704 -0.0179 -0.1547 -0.2655 -0.3912 -0.5295 -0.6576 -0.6968 -0.6834 -0.7631 -0.8531 -0.7518 -0.5422 -0.3487 -0.2220 -0.1349 -0.0068 0.2646 0.4754 0.7702 1.3078 1.4734 1.0454 0.4869 0.0154 -0.4160 -0.5246 -0.3093 -0.0697 0.1727 0.1967 0.4142 0.7741 1.3775 2.2088 3.1515 3.6084 4.2098 4.0650 3.6240 3.3402 3.1725 2.5911 2.0224 2.0243 1.8353 1.5702 1.4182 1.3574 1.4249 1.5886 1.8940 2.1682 2.3861 2.6367 3.0696 3.4729 3.8481 4.3963 4.7957 4.9054 5.1178 5.4291 5.6429 5.7535 5.8451 5.9872 6.1217 6.1320 6.0922 5.9891 5.6063 5.2608 5.0867 4.9048 4.7378 4.5343 4.4754 4.4301 4.3530 4.1491 3.8442 3.3923 2.9685 2.3220 1.9413 1.7936 1.9849 2.4043 2.8465 3.2773 3.7723 3.9121 3.8249 3.6812 3.4176 3.1605 2.8231 2.4119 2.0691 1.7956 1.6034 1.4820 1.4082 1.3794 1.3684 1.3845 1.4621 1.6448 1.8847 2.0410 1.9554 1.9632 2.2969 2.6402 2.7748 2.9222 3.1236 3.2110 3.0673 2.7136
1.2427 0.9897 0.6722 0.4516 0.2886 0.5769 0.8721 0.7914 0.6618 0.6541 0.8392 1.0871 1.5223 1.9929 2.2493 2.3697 2.5318 2.6970 2.8012 2.8607 2.9616 3.1835 3.5345 3.8919 4.3079 4.5593 4.6197 4.3597 4.1005 3.8388 3.5328 3.0768 2.5921 2.0969 1.1788 0.3417 -0.6753 -1.3875 -2.0086 -2.3548 -2.3607 -2.4907 -2.5959 -2.7691 -3.1024 -3.3281 -3.4887 -3.5313 -3.4251 -3.2548 -2.9035 -2.6267 -2.2349 -1.7809 -1.2870 -0.8711 -0.8548 -0.9236 -1.0130 -1.0913 -1.1445 -1.1679 -1.0900 -0.7564 -0.4099 -0.1256 0.1878 0.4339 0.5142 0.5406 0.3743 0.0883 -0.1299 -0.2902 -0.4454 -0.5922 -0.7134 -0.7643 -0.7630 -0.7697 -0.8385 -0.8993 -0.8557 -0.7277 -0.5684 -0.3860 -0.2294 -0.1244 -0.0746 0.1276 0.3576 0.6398 1.1064 0.9016 0.3502 -0.1316 -0.5858 -0.9068 -0.6564 -0.4185 -0.1686 -0.0949 0.1806 0.5627 1.0172 1.7722 2.7099 3.3947 3.8837 4.1221 3.7143 3.3638 3.2470 2.7675 2.1891 1.8874 1.8422 1.5715 1.4341 1.4579 1.5451 1.7317 2.1828 2.7436 2.9394 2.9539 3.2265 3.6050 4.0490 4.5214 5.0217 4.9299 5.0219 5.2932 5.5348 5.6586 5.7324 5.8711 6.0691 6.3481 6.3297 6.0776 5.5946 5.1340 4.8419 4.6303 4.5778 4.7528 4.7677 4.7529 4.6721 4.4590 4.1031 3.7419 3.3758 2.8597 2.3474 2.0755 2.1034 2.4907 2.9129 3.3398 3.8215 3.9130 3.8189 3.7371 3.6704 3.4814 3.2012 2.8606 2.4461 2.1155 1.8955 1.7553 1.6932 1.6820 1.6940 1.7261 1.7954 1.9310 2.1227 2.2405 2.1450 2.0294 2.1605 2.4131 2.4934 2.5493 2.7565 2.9882 3.1534 3.0199
1.0515 0.9334 0.6354 0.3766 0.2478 0.6372 0.9011 0.7531 0.6165 0.6604 0.7847 1.0148 1.4307 1.8146 2.0483 2.3208 2.6102 2.7581 2.7598 2.7732 2.9348 3.2392 3.5682 3.9123 4.2223 4.3102 4.0481 3.7452 3.4939 3.1022 2.7949 2.4043 1.7836 1.0544 -0.0367 -0.5862 -1.0906 -1.7674 -2.3499 -2.7188 -2.8482 -2.9153 -2.9985 -3.0969 -3.3492 -3.6983 -3.9744 -4.0630 -3.8885 -3.5706 -3.1737 -2.8126 -2.5183 -2.0651 -1.6140 -1.1578 -0.8805 -0.8454 -0.8926 -1.0002 -1.1152 -1.1490 -0.9136 -0.5021 -0.1269 0.2278 0.5451 0.6424 0.7106 0.6216 0.2858 -0.0387 -0.2552 -0.4639 -0.6523 -0.7707 -0.8168 -0.8221 -0.8241 -0.8458 -0.8940 -0.9349 -0.9283 -0.8751 -0.7796 -0.6464 -0.4783 -0.3003 -0.1505 -0.1323 0.0111 0.2374 0.5805 0.7843 0.2085 -0.2438 -0.7226 -1.1332 -0.9656 -0.6523 -0.4776 -0.3820 -0.0453 0.3811 0.7986 1.3905 2.3010 3.1674 3.6820 4.1202 3.8266 3.4644 3.1967 2.9587 2.3996 1.8955 1.7677 1.5831 1.3796 1.3622 1.4846 1.7987 2.4051 2.9382 3.4292 3.2130 3.2931 3.6564 4.0938 4.5651 5.0607 4.9201 4.9006 5.0234 5.1883 5.2850 5.3455 5.4269 5.6214 5.7752 5.8656 5.7304 5.3087 4.7410 4.3388 4.1010 3.9880 4.0042 4.2352 4.4606 4.7705 4.7203 4.4119 4.0538 3.6663 3.3147 2.9186 2.6014 2.3806 2.5505 2.9589 3.3589 3.7748 3.8672 3.8259 3.8040 3.7839 3.7181 3.4610 3.1473 2.8517 2.5288 2.2594 2.1020 2.0181 2.0002 2.0077 2.0322 2.0770 2.1506 2.2584 2.3361 2.2823 2.1443 2.1219 2.2909 2.3547 2.3280 2.4431 2.6383 2.8414 2.8458
0.9915 0.8241 0.5027 0.2234 0.2766 0.7594 0.9053 0.7094 0.6204 0.6903 0.7286 0.8823 1.2390 1.4841 1.8563 2.3292 2.7257 2.7323 2.6820 2.8797 3.2077 3.4360 3.7581 4.0966 4.1958 3.7828 3.3923 3.0508 2.7681 2.3346 1.7721 1.0945 0.3646 -0.3274 -0.8873 -1.2402 -1.6039 -2.2275 -2.7427 -3.0923 -3.2649 -3.3424 -3.3974 -3.4298 -3.5258 -3.8286 -4.1408 -4.3569 -4.1758 -3.8029 -3.4162 -3.0129 -2.8122 -2.3828 -1.9112 -1.5090 -1.1366 -0.9010 -0.8452 -0.9323 -1.0930 -1.1078 -0.7343 -0.3154 0.1446 0.5465 0.7142 0.7876 0.8126 0.5195 0.1589 -0.1547 -0.4125 -0.6610 -0.8129 -0.8635 -0.8727 -0.8740 -0.8850 -0.9037 -0.9296 -0.9493 -0.9475 -0.9224 -0.8753 -0.8193 -0.7456 -0.6357 -0.4538 -0.2647 -0.2249 -0.0508 0.2215 0.6292 0.1927 -0.2540 -0.7457 -1.1925 -1.1467 -0.8067 -0.7220 -0.6359 -0.2410 0.2161 0.6594 1.1217 1.9497 2.8554 3.4780 3.9955 3.9540 3.5242 3.1706 2.9694 2.5933 2.0868 1.7195 1.5940 1.4263 1.4013 1.5444 1.9033 2.5841 3.0856 3.7341 3.3046 3.3530 3.7249 4.1807 4.6626 5.0915 4.9364 4.8491 4.8452 4.8826 4.9355 4.9847 5.0506 5.1786 5.3163 5.3138 5.0906 4.7775 4.2722 3.7469 3.5187 3.3623 3.4723 3.6845 3.9008 4.1812 4.4781 4.6823 4.3775 4.0108 3.6566 3.3380 3.1114 2.9295 2.9099 3.0397 3.3737 3.6752 3.7749 3.7902 3.8551 3.9168 3.8776 3.7431 3.4287 3.0957 2.8521 2.5952 2.4235 2.3208 2.2861 2.2808 2.2921 2.3138 2.3449 2.3845 2.4088 2.3809 2.2851 2.1726 2.2699 2.3426 2.3013 2.3451 2.4832 2.6184 2.5322
0.7428 0.5219 0.2784 0.1221 0.4147 0.8706 0.8602 0.6769 0.6744 0.7544 0.7172 0.7804 0.9700 1.2948 1.8363 2.4859 2.8486 2.7136 2.8100 3.0666 3.4526 3.8208 4.2020 3.9780 3.5184 3.1042 2.7482 2.2428 1.6579 0.8922 0.3091 -0.3275 -0.8986 -1.2950 -1.5769 -2.0065 -2.2549 -2.6090 -3.0622 -3.3802 -3.5920 -3.6455 -3.6379 -3.5190 -3.4160 -3.5727 -3.8622 -4.0274 -4.2115 -4.0056 -3.6430 -3.3432 -3.0621 -2.7246 -2.2719 -1.8390 -1.4929 -1.1935 -0.9246 -0.9269 -1.1045 -1.0736 -0.6452 -0.1614 0.2829 0.6428 0.7679 0.8464 0.7773 0.3641 0.0088 -0.2922 -0.5946 -0.8201 -0.9091 -0.9295 -0.9339 -0.9366 -0.9407 -0.9438 -0.9484 -0.9457 -0.9311 -0.8985 -0.8485 -0.7965 -0.7658 -0.7565 -0.7233 -0.5676 -0.3461 -0.2913 -0.0662 0.4823 0.3129 -0.1566 -0.6569 -1.1107 -1.0960 -0.8508 -0.9077 -0.8213 -0.4000 0.0544 0.5188 0.9916 1.7961 2.5999 3.2031 3.6427 3.8981 3.5401 3.1551 2.7334 2.5399 2.1792 1.8169 1.6346 1.4970 1.4600 1.6165 2.0017 2.6963 3.1973 3.7277 3.2655 3.4104 3.8054 4.2941 4.7890 5.1063 4.9494 4.8344 4.7926 4.8096 4.8563 4.9024 4.9331 4.9369 4.9205 4.8442 4.6254 4.2851 3.8029 3.3161 2.8996 2.6628 2.8676 3.1114 3.3708 3.6502 3.9038 4.2274 4.5592 4.3748 4.0551 3.8257 3.5867 3.3529 3.3949 3.4348 3.5827 3.7340 3.7465 3.7209 3.8017 3.9696 4.0240 3.9058 3.6863 3.3645 3.0895 2.8363 2.6569 2.5559 2.5130 2.5021 2.5030 2.5063 2.5092 2.5051 2.4810 2.4452 2.3929 2.2699 2.2897 2.3702 2.3431 2.3942 2.5468 2.6888 2.6054
0.3017 0.2625 0.1453 0.1943 0.5524 0.8964 0.7642 0.6527 0.7473 0.8241 0.7652 0.7381 0.8570 1.2426 1.9223 2.6731 2.9829 2.8161 2.9869 3.3762 3.8368 3.8331 3.6496 3.2710 2.9829 2.4678 1.7435 0.7914 0.0890 -0.5294 -1.0176 -1.3169 -1.7810 -2.0299 -2.4059 -2.6787 -2.8705 -3.0787 -3.3044 -3.4435 -3.7110 -3.8479 -3.8869 -3.7806 -3.4912 -3.3072 -3.4862 -3.6967 -3.9368 -4.1492 -3.9069 -3.6117 -3.3801 -3.0226 -2.6177 -2.1888 -1.8267 -1.5766 -1.2930 -1.0353 -1.1781 -1.1212 -0.6796 -0.1912 0.2468 0.5762 0.7118 0.7817 0.5529 0.1722 -0.1573 -0.4721 -0.7857 -0.9288 -0.9992 -1.0173 -1.0211 -1.0103 -0.9920 -0.9732 -0.9531 -0.9327 -0.9075 -0.8696 -0.8142 -0.7484 -0.6935 -0.6802 -0.7200 -0.7427 -0.5603 -0.3445 -0.1290 0.2656 0.5418 -0.0033 -0.4882 -0.9589 -0.9293 -0.8596 -1.0687 -0.8850 -0.4665 -0.0226 0.4290 0.9142 1.7181 2.4010 3.0026 3.4071 3.6546 3.4256 3.0163 2.5517 2.2098 2.0308 1.8709 1.7289 1.5750 1.5061 1.6827 2.1400 2.8197 3.3104 3.5858 3.1910 3.4787 3.8984 4.4172 4.9250 5.1021 4.9455 4.8187 4.7713 4.8432 4.9895 5.1389 5.2323 5.2540 5.1968 5.0249 4.5495 4.0835 3.5784 3.0607 2.5144 2.2822 2.3285 2.5537 2.8404 3.1078 3.3665 3.6475 3.9592 4.3151 4.2288 4.0402 4.0389 4.1191 3.8931 3.8474 3.8494 3.7727 3.6460 3.5751 3.6540 3.8922 4.1107 4.0531 3.8356 3.5388 3.2424 3.0003 2.8283 2.7348 2.7005 2.6924 2.6893 2.6786 2.6583 2.6225 2.5575 2.4919 2.4880 2.3940 2.3510 2.4081 2.3929 2.4895 2.7581 2.9546 2.9885
0.1904 0.1751 0.1073 0.2097 0.6044 0.7422 0.5982 0.5944 0.7399 0.7872 0.7100 0.6050 0.8176 1.2150 1.8808 2.6521 3.0748 2.9709 3.1352 3.1701 3.0756 3.1722 3.0874 2.8509 2.2485 1.2304 0.4864 -0.3841 -0.9153 -1.4098 -1.7915 -2.2070 -2.5284 -2.9337 -3.2291 -3.2937 -3.2909 -3.4062 -3.4804 -3.7371 -4.0326 -4.1042 -4.1019 -4.0287 -3.7297 -3.3703 -3.2401 -3.3165 -3.6220 -3.9117 -3.9946 -3.7465 -3.5724 -3.2718 -2.8982 -2.5154 -2.2027 -1.9371 -1.7237 -1.4284 -1.3431 -1.3053 -0.9011 -0.3861 0.0594 0.3786 0.5518 0.5837 0.2780 -0.0277 -0.3628 -0.6748 -0.9362 -1.0413 -1.1228 -1.1474 -1.1379 -1.0956 -1.0491 -1.0008 -0.9590 -0.9264 -0.8971 -0.8631 -0.8163 -0.7557 -0.6905 -0.6404 -0.6512 -0.7275 -0.6701 -0.4029 -0.1948 0.1966 0.7267 0.2047 -0.3025 -0.7876 -0.7483 -0.9158 -1.1539 -0.8396 -0.4570 -0.0597 0.3834 0.8979 1.7266 2.3127 2.7704 3.1213 3.3211 3.2261 2.8473 2.4041 2.0311 1.8349 1.8517 1.8156 1.6414 1.5495 1.8038 2.3383 2.7644 3.5974 3.3717 3.1730 3.5528 4.0022 4.4830 5.1267 5.0993 4.9342 4.7773 4.6859 4.7785 4.9454 5.1072 5.2074 5.2286 5.1588 4.9231 4.5386 4.0807 3.5717 3.1019 2.6310 2.2306 2.0638 2.0946 2.2996 2.5837 2.8768 3.1212 3.4086 3.6891 3.9392 3.9748 3.8303 4.0059 4.3404 4.2119 3.9130 3.7059 3.5139 3.4118 3.4886 3.7263 4.1016 4.1911 3.9850 3.6679 3.3642 3.1370 2.9802 2.9006 2.8840 2.8888 2.8873 2.8663 2.8230 2.7549 2.6488 2.5449 2.5557 2.5478 2.4622 2.4675 2.4432 2.6793 3.0451 3.2924 3.5735
-0.1720 -0.2014 -0.0675 0.0586 0.2511 0.3242 0.3490 0.4577 0.5843 0.4698 0.3215 0.3550 0.7429 1.1654 1.7662 2.4643 2.9884 2.9249 2.6731 2.5766 2.6188 2.7530 2.6565 2.1942 1.2804 0.5674 -0.4125 -1.1887 -1.6579 -2.2296 -2.6368 -3.0460 -3.3983 -3.6992 -3.8125 -3.7417 -3.6760 -3.7820 -3.8795 -4.0633 -4.2197 -4.1834 -4.1187 -4.0346 -3.8059 -3.5284 -3.2971 -3.1715 -3.3472 -3.5894 -3.6261 -3.4796 -3.2750 -3.2514 -3.1063 -2.7997 -2.5476 -2.3274 -2.0741 -1.8652 -1.7516 -1.5313 -1.1176 -0.6394 -0.2666 0.0138 0.1829 0.1412 -0.0958 -0.3322 -0.6163 -0.9062 -1.0658 -1.1850 -1.2986 -1.3172 -1.2788 -1.2022 -1.1192 -1.0456 -0.9898 -0.9475 -0.9145 -0.8827 -0.8431 -0.7919 -0.7304 -0.6632 -0.6294 -0.6907 -0.7186 -0.4550 -0.2249 0.1571 0.8640 0.3629 -0.1601 -0.6522 -0.6555 -1.0365 -1.1392 -0.7772 -0.3972 -0.0153 0.3767 1.1137 1.8687 2.3718 2.7174 2.9651 3.1098 3.0738 2.8587 2.5345 2.2141 1.9456 1.9137 1.8791 1.6884 1.6221 2.0551 2.5773 3.0005 3.6320 3.1830 3.2343 3.6412 4.1345 4.6401 5.1786 5.1254 4.9316 4.6994 4.5109 4.5287 4.6007 4.6921 4.7572 4.7649 4.7009 4.5696 4.3908 4.0342 3.6499 3.2292 2.8458 2.4670 2.1438 1.9587 1.9531 2.1093 2.3838 2.6657 2.9668 3.1892 3.4129 3.6100 3.5554 3.6526 4.0281 4.2532 3.8336 3.6016 3.4974 3.3778 3.4024 3.6042 3.9641 4.2961 4.1503 3.8114 3.4895 3.2655 3.1318 3.0722 3.0743 3.0980 3.1041 3.0772 3.0136 2.9105 2.7654 2.6271 2.6486 2.7006 2.6289 2.5904 2.6236 2.9658 3.3772 3.7121 4.2752
-0.8076 -0.6378 -0.4835 -0.3394 -0.1772 -0.0726 0.0813 0.2810 0.2709 0.0952 -0.0331 0.2468 0.6510 1.0783 1.5767 2.1496 2.4160 2.3166 2.0609 1.9084 2.0455 2.1949 1.9608 1.4831 0.8344 -0.2833 -1.1636 -1.7586 -2.5017 -3.0149 -3.3770 -3.7951 -4.0299 -4.2252 -4.2124 -4.0654 -4.0508 -4.1606 -4.2340 -4.2600 -4.2071 -4.0466 -3.8779 -3.7880 -3.7317 -3.6586 -3.4721 -3.1599 -3.0210 -3.2239 -3.2271 -3.1004 -2.9065 -3.0104 -3.1247 -3.0079 -2.8381 -2.6850 -2.5150 -2.3258 -2.1593 -1.9122 -1.5221 -1.1135 -0.7520 -0.5207 -0.3154 -0.3570 -0.5576 -0.7438 -0.9484 -1.1347 -1.2179 -1.3879 -1.5194 -1.5235 -1.4417 -1.3272 -1.2147 -1.1291 -1.0664 -1.0204 -0.9835 -0.9465 -0.9018 -0.8491 -0.7840 -0.7089 -0.6517 -0.6803 -0.7296 -0.4885 -0.2527 0.1149 0.9076 0.4326 -0.1010 -0.5991 -0.6936 -1.2001 -1.0523 -0.6586 -0.2200 0.1931 0.6697 1.3760 2.0716 2.5639 2.8453 3.0186 3.1353 3.1605 3.0678 2.8225 2.4925 2.1567 1.9998 1.8923 1.7255 1.7833 2.2894 2.7718 3.2713 3.6056 3.1039 3.3372 3.7551 4.2698 4.7812 5.2676 5.1987 4.9315 4.5844 4.3175 4.2731 4.2923 4.3510 4.3981 4.3833 4.3141 4.2001 4.0626 3.9170 3.6593 3.2977 2.9648 2.6486 2.3391 2.0772 1.9033 1.8681 1.9720 2.1792 2.4687 2.7370 2.9864 3.1780 3.1638 3.3788 3.7050 4.1044 3.6342 3.4589 3.5267 3.4962 3.4607 3.5111 3.8377 4.3189 4.3178 3.9804 3.6523 3.3831 3.2608 3.2192 3.2330 3.2677 3.2827 3.2579 3.1818 3.0551 2.8871 2.7360 2.7684 2.8573 2.8301 2.8121 2.9936 3.2811 3.7653 4.1719 4.7611
-1.2605 -1.0816 -0.8963 -0.7291 -0.6263 -0.4792 -0.1707 0.1057 -0.0837 -0.2517 -0.0384 0.2981 0.5792 0.9388 1.2792 1.3997 1.4313 1.4131 1.3220 1.4566 1.7845 1.6267 1.2580 0.8680 -0.1707 -1.1064 -1.7667 -2.5804 -3.1256 -3.6381 -4.0175 -4.2846 -4.5032 -4.6294 -4.5752 -4.4260 -4.4115 -4.5058 -4.4146 -4.1480 -3.8369 -3.6565 -3.4434 -3.4120 -3.4474 -3.6105 -3.6299 -3.2720 -2.8485 -2.7206 -2.8095 -2.7941 -2.8085 -3.0501 -3.2631 -3.1706 -3.0441 -3.0462 -2.9195 -2.7861 -2.6054 -2.3786 -2.0614 -1.7201 -1.4464 -1.1659 -0.9179 -0.9381 -1.0653 -1.1863 -1.3058 -1.2881 -1.4562 -1.6522 -1.7419 -1.7114 -1.6058 -1.4734 -1.3537 -1.2617 -1.2001 -1.1650 -1.1356 -1.1004 -1.0398 -0.9630 -0.8768 -0.7868 -0.7120 -0.7089 -0.7367 -0.5179 -0.2998 0.0483 0.8286 0.3879 -0.1625 -0.7030 -0.8739 -1.3043 -0.9590 -0.5111 -0.0287 0.4882 1.0499 1.6066 2.2415 2.7348 2.9966 3.1014 3.1924 3.2496 3.1879 2.9527 2.5524 2.1859 1.9814 1.8659 1.7820 2.0126 2.5120 3.0140 3.5598 3.5754 3.1469 3.4675 3.9226 4.4259 4.9380 5.4052 5.2620 4.8335 4.4754 4.2224 4.1340 4.1038 4.0806 4.0108 3.9533 3.8673 3.7656 3.6415 3.4572 3.1930 2.8917 2.5963 2.3522 2.0427 1.8752 1.8177 1.7718 1.7988 1.9044 2.0776 2.2623 2.4776 2.6694 2.7308 3.0189 3.4002 3.7922 3.3932 3.3215 3.5094 3.6676 3.6648 3.5983 3.7794 4.1698 4.4296 4.1631 3.8134 3.5378 3.3670 3.3158 3.3211 3.3492 3.3633 3.3361 3.2566 3.1272 2.9651 2.8472 2.8963 3.0130 3.0584 3.1880 3.4003 3.7282 4.0718 4.5763 4.8991
-1.6632 -1.4812 -1.3129 -1.1509 -1.0384 -0.7944 -0.4087 -0.1776 -0.3958 -0.1861 0.2062 0.3313 0.4264 0.5794 0.7010 0.5809 0.4399 0.5847 0.8678 1.3450 1.2658 0.7704 0.2462 -0.2497 -0.9149 -1.5392 -2.3729 -3.0123 -3.5902 -4.0201 -4.3766 -4.6920 -4.9107 -5.0765 -4.9899 -4.7303 -4.4750 -4.3574 -4.1661 -3.8728 -3.5909 -3.2290 -2.9702 -2.7892 -3.0700 -3.3686 -3.6834 -3.4854 -3.0674 -2.5651 -2.4623 -2.7591 -2.9723 -3.2911 -3.3882 -3.3824 -3.4590 -3.4081 -3.3034 -3.2096 -3.0309 -2.8467 -2.6350 -2.3486 -2.0419 -1.8409 -1.5886 -1.5463 -1.5504 -1.5645 -1.4252 -1.5197 -1.7481 -1.8879 -1.8988 -1.8329 -1.7447 -1.6409 -1.5346 -1.4471 -1.3988 -1.3831 -1.3760 -1.3590 -1.2988 -1.1879 -1.0630 -0.9307 -0.8254 -0.7790 -0.7524 -0.5577 -0.3481 0.0029 0.5153 0.1850 -0.4234 -0.9440 -1.0542 -1.3357 -0.8770 -0.3174 0.2434 0.9239 1.4110 1.7400 2.1638 2.6317 2.8277 2.8636 2.9682 3.0519 2.9110 2.6091 2.2701 2.0351 1.9328 1.8591 1.8438 2.2130 2.7067 3.2415 3.9385 3.5695 3.2859 3.6701 4.1200 4.6303 5.1313 5.4789 5.0940 4.7097 4.3489 4.1524 4.0000 3.7980 3.6703 3.5712 3.4558 3.3371 3.2274 3.0997 2.8851 2.6475 2.4022 2.0734 1.7616 1.4972 1.3975 1.3560 1.3766 1.5093 1.7029 1.9341 2.1173 2.2126 2.2591 2.3167 2.7134 3.1801 3.4478 3.2127 3.2367 3.4554 3.7938 3.9145 3.8065 3.7645 4.1222 4.4406 4.3474 4.0413 3.7490 3.5491 3.4200 3.3807 3.3744 3.3597 3.3126 3.2263 3.1027 2.9907 2.9711 3.0910 3.2503 3.4181 3.5899 3.8377 4.1553 4.5201 5.0113 4.9525
-1.8862 -1.8314 -1.7485 -1.5830 -1.4318 -1.0923 -0.6947 -0.4716 -0.2800 0.1186 0.1929 -0.0059 -0.0284 0.1216 0.2262 0.1439 0.0018 0.1686 0.6359 0.6876 0.1930 -0.2213 -0.5244 -0.8965 -1.4404 -2.1188 -2.7545 -3.3607 -3.8593 -4.2529 -4.6110 -4.9419 -5.2512 -5.4616 -5.3740 -5.0628 -4.6255 -4.2499 -3.8797 -3.5854 -3.3001 -2.9351 -2.7884 -2.7934 -2.9703 -3.1886 -3.4181 -3.6572 -3.4856 -3.0275 -2.4630 -2.7041 -2.9695 -3.2124 -3.2472 -3.5836 -3.7302 -3.5615 -3.4429 -3.3458 -3.3409 -3.2796 -3.0647 -2.8359 -2.6126 -2.3683 -2.1544 -2.0405 -1.8706 -1.6098 -1.6375 -1.8375 -1.9762 -1.9634 -1.8989 -1.8562 -1.8265 -1.7796 -1.7211 -1.6674 -1.6414 -1.6421 -1.6503 -1.6447 -1.5998 -1.4997 -1.3381 -1.1557 -0.9980 -0.8774 -0.7900 -0.6204 -0.4400 -0.2341 0.1704 -0.1535 -0.6807 -1.1698 -1.2804 -1.2295 -0.7074 -0.0803 0.5347 1.1818 1.6846 1.8082 1.9612 2.2514 2.3594 2.4398 2.6403 2.7267 2.5142 2.2391 2.0216 1.9491 1.9322 1.8699 1.8933 2.3881 2.9197 3.4508 4.0713 3.6073 3.4660 3.8599 4.3442 4.8129 5.4523 5.3676 4.9095 4.5320 4.2388 3.9203 3.6303 3.4230 3.2532 3.1040 2.9301 2.7710 2.6407 2.5235 2.2628 2.0282 1.7261 1.3710 1.0748 0.9646 0.9523 0.9666 0.9603 1.0787 1.2740 1.6465 2.0257 2.1635 2.1083 2.0954 2.4614 2.9532 3.1994 3.1443 3.1672 3.4304 3.8451 4.1017 4.0919 4.0300 4.1622 4.4588 4.4574 4.3085 4.0593 3.8588 3.6572 3.5063 3.4333 3.3672 3.2915 3.2107 3.1697 3.2060 3.3160 3.4632 3.6291 3.8058 4.0129 4.2496 4.5477 4.9224 5.1249 5.0202
-1.8143 -2.1084 -2.1650 -1.9941 -1.7521 -1.3280 -0.8981 -0.4578 0.0332 -0.0924 -0.3153 -0.3999 -0.4184 -0.3263 -0.1949 -0.0748 -0.2794 -0.1543 -0.0924 -0.3427 -0.6551 -0.9466 -1.2620 -1.6830 -2.0444 -2.5052 -3.0384 -3.5431 -3.9788 -4.3872 -4.7578 -5.0749 -5.3812 -5.6286 -5.6913 -5.4382 -5.0365 -4.6037 -4.1247 -3.8063 -3.3010 -2.8099 -2.8198 -2.9533 -3.1232 -3.3758 -3.4683 -3.7086 -3.6693 -3.1879 -2.6589 -2.4999 -2.7640 -2.8812 -3.0333 -3.2059 -3.2392 -3.0616 -3.0326 -3.1590 -3.2373 -3.1496 -2.9713 -2.7622 -2.5831 -2.3835 -2.2080 -1.9679 -1.7344 -1.7080 -1.7969 -1.8052 -1.7720 -1.7617 -1.7523 -1.7794 -1.8091 -1.8203 -1.8171 -1.8081 -1.8059 -1.8128 -1.8238 -1.8186 -1.8050 -1.7496 -1.6367 -1.4542 -1.2205 -1.0232 -0.8796 -0.7305 -0.5947 -0.4393 -0.1852 -0.5025 -0.9537 -1.4598 -1.4708 -1.0696 -0.5037 0.1962 0.9043 1.4673 1.8833 1.8721 1.7385 1.8896 2.0137 2.2291 2.4941 2.5031 2.2235 1.9818 1.9062 1.9387 1.9526 1.8743 1.9025 2.4487 3.0111 3.5673 4.1604 3.7073 3.6848 4.1051 4.5659 5.1194 5.5188 5.1488 4.7033 4.3168 3.9118 3.6254 3.2867 2.9515 2.6451 2.3980 2.1762 1.9468 1.7652 1.6468 1.5130 1.3140 1.0504 0.7966 0.6115 0.5069 0.5216 0.5930 0.6460 0.6724 0.8574 1.1398 1.6296 2.0122 2.1750 2.1966 2.4986 2.9750 3.1096 3.0503 3.0424 3.4341 3.8137 4.1404 4.3415 4.4317 4.4337 4.6361 4.6901 4.5643 4.4001 4.1900 3.9988 3.8075 3.6472 3.5614 3.5229 3.5239 3.5549 3.6189 3.7333 3.8823 4.0468 4.2068 4.3811 4.6409 4.9580 5.1332 5.1734 5.0594
-1.7597 -2.1965 -2.5298 -2.1731 -1.7310 -1.3057 -0.8111 -0.1224 -0.3507 -0.5148 -0.6818 -0.7844 -0.6952 -0.3756 -0.1071 -0.1809 -0.4064 -0.2191 -0.7395 -1.0032 -1.2814 -1.6099 -1.9182 -2.2648 -2.5658 -2.9177 -3.2703 -3.6012 -3.9476 -4.2335 -4.5451 -4.8415 -5.1524 -5.5037 -5.7615 -5.8041 -5.5254 -5.1620 -4.5866 -4.0619 -3.6132 -3.0586 -2.7528 -2.9433 -3.0846 -3.2851 -3.6836 -3.7999 -3.8776 -3.2825 -2.6320 -2.2489 -2.6943 -2.6398 -2.6800 -2.7279 -2.6328 -2.5001 -2.5607 -2.6589 -2.6646 -2.5413 -2.3735 -2.2238 -2.0614 -1.9140 -1.7773 -1.6420 -1.5209 -1.4478 -1.3586 -1.3344 -1.3629 -1.4504 -1.5745 -1.6649 -1.7267 -1.7613 -1.7806 -1.7854 -1.7809 -1.7710 -1.7611 -1.7597 -1.7701 -1.7899 -1.7998 -1.7249 -1.5127 -1.2726 -1.0723 -0.9257 -0.8444 -0.7711 -0.5599 -0.8013 -1.2481 -1.6778 -1.4468 -0.9666 -0.3617 0.2713 1.1922 1.7414 2.0294 1.9932 1.6972 1.7066 1.8824 2.1597 2.4157 2.3627 2.0832 1.9030 1.8903 1.9437 1.9636 1.8760 1.8834 2.4501 3.0402 3.6251 4.2482 3.9050 3.9806 4.3196 4.8552 5.4449 5.2753 4.8148 4.4314 3.9275 3.5721 3.1191 2.5346 2.1639 1.8519 1.6357 1.4701 1.2395 1.0597 0.9912 0.9374 0.8193 0.6155 0.3902 0.1602 -0.0255 -0.0143 0.1131 0.2943 0.4392 0.4930 0.7321 1.1369 1.5868 1.9976 2.3358 2.7170 2.8733 2.7731 2.7273 2.9241 3.3218 3.6776 3.8634 4.1646 4.6620 4.7258 4.8692 5.0524 4.9395 4.7419 4.5604 4.3590 4.1919 4.0283 3.9556 3.9298 3.9441 3.9951 4.0784 4.1941 4.3241 4.4715 4.6143 4.7986 5.0295 5.1330 5.1655 5.1891 5.0621
-1.9418 -2.0703 -2.3864 -1.9860 -1.5122 -1.0185 -0.4360 -0.6824 -0.7475 -0.9094 -0.8213 -0.5190 -0.2665 -0.1736 -0.2663 -0.4368 -0.4653 -0.7308 -1.2056 -1.4971 -1.8144 -2.0625 -2.2970 -2.5917 -2.8959 -3.1053 -3.2725 -3.4727 -3.7058 -3.9864 -4.2422 -4.5463 -4.8359 -5.1659 -5.5132 -5.7584 -5.8011 -5.5447 -5.0520 -4.4018 -3.8752 -3.3586 -2.8391 -2.8782 -3.0927 -3.0897 -3.4571 -3.8376 -3.9429 -3.3141 -2.6189 -2.0020 -2.6948 -2.5164 -2.2886 -2.2385 -2.0300 -1.9953 -2.0689 -2.0422 -1.9467 -1.8046 -1.6719 -1.5806 -1.4723 -1.3727 -1.2823 -1.1872 -1.1027 -0.9809 -0.8193 -0.7982 -0.9495 -1.1163 -1.4047 -1.5582 -1.6276 -1.6617 -1.6790 -1.6781 -1.6635 -1.6420 -1.6253 -1.6181 -1.6277 -1.6578 -1.7234 -1.7883 -1.7558 -1.5913 -1.3866 -1.2560 -1.2242 -1.1170 -0.8613 -0.8903 -1.4596 -1.8181 -1.4036 -0.9084 -0.3350 0.2626 1.2128 1.8423 2.1708 2.1750 1.8357 1.6739 1.7972 2.0016 2.2137 2.2461 2.0777 1.9260 1.8927 1.9323 1.9599 1.8836 1.8505 2.4126 3.0308 3.6500 4.3657 4.2589 4.2633 4.5796 5.0712 5.0729 4.7694 4.4076 3.8836 3.5391 2.9559 2.2100 1.6072 1.0361 0.6657 0.5661 0.5657 0.4161 0.3071 0.4213 0.4519 0.3928 0.2212 -0.1013 -0.3273 -0.4550 -0.4261 -0.2534 -0.0864 0.1452 0.3305 0.4763 0.7616 1.1366 1.6595 2.0797 2.2557 2.2239 2.1732 2.4001 2.8106 3.1833 3.3661 3.5780 3.8149 4.2494 4.6431 4.8088 5.1463 5.3778 5.1511 4.9333 4.7676 4.6031 4.4631 4.3961 4.3789 4.4007 4.4638 4.5549 4.6637 4.7771 4.8840 5.0557 5.1309 5.1645 5.1689 5.1849 5.1975 5.0597
-2.3788 -2.1504 -2.2019 -1.7388 -1.1791 -0.6718 -0.9454 -1.0555 -1.0219 -0.6709 -0.3334 -0.2629 -0.3645 -0.4770 -0.5257 -0.5303 -0.6543 -1.0050 -1.3900 -1.7839 -2.0009 -2.2130 -2.4626 -2.8145 -3.0520 -3.1843 -3.2668 -3.3351 -3.4296 -3.6482 -3.9130 -4.1816 -4.5196 -4.8146 -5.1846 -5.4300 -5.6112 -5.6349 -5.3108 -4.6870 -4.0631 -3.7084 -3.2445 -2.8522 -3.0633 -3.2917 -3.1225 -3.7172 -3.9736 -3.3937 -2.7266 -1.7350 -2.5264 -2.4579 -2.0555 -1.8561 -1.9591 -1.7890 -1.5995 -1.4302 -1.2592 -1.1241 -1.0339 -0.9939 -0.9248 -0.8542 -0.7864 -0.7088 -0.6460 -0.5030 -0.3059 -0.2587 -0.5567 -0.9003 -1.1700 -1.4252 -1.5358 -1.5724 -1.5835 -1.5745 -1.5561 -1.5355 -1.5177 -1.5090 -1.5157 -1.5406 -1.5890 -1.6709 -1.7668 -1.7908 -1.7049 -1.6016 -1.5731 -1.4922 -1.1463 -0.9264 -1.5108 -1.6926 -1.2919 -0.8671 -0.3895 0.1400 0.9949 1.7581 2.2369 2.3605 2.0975 1.7744 1.7842 1.8575 1.9111 2.0676 2.1159 2.0111 1.9090 1.9038 1.9395 1.8961 1.8245 2.3591 3.0290 3.7885 4.3871 4.6244 4.6710 4.7864 4.6249 4.5122 4.2531 3.7506 3.4030 2.7549 1.8653 1.2124 0.5703 0.2120 -0.0683 -0.1395 -0.0695 -0.1779 -0.2525 -0.2436 -0.1497 -0.1472 -0.3157 -0.5275 -0.7054 -0.8455 -0.8125 -0.6267 -0.3987 -0.1893 0.0438 0.2543 0.5181 0.7564 1.0225 1.3275 1.4307 1.4822 1.7038 2.2181 2.7377 3.0130 3.1467 3.3005 3.5796 3.8767 4.1986 4.4315 4.6629 5.0859 5.5838 5.3565 5.1514 5.0403 4.9186 4.8446 4.8423 4.8771 4.9533 5.0319 5.1127 5.1944 5.2663 5.2545 5.2311 5.2096 5.2070 5.2046 5.2267 5.2985
-2.6383 -2.3688 -2.0919 -1.7984 -1.3696 -1.1364 -1.2947 -1.0760 -0.6860 -0.3406 -0.4336 -0.5547 -0.5902 -0.5712 -0.5773 -0.6638 -0.8851 -1.2359 -1.5716 -1.6379 -1.9080 -2.2761 -2.6259 -2.9109 -3.0356 -3.1009 -3.1406 -3.1823 -3.2387 -3.3211 -3.5571 -3.8545 -4.1427 -4.4505 -4.7896 -5.0964 -5.2855 -5.4039 -5.4013 -5.0112 -4.4414 -4.0150 -3.7136 -3.3274 -3.0780 -3.4611 -3.3683 -3.4929 -3.8922 -3.4318 -2.7662 -1.8413 -2.1771 -2.3625 -2.0728 -1.7347 -1.7026 -1.4115 -1.1192 -0.9058 -0.7178 -0.5960 -0.5367 -0.5148 -0.4724 -0.4167 -0.3488 -0.2672 -0.1293 -0.0805 -0.1063 -0.1666 -0.2893 -0.6239 -0.9290 -1.2010 -1.3966 -1.4713 -1.4920 -1.4798 -1.4571 -1.4265 -1.3947 -1.3713 -1.3699 -1.3986 -1.4643 -1.5393 -1.6270 -1.7322 -1.8000 -1.8090 -1.7939 -1.6485 -1.3015 -1.0147 -1.4566 -1.5387 -1.1524 -0.8557 -0.4741 0.0578 0.6887 1.5380 2.1072 2.4218 2.3631 1.9699 1.7532 1.8263 1.8008 1.8225 2.0285 2.0871 1.9617 1.8759 1.9042 1.9054 1.8174 2.2981 3.0131 3.8697 4.5537 5.0356 4.7451 4.3336 4.1273 3.8928 3.5136 3.2124 2.5257 1.5506 0.6979 0.2216 -0.1830 -0.4294 -0.7056 -0.7708 -0.6554 -0.7269 -0.7800 -0.7202 -0.6230 -0.6022 -0.7298 -0.9039 -1.0717 -1.1327 -1.1389 -0.9328 -0.7270 -0.4907 -0.2700 -0.0461 0.1450 0.3278 0.5301 0.6544 0.8111 0.9975 1.3898 1.9563 2.3356 2.4687 2.6683 2.9569 3.2070 3.4422 3.7661 4.0355 4.2981 4.5402 5.0338 5.6260 5.6755 5.4630 5.3449 5.2600 5.3294 5.3919 5.4642 5.4682 5.5080 5.4874 5.4435 5.3925 5.3389 5.2804 5.2503 5.3760 5.5714 6.0011
-2.6131 -2.4819 -2.3538 -2.0828 -1.7886 -1.5883 -1.4455 -1.0021 -0.4946 -0.6016 -0.6338 -0.6063 -0.6095 -0.6455 -0.6931 -0.8420 -1.1768 -1.4473 -1.3683 -1.3966 -1.8556 -2.2250 -2.5810 -2.8115 -2.9210 -2.9538 -2.9711 -2.9952 -3.0346 -3.1024 -3.2317 -3.5077 -3.8111 -4.1424 -4.4493 -4.7898 -5.0579 -5.2065 -5.2860 -5.1993 -4.7595 -4.3835 -4.0581 -3.8121 -3.4312 -3.4703 -3.7320 -3.3024 -3.8137 -3.4240 -2.7673 -2.1505 -1.9162 -2.2331 -2.0665 -1.6875 -1.4744 -1.1415 -0.7757 -0.4776 -0.2331 -0.1477 -0.1876 -0.2301 -0.1862 -0.0987 -0.0260 0.0066 0.0056 -0.0100 -0.0516 -0.1441 -0.2603 -0.3967 -0.6632 -0.9251 -1.1660 -1.2956 -1.3479 -1.3460 -1.3215 -1.2854 -1.2475 -1.2217 -1.2142 -1.2278 -1.2822 -1.3780 -1.4789 -1.5616 -1.6604 -1.7283 -1.7471 -1.6617 -1.3773 -1.1335 -1.4819 -1.4428 -1.0431 -0.7984 -0.6533 -0.1718 0.3819 1.2709 1.9084 2.3168 2.4208 2.1467 1.7345 1.6251 1.8014 1.7533 1.8388 2.0444 2.0383 1.8830 1.8679 1.9070 1.8343 2.2232 2.9660 3.8838 4.6146 4.6754 4.2694 3.8342 3.5491 3.2161 2.9060 2.2536 1.1983 0.4389 -0.0343 -0.3527 -0.6659 -0.9675 -1.1781 -1.2355 -1.0999 -1.1496 -1.1994 -1.1409 -1.0538 -1.0224 -1.1023 -1.2095 -1.2942 -1.3479 -1.3975 -1.2771 -1.0763 -0.8476 -0.6160 -0.3976 -0.2114 -0.0449 0.1230 0.2803 0.4789 0.5110 0.6509 1.0730 1.3424 1.4520 1.8186 2.2079 2.6511 2.9697 3.3123 3.5240 3.8148 4.1274 4.4583 4.9164 5.3161 5.8046 5.8575 5.8828 5.8043 5.8904 5.9350 5.9513 5.8462 5.7643 5.6937 5.6153 5.5261 5.4236 5.5899 5.7866 6.0363 6.7935
-2.4839 -2.6354 -2.6978 -2.4522 -2.1269 -1.8832 -1.4757 -0.7606 -0.7905 -0.7142 -0.6370 -0.6545 -0.7000 -0.7908 -0.9641 -1.1891 -1.3339 -1.1843 -1.0304 -1.3274 -1.7044 -2.0760 -2.3347 -2.4917 -2.5566 -2.5745 -2.5848 -2.6140 -2.6861 -2.8605 -3.0324 -3.2355 -3.5210 -3.8583 -4.2370 -4.5726 -4.8745 -5.0703 -5.1900 -5.1596 -4.9530 -4.6916 -4.4535 -4.1378 -3.8021 -3.5378 -3.9280 -3.4481 -3.6280 -3.3967 -2.8061 -2.2335 -1.8258 -2.1470 -2.0172 -1.6888 -1.3300 -0.9517 -0.5258 -0.1927 -0.0686 -0.0161 -0.0802 -0.1006 -0.0541 -0.0043 0.0193 0.0371 0.0707 0.0992 0.0794 -0.0240 -0.1982 -0.3544 -0.4947 -0.7124 -0.9156 -1.0679 -1.1493 -1.1672 -1.1602 -1.1427 -1.1267 -1.1188 -1.1142 -1.1096 -1.1170 -1.1637 -1.2718 -1.3805 -1.4707 -1.5478 -1.6006 -1.5896 -1.4138 -1.2590 -1.5557 -1.3884 -0.9478 -0.7574 -0.7973 -0.3609 0.1430 0.9859 1.6654 2.1442 2.2496 2.0902 1.7478 1.4337 1.5909 1.7419 1.7166 1.8940 2.0579 1.9507 1.8569 1.9042 1.8745 2.1587 2.8609 3.6906 4.3538 4.0649 3.7601 3.2926 2.8662 2.6028 1.9831 0.7407 0.1097 -0.2976 -0.6185 -0.8614 -1.1238 -1.3653 -1.5568 -1.5233 -1.4149 -1.4117 -1.4036 -1.3925 -1.3537 -1.3270 -1.3417 -1.3914 -1.4590 -1.5742 -1.6646 -1.6562 -1.4861 -1.3030 -1.0631 -0.8320 -0.6122 -0.4008 -0.1664 0.0260 0.0266 -0.1109 -0.2012 -0.3211 -0.0437 0.2388 0.6756 1.3251 1.8446 2.2058 2.6634 3.0814 3.3036 3.6187 4.0109 4.3492 4.6584 4.9861 5.3109 5.6833 6.2125 6.4239 6.1983 5.9945 5.8926 5.8776 5.8677 5.8326 5.7790 5.8015 6.0096 6.3149 6.5974 7.3232
-2.3103 -2.5008 -2.7208 -2.3609 -1.8238 -1.7150 -1.3123 -1.0500 -0.9133 -0.7203 -0.6885 -0.7430 -0.8811 -1.0685 -1.1898 -1.1726 -0.9893 -0.7714 -0.8685 -1.2296 -1.5152 -1.8085 -1.9971 -2.0865 -2.1049 -2.1016 -2.0993 -2.1257 -2.2493 -2.4266 -2.6842 -2.9181 -3.2425 -3.6144 -3.9890 -4.3502 -4.6700 -4.9159 -5.1239 -5.1781 -5.0090 -4.8270 -4.7685 -4.4133 -4.0732 -3.6851 -4.0015 -3.6649 -3.5314 -3.3497 -2.8181 -2.2728 -1.8708 -2.0468 -2.0173 -1.7073 -1.3389 -0.9329 -0.5189 -0.1768 -0.0238 0.0456 -0.0209 -0.0409 -0.0265 -0.0193 0.0065 0.0696 0.1181 0.1166 0.0973 0.0540 -0.0962 -0.3269 -0.4770 -0.5939 -0.7591 -0.8988 -0.9808 -1.0153 -1.0298 -1.0398 -1.0489 -1.0541 -1.0479 -1.0269 -0.9985 -0.9876 -1.0304 -1.1367 -1.2469 -1.3416 -1.4253 -1.4593 -1.3570 -1.3764 -1.5967 -1.3579 -0.8158 -0.7377 -0.8949 -0.4999 -0.0421 0.6910 1.4112 1.9822 2.0470 1.8187 1.6235 1.4108 1.4280 1.6611 1.6670 1.7220 1.9534 2.0249 1.9016 1.9083 1.9141 2.1835 2.8370 3.5001 3.8240 3.4525 3.1042 2.6737 2.2732 1.7494 0.7255 -0.0489 -0.4462 -0.7760 -1.0596 -1.3011 -1.5215 -1.7223 -1.8025 -1.7980 -1.7988 -1.8397 -1.8651 -1.8179 -1.7347 -1.6529 -1.5841 -1.6104 -1.7103 -1.8342 -2.0082 -2.0479 -1.9829 -1.8341 -1.5960 -1.4103 -1.1743 -0.9337 -0.7365 -0.5088 -0.5825 -0.7936 -1.0175 -1.0704 -0.8358 -0.4420 -0.1414 0.4436 1.2190 1.6469 1.9833 2.4752 2.8880 3.2024 3.4583 3.7821 4.1094 4.4514 4.8152 5.1893 5.5917 5.8208 5.6226 5.4557 5.5180 5.7690 6.0273 6.1519 6.1297 6.2242 6.4761 6.8452 7.1615 7.6599
-2.5765 -2.5357 -2.4710 -2.0604 -1.9279 -1.7941 -1.3502 -1.2229 -0.9423 -0.7648 -0.7683 -0.9027 -1.1019 -1.2070 -1.1778 -1.0151 -0.7228 -0.5564 -0.8172 -1.1634 -1.3519 -1.4910 -1.6342 -1.6465 -1.6108 -1.5876 -1.5703 -1.5817 -1.6995 -1.9310 -2.1966 -2.5082 -2.8462 -3.2277 -3.6298 -3.9966 -4.2974 -4.5439 -4.7975 -5.0405 -5.0551 -4.8807 -4.9348 -4.6497 -4.1985 -3.8449 -4.0489 -3.8953 -3.5222 -3.2940 -2.8251 -2.3136 -1.9450 -1.9195 -2.0694 -1.7736 -1.4048 -0.9975 -0.5818 -0.2058 -0.0018 0.0748 -0.0046 -0.0396 -0.0664 -0.0765 -0.0146 0.0771 0.1076 0.0916 0.1116 0.1289 0.0263 -0.2205 -0.4787 -0.6042 -0.6892 -0.7991 -0.8794 -0.9199 -0.9431 -0.9628 -0.9758 -0.9758 -0.9601 -0.9287 -0.8841 -0.8392 -0.8264 -0.8763 -0.9779 -1.0775 -1.1784 -1.2403 -1.2660 -1.4533 -1.5584 -1.2497 -0.7450 -0.7389 -0.9499 -0.5842 -0.1245 0.4034 1.2048 1.8324 1.9190 1.5847 1.4248 1.4088 1.4034 1.6470 1.6633 1.6111 1.7544 1.9608 1.9682 1.9172 1.9386 2.2820 2.8390 3.5833 3.3515 3.0508 2.6249 2.1151 1.5142 0.7220 -0.0771 -0.6254 -0.9191 -1.1988 -1.4445 -1.6681 -1.8711 -2.0438 -2.1276 -2.1969 -2.2006 -2.2628 -2.2791 -2.2304 -2.1411 -2.0393 -1.9946 -1.9708 -2.0441 -2.1638 -2.3507 -2.4365 -2.4527 -2.3834 -2.2406 -2.0611 -1.8707 -1.6239 -1.3999 -1.1673 -1.2071 -1.4879 -1.6919 -1.8193 -1.5354 -1.1635 -0.5711 -0.0318 0.5931 1.2802 1.5943 1.8693 2.2750 2.7015 3.0105 3.2998 3.5888 3.9210 4.3545 4.8398 5.2312 5.4510 5.4891 5.4912 5.5704 5.8974 6.2639 6.5237 6.5460 6.6580 6.9348 7.3068 7.6418 7.9339
-2.9869 -3.0324 -2.8634 -2.7311 -2.4103 -1.9416 -1.4952 -1.2796 -0.9807 -0.8375 -0.8906 -1.0772 -1.2326 -1.2677 -1.2097 -0.9644 -0.6186 -0.5239 -0.8335 -1.1187 -1.2439 -1.3038 -1.2783 -1.2322 -1.1497 -1.1128 -1.0829 -1.0708 -1.1222 -1.3352 -1.5988 -1.9789 -2.3207 -2.7372 -3.1427 -3.5144 -3.8394 -4.1405 -4.3767 -4.6584 -4.9080 -4.8993 -4.9457 -4.8510 -4.3037 -3.9718 -4.1034 -4.0733 -3.6769 -3.2714 -2.8410 -2.3764 -1.9569 -1.8676 -2.0716 -1.8727 -1.4993 -1.0865 -0.6674 -0.2375 0.0073 0.0831 -0.0095 -0.0713 -0.1298 -0.1400 -0.0725 0.0132 0.0648 0.1083 0.1597 0.1507 0.0167 -0.2148 -0.4830 -0.6819 -0.7521 -0.7755 -0.8028 -0.8280 -0.8464 -0.8612 -0.8678 -0.8624 -0.8442 -0.8119 -0.7652 -0.7083 -0.6621 -0.6630 -0.7097 -0.7969 -0.8990 -1.0108 -1.1814 -1.4215 -1.4221 -1.1173 -0.6880 -0.7609 -0.9816 -0.6516 -0.2058 0.2944 1.0996 1.7531 1.8505 1.4438 1.3226 1.3795 1.4247 1.7075 1.6777 1.5851 1.5907 1.7561 1.9075 1.8775 1.9443 2.4186 2.8837 3.2097 2.9941 2.7588 2.2108 1.5736 0.7934 -0.0108 -0.5324 -0.8982 -1.2786 -1.5428 -1.7498 -1.9307 -2.1124 -2.2847 -2.4568 -2.5491 -2.5943 -2.6609 -2.6825 -2.6351 -2.5413 -2.4245 -2.3459 -2.3141 -2.3638 -2.4700 -2.6380 -2.8043 -2.8689 -2.8742 -2.8175 -2.7125 -2.5755 -2.3338 -2.1056 -1.8554 -1.8650 -2.0741 -2.3311 -2.4055 -2.1480 -1.6140 -0.9733 -0.3265 0.2773 0.9773 1.3806 1.5505 1.8169 2.1669 2.4825 2.8190 3.2277 3.6580 4.1360 4.6417 5.0949 5.5043 5.6232 5.6740 5.6931 5.7628 6.2857 6.7970 6.9773 7.0961 7.3400 7.6782 8.0184 8.2026
-3.0980 -3.5169 -3.3968 -3.1835 -2.6343 -2.0183 -1.5483 -1.3165 -1.0471 -0.9372 -1.0313 -1.2158 -1.3224 -1.3563 -1.2519 -0.9189 -0.5874 -0.5920 -0.8702 -1.0722 -1.1400 -1.0941 -0.9840 -0.8556 -0.7485 -0.6905 -0.6647 -0.6320 -0.5748 -0.6656 -0.9395 -1.2577 -1.7397 -2.2385 -2.6929 -3.0675 -3.3966 -3.7033 -4.0195 -4.2883 -4.5981 -4.8262 -4.8913 -4.9085 -4.3612 -4.0346 -4.1940 -4.2269 -3.8330 -3.3793 -2.9199 -2.4803 -1.9318 -1.9091 -1.9703 -1.9718 -1.5943 -1.1747 -0.7295 -0.3174 -0.0064 0.0902 -0.0159 -0.1074 -0.1807 -0.2006 -0.1684 -0.1073 -0.0014 0.1050 0.1333 0.0117 -0.3009 -0.5629 -0.7719 -0.8961 -0.9607 -0.9507 -0.9076 -0.8702 -0.8489 -0.8427 -0.8412 -0.8306 -0.7997 -0.7469 -0.6803 -0.6130 -0.5548 -0.5211 -0.5291 -0.5837 -0.6831 -0.8430 -1.0771 -1.2591 -1.2818 -0.9967 -0.6799 -0.8015 -1.0073 -0.6782 -0.2317 0.2695 1.0839 1.7656 1.8106 1.3764 1.3275 1.3426 1.4898 1.7341 1.6129 1.5988 1.6297 1.6717 1.7997 1.7929 1.8339 2.2292 2.6753 2.8087 2.6433 2.4428 1.7582 1.0902 0.1855 -0.3613 -0.7880 -1.1746 -1.5071 -1.7045 -1.8318 -1.9774 -2.1640 -2.3992 -2.6339 -2.8400 -2.9622 -3.0230 -3.0387 -2.9904 -2.8980 -2.7760 -2.6834 -2.6565 -2.7080 -2.8108 -2.9563 -3.1073 -3.2263 -3.2814 -3.2758 -3.2255 -3.1145 -2.8900 -2.7066 -2.4775 -2.4114 -2.6479 -2.8344 -2.8743 -2.4782 -1.9118 -1.2390 -0.6027 -0.0422 0.5540 1.1617 1.4144 1.6169 1.9324 2.2577 2.6370 3.1059 3.5475 4.0438 4.5252 4.9749 5.0110 4.8837 4.9002 5.1615 5.4873 6.1070 6.7847 7.3583 7.5213 7.7176 8.0368 8.3796 8.5346
-3.2686 -4.0676 -3.9606 -3.5986 -2.8130 -2.1191 -1.5870 -1.3410 -1.1184 -1.0456 -1.1571 -1.3180 -1.3989 -1.4200 -1.2326 -0.8445 -0.6011 -0.6916 -0.8952 -1.0095 -0.9809 -0.8190 -0.6495 -0.5055 -0.4355 -0.4087 -0.3549 -0.2417 -0.1222 -0.0544 -0.2666 -0.6641 -1.2802 -1.8846 -2.3375 -2.7038 -3.0353 -3.3246 -3.6532 -4.0131 -4.3184 -4.6526 -4.7972 -4.8870 -4.3981 -4.0074 -4.2951 -4.3862 -3.9915 -3.5533 -3.0602 -2.5569 -2.0440 -1.9382 -1.8909 -2.0485 -1.6709 -1.2493 -0.8003 -0.3814 -0.0571 0.1117 -0.0078 -0.1263 -0.2072 -0.2479 -0.2604 -0.2297 -0.0963 0.0242 -0.0228 -0.3237 -0.6215 -0.8540 -1.1031 -1.2904 -1.3527 -1.3092 -1.2203 -1.1246 -1.0486 -0.9998 -0.9631 -0.9144 -0.8432 -0.7574 -0.6676 -0.5772 -0.5070 -0.4663 -0.4595 -0.4962 -0.5886 -0.7504 -0.9576 -1.1714 -1.2588 -1.0061 -0.7894 -0.8604 -1.0125 -0.6672 -0.2122 0.3035 1.1213 1.8895 1.7882 1.3702 1.3693 1.3331 1.6080 1.6404 1.4669 1.6424 1.8627 1.8696 1.8680 1.7893 1.7435 2.0376 2.3936 2.3137 2.2606 2.1176 1.4679 0.6657 -0.1730 -0.6215 -1.0040 -1.3114 -1.4762 -1.5951 -1.6856 -1.8036 -1.9709 -2.1698 -2.4340 -2.7171 -2.9844 -3.1699 -3.2301 -3.2221 -3.1706 -3.0841 -3.0229 -3.0018 -3.0532 -3.1506 -3.2588 -3.3656 -3.4513 -3.5302 -3.5505 -3.5283 -3.4747 -3.3289 -3.1645 -2.9839 -2.9252 -3.0939 -3.2562 -3.1881 -2.7427 -2.1813 -1.5791 -0.9267 -0.2840 0.2784 0.9098 1.3112 1.6417 2.0032 2.3974 2.8140 3.2635 3.6587 4.0440 4.3833 4.5336 4.5568 4.4264 4.4969 4.7084 5.1977 5.8558 6.6374 7.3745 7.9065 8.1521 8.4760 8.7499 9.0085
-3.7269 -4.5976 -4.4740 -3.8725 -3.0698 -2.2613 -1.6661 -1.3530 -1.1808 -1.1442 -1.2557 -1.3810 -1.4401 -1.4187 -1.1357 -0.7472 -0.6405 -0.7724 -0.8980 -0.9052 -0.7099 -0.4706 -0.3093 -0.1566 -0.0900 -0.0599 0.0010 0.1489 0.3527 0.4453 0.1764 -0.4021 -1.0100 -1.5905 -2.0993 -2.4120 -2.7036 -3.0204 -3.3576 -3.7394 -4.1335 -4.4598 -4.6805 -4.8711 -4.3729 -3.9291 -4.3174 -4.4669 -4.1805 -3.7646 -3.2820 -2.7652 -2.2495 -1.8825 -1.9181 -2.0273 -1.7191 -1.2982 -0.8487 -0.4210 -0.1547 0.1431 0.0240 -0.1116 -0.2020 -0.2597 -0.3083 -0.2999 -0.1751 -0.0977 -0.2552 -0.5852 -0.8579 -1.1175 -1.2878 -1.4244 -1.5228 -1.5681 -1.5372 -1.4628 -1.3556 -1.2468 -1.1462 -1.0312 -0.8929 -0.7584 -0.6624 -0.5902 -0.5208 -0.4771 -0.4722 -0.5100 -0.6047 -0.7769 -1.1238 -1.3944 -1.4702 -1.3113 -1.0562 -0.9432 -0.9940 -0.6260 -0.1495 0.4029 1.2981 1.9443 1.7626 1.4101 1.3687 1.4041 1.6807 1.4591 1.3754 1.7305 2.0342 2.0400 1.9427 1.7854 1.6989 1.9115 2.1493 1.9295 2.0248 1.8944 1.1937 0.3242 -0.1345 -0.5229 -0.8615 -1.0974 -1.2560 -1.3473 -1.4184 -1.4953 -1.6439 -1.8332 -2.0692 -2.3190 -2.5379 -2.7884 -2.9841 -3.0401 -3.0495 -3.0432 -3.0238 -3.0173 -3.0225 -3.0308 -3.1054 -3.2951 -3.4962 -3.7137 -3.7908 -3.7861 -3.7494 -3.7014 -3.6048 -3.4703 -3.4088 -3.4858 -3.5091 -3.4060 -2.9913 -2.4277 -1.8261 -1.2038 -0.5639 -0.1151 0.4718 1.0758 1.4992 1.9514 2.4723 3.0183 3.4474 3.7721 3.8148 3.9394 4.0246 4.0194 3.9201 4.0371 4.3382 4.9377 5.5851 6.3699 7.2144 7.9307 8.5648 8.8405 9.1285 9.4569
-4.2838 -5.0456 -4.8302 -4.2504 -3.3576 -2.4666 -1.8142 -1.3583 -1.2334 -1.2320 -1.3275 -1.4034 -1.4246 -1.2943 -0.9678 -0.6488 -0.6936 -0.8249 -0.8809 -0.6766 -0.3744 -0.1598 0.0821 0.2770 0.3386 0.3754 0.4135 0.4449 0.4351 0.3477 -0.0456 -0.5288 -1.0721 -1.5877 -2.0210 -2.3528 -2.4859 -2.7304 -3.1296 -3.5289 -3.9395 -4.2918 -4.5493 -4.7563 -4.4534 -3.9099 -4.2259 -4.4883 -4.3685 -3.9735 -3.5156 -2.9778 -2.4989 -1.8501 -1.9328 -1.9453 -1.7464 -1.3097 -0.8936 -0.3197 -0.2710 0.1361 0.0828 -0.0449 -0.1393 -0.2071 -0.2784 -0.2760 -0.1789 -0.1896 -0.4735 -0.8163 -0.9977 -1.0185 -1.0210 -1.0499 -1.0962 -1.1446 -1.1942 -1.2307 -1.2618 -1.2863 -1.2508 -1.2066 -1.0387 -0.8142 -0.6480 -0.5760 -0.5502 -0.5395 -0.5525 -0.6109 -0.8109 -1.1165 -1.4403 -1.6799 -1.7851 -1.6199 -1.2744 -1.1000 -1.0152 -0.6075 -0.0764 0.5409 1.4993 1.9500 1.6875 1.4355 1.3422 1.5522 1.6142 1.2998 1.4107 1.8121 1.9728 1.8772 1.7238 1.5865 1.5800 1.8219 1.9046 1.7120 1.9469 1.7335 1.0816 0.4171 0.0200 -0.2944 -0.5419 -0.7392 -0.9058 -1.0372 -1.1030 -1.1481 -1.2336 -1.3582 -1.5323 -1.7581 -2.0019 -2.2114 -2.4727 -2.5616 -2.5917 -2.5980 -2.5894 -2.5807 -2.5638 -2.5387 -2.6215 -2.8932 -3.1534 -3.4220 -3.7110 -3.9573 -4.0481 -4.0538 -4.0071 -3.9097 -3.8348 -3.8553 -3.7144 -3.5937 -3.1986 -2.7344 -2.1513 -1.4951 -0.9875 -0.4433 -0.0887 0.4347 1.1238 1.6141 2.2111 2.7308 3.0274 3.1848 3.3643 3.4269 3.4529 3.4304 3.4007 3.5894 3.9092 4.5582 5.3431 6.0686 6.8650 7.6638 8.5164 8.9777 9.3664 9.5796
-4.7141 -5.2607 -5.1182 -4.5417 -3.6822 -2.7250 -1.9800 -1.3740 -1.2984 -1.3191 -1.3675 -1.3748 -1.3235 -1.1245 -0.7579 -0.5977 -0.7657 -0.8630 -0.7394 -0.3877 -0.1028 0.2044 0.4354 0.4758 0.4458 0.3915 0.3269 0.2430 0.1264 -0.0419 -0.3296 -0.7170 -1.1518 -1.5931 -1.9953 -2.3336 -2.5024 -2.6039 -2.9284 -3.3577 -3.7689 -4.1359 -4.4178 -4.5754 -4.5734 -4.0126 -4.0928 -4.4420 -4.4812 -4.1983 -3.7523 -3.2364 -2.6846 -2.1289 -1.8359 -1.9226 -1.7505 -1.3018 -0.8753 -0.2739 -0.2867 0.0085 0.1573 0.0425 -0.0180 -0.0689 -0.1415 -0.1386 -0.0807 -0.2064 -0.5925 -0.8931 -0.9059 -0.8278 -0.8241 -0.8675 -0.9000 -0.8973 -0.8583 -0.7969 -0.7486 -0.7580 -0.8888 -1.0230 -1.1138 -1.0338 -0.8412 -0.6804 -0.6100 -0.6097 -0.7035 -0.9194 -1.1577 -1.4242 -1.7099 -1.8763 -1.8921 -1.6142 -1.2911 -1.2455 -1.1221 -0.6734 -0.0531 0.6591 1.6394 1.8207 1.5395 1.3931 1.3607 1.6602 1.4654 1.2329 1.5150 1.7967 1.7420 1.5395 1.3754 1.3377 1.5064 1.7558 1.7207 1.6369 1.8970 1.6327 1.0862 0.5646 0.2881 0.0688 -0.1472 -0.3297 -0.4958 -0.6390 -0.7121 -0.7606 -0.8104 -0.8686 -0.9535 -1.0787 -1.2772 -1.5223 -1.7795 -1.9350 -2.0058 -2.0320 -2.0307 -2.0079 -1.9491 -1.8744 -1.9921 -2.3113 -2.6039 -2.9301 -3.3168 -3.7478 -4.1339 -4.2306 -4.2481 -4.2513 -4.1904 -4.1368 -3.9223 -3.7387 -3.4579 -2.9746 -2.4178 -1.9263 -1.4342 -1.0468 -0.6040 -0.2821 0.2189 0.9815 1.5436 1.9885 2.3229 2.5686 2.6857 2.6509 2.5341 2.4231 2.5496 2.9742 3.5201 4.1998 4.9013 5.6721 6.5063 7.0601 7.6776 8.4931 8.9161 9.3118
-4.9881 -5.1991 -5.0491 -4.4810 -3.6886 -2.7936 -2.0570 -1.4181 -1.3983 -1.3912 -1.3477 -1.2782 -1.1389 -0.8283 -0.5348 -0.6662 -0.8585 -0.8713 -0.5207 -0.1741 0.2102 0.4486 0.4477 0.3451 0.2192 0.1147 0.0394 -0.0214 -0.0891 -0.1939 -0.3453 -0.5935 -1.0239 -1.4616 -1.9063 -2.3057 -2.6138 -2.7338 -2.8363 -3.2386 -3.6314 -4.0125 -4.3152 -4.4229 -4.6212 -4.1889 -4.0434 -4.3703 -4.4658 -4.3644 -3.9699 -3.5003 -2.9328 -2.3895 -1.7507 -1.8847 -1.6976 -1.2612 -0.7950 -0.3785 -0.0241 -0.1806 0.1303 0.1088 0.0533 0.0635 0.0264 0.0294 0.0691 -0.1370 -0.5663 -0.7748 -0.7322 -0.7458 -0.8803 -1.0842 -1.2731 -1.3928 -1.4095 -1.3189 -1.1417 -0.9429 -0.6257 -0.6083 -0.8159 -1.0660 -1.1588 -1.1237 -1.0814 -1.1153 -1.1604 -1.3453 -1.5190 -1.7034 -1.6958 -1.8080 -1.8543 -1.6329 -1.5134 -1.2706 -1.2015 -0.7545 -0.0722 0.8000 1.6852 1.4942 1.3609 1.3317 1.4267 1.6521 1.3064 1.2299 1.5700 1.6793 1.4736 1.2198 1.1093 1.2437 1.5358 1.7073 1.6171 1.6425 1.8646 1.5939 1.1258 0.7150 0.5168 0.5309 0.2992 0.1609 -0.0305 -0.1576 -0.2354 -0.2878 -0.3318 -0.3632 -0.3954 -0.4441 -0.5651 -0.7546 -0.9762 -1.1853 -1.3015 -1.3546 -1.3562 -1.3066 -1.1992 -1.0943 -1.2596 -1.5090 -1.9029 -2.3664 -2.9849 -3.4983 -3.8742 -4.1180 -4.1938 -4.2345 -4.2834 -4.2936 -4.1439 -3.8964 -3.6909 -3.2801 -2.8351 -2.3809 -2.0054 -1.6271 -1.2700 -0.8638 -0.5088 0.0661 0.6553 1.3304 1.7739 2.0695 2.0871 1.8844 1.6274 1.4455 1.6394 2.1172 2.9726 3.5326 4.3697 5.1129 5.7767 6.2676 6.7030 7.1553 7.6013 8.5512
-5.1165 -5.1012 -4.8763 -4.2886 -3.5125 -2.6928 -2.0235 -1.5239 -1.5028 -1.3855 -1.2465 -1.0854 -0.8183 -0.5358 -0.5631 -0.8425 -0.9499 -0.7413 -0.3556 0.0769 0.4008 0.4068 0.2543 0.0509 -0.0595 -0.0883 -0.1011 -0.1443 -0.2238 -0.3203 -0.4382 -0.6079 -0.9524 -1.3819 -1.8609 -2.3166 -2.7082 -2.9659 -3.0175 -3.1755 -3.5918 -3.9434 -4.2430 -4.3179 -4.5960 -4.3569 -4.1106 -4.2928 -4.4246 -4.4857 -4.1895 -3.7199 -3.1566 -2.5105 -1.9392 -1.7855 -1.6563 -1.2354 -0.7879 -0.4358 0.1356 -0.0546 -0.0851 0.1096 0.0243 -0.0602 -0.0795 -0.0447 0.1150 -0.0006 -0.3592 -0.5193 -0.6018 -0.8088 -1.1598 -1.4703 -1.6445 -1.8057 -1.8521 -1.7797 -1.6007 -1.4059 -1.2134 -0.9250 -0.6053 -0.7698 -1.0787 -1.3247 -1.4320 -1.4787 -1.5314 -1.4977 -1.4153 -1.4128 -1.5316 -1.8488 -1.9998 -2.1469 -1.9629 -1.7635 -1.3066 -0.7364 -0.0079 0.7340 1.3001 1.1165 1.2337 1.2692 1.4690 1.5442 1.1558 1.2094 1.5347 1.5229 1.2496 1.0078 0.9968 1.2673 1.5684 1.6365 1.5695 1.6720 1.8422 1.6001 1.1629 0.8104 0.6430 0.7042 0.8053 0.6257 0.4593 0.3835 0.3119 0.2613 0.2212 0.1931 0.1636 0.1197 0.0011 -0.1239 -0.2254 -0.4117 -0.5495 -0.6334 -0.6414 -0.5699 -0.4283 -0.3247 -0.4949 -0.7934 -1.2270 -1.9650 -2.6331 -3.2038 -3.5887 -3.9050 -4.1069 -4.1859 -4.2450 -4.3328 -4.3128 -4.0788 -3.9303 -3.6534 -3.2623 -2.9183 -2.5520 -2.2189 -1.8854 -1.5175 -0.9838 -0.3490 0.1388 0.6061 1.1840 1.4382 1.2568 0.9118 0.6273 0.5526 0.6334 1.0737 2.0311 2.8967 3.3769 4.1227 4.6688 5.1674 5.5750 6.0299 6.4309 6.9014
-5.1356 -5.0636 -4.7371 -4.1256 -3.3595 -2.6189 -2.0396 -1.6683 -1.5153 -1.2714 -1.0472 -0.7951 -0.5691 -0.5696 -0.8354 -1.0391 -0.9846 -0.6065 -0.2061 0.2750 0.3731 0.2581 -0.0179 -0.2142 -0.2309 -0.2013 -0.2154 -0.2880 -0.3793 -0.4669 -0.5779 -0.7412 -0.9441 -1.3419 -1.7874 -2.2582 -2.7175 -3.1131 -3.3375 -3.3661 -3.5871 -3.9394 -4.2119 -4.2484 -4.5457 -4.4799 -4.2212 -4.2225 -4.3972 -4.4841 -4.3203 -3.9645 -3.3802 -2.7369 -2.1549 -1.6866 -1.6472 -1.2588 -0.8294 -0.4391 -0.0701 0.3271 -0.0232 -0.0687 -0.0114 -0.2565 -0.4696 -0.3463 0.0146 0.1214 -0.0783 -0.2875 -0.6292 -1.0072 -1.3901 -1.7077 -2.0034 -2.1855 -2.2712 -2.2165 -2.0323 -1.8481 -1.6331 -1.4088 -1.1102 -0.8025 -0.8278 -0.9997 -1.1339 -1.1900 -1.2007 -1.2271 -1.6343 -1.9076 -2.2198 -2.3277 -2.4423 -2.5268 -2.3426 -1.9026 -1.3149 -0.6360 0.0255 0.5848 0.8632 0.8233 1.1440 1.1347 1.3904 1.3724 1.0067 1.1144 1.4190 1.3817 1.1050 0.8866 0.9541 1.2682 1.5129 1.5455 1.5433 1.6835 1.7991 1.5876 1.1903 0.9101 0.7539 0.7752 0.9583 1.0759 1.0574 0.9140 0.8211 0.7710 0.7411 0.7137 0.6707 0.5962 0.5703 0.4987 0.3517 0.2183 0.1388 -0.0198 -0.0393 0.0711 0.2328 0.3357 0.1353 -0.1344 -0.8059 -1.5559 -2.2778 -2.8107 -3.2428 -3.6749 -4.0390 -4.1779 -4.2331 -4.3017 -4.3885 -4.2672 -4.1191 -4.0180 -3.8074 -3.4856 -3.1849 -2.8614 -2.5364 -2.1115 -1.5173 -0.9111 -0.5515 -0.1658 0.1861 0.4404 0.3795 0.2717 0.0878 0.0617 0.1118 0.3597 0.7449 1.6486 2.3398 2.8348 3.3602 3.7456 4.2721 4.7281 5.0747 5.6842
-5.1230 -5.0930 -4.6875 -4.0612 -3.3079 -2.6286 -2.1152 -1.7343 -1.3987 -1.0507 -0.7654 -0.6403 -0.7078 -0.9281 -1.1144 -1.1776 -0.9935 -0.5883 -0.1675 0.2462 0.2744 0.0535 -0.2680 -0.4303 -0.3746 -0.3046 -0.3196 -0.3958 -0.4823 -0.5842 -0.7287 -0.8998 -1.0771 -1.2534 -1.6413 -2.0945 -2.5381 -3.0656 -3.5202 -3.7094 -3.7545 -4.0086 -4.2211 -4.2201 -4.5212 -4.5577 -4.3022 -4.1617 -4.3638 -4.4423 -4.4105 -4.1180 -3.6220 -2.9628 -2.3075 -1.7413 -1.5870 -1.3096 -0.9040 -0.4918 -0.2048 0.1961 0.4470 0.1026 -0.0623 -0.2385 -0.4994 -0.3917 0.0254 0.1694 0.0045 -0.3352 -0.7484 -1.1586 -1.5449 -1.9050 -2.2251 -2.4292 -2.5233 -2.5226 -2.4211 -2.2434 -2.0410 -1.8207 -1.6219 -1.4113 -1.3225 -1.3015 -1.3694 -1.5227 -1.7560 -2.0683 -2.2631 -2.5132 -2.7419 -2.8049 -2.7997 -2.7596 -2.4236 -1.9241 -1.2682 -0.5504 0.0501 0.4328 0.5504 0.7100 0.9961 0.8954 1.1657 1.1629 0.8492 0.9408 1.2486 1.2770 1.0381 0.8301 0.8924 1.1741 1.3797 1.4465 1.5128 1.6472 1.7044 1.5191 1.2143 1.0527 0.9436 0.8784 1.0111 1.1421 1.1353 1.0634 1.0342 1.0558 1.0936 1.1086 1.0616 0.9097 0.6833 0.5604 0.6460 0.7959 0.7360 0.6605 0.5522 0.5844 0.7374 0.8697 0.7212 0.2770 -0.4054 -1.1418 -1.7585 -2.2925 -2.8335 -3.4457 -3.8849 -4.2116 -4.3025 -4.3263 -4.4151 -4.4493 -4.3194 -4.3611 -4.3305 -4.1165 -3.8511 -3.5268 -3.2278 -2.7799 -2.2237 -1.7681 -1.3456 -0.9103 -0.5834 -0.2887 -0.2168 -0.3603 -0.4782 -0.4777 -0.4469 -0.2674 -0.0214 0.1765 0.5614 1.3898 1.8412 2.5221 2.7615 3.2060 3.5998 3.9942
-5.1070 -5.1301 -4.6489 -3.9673 -3.2228 -2.5908 -2.0932 -1.6407 -1.2200 -0.7101 -0.6795 -0.9294 -1.1307 -1.2615 -1.3181 -1.3333 -1.1372 -0.7372 -0.2795 0.1300 0.1287 -0.1784 -0.4867 -0.6714 -0.5612 -0.4361 -0.4122 -0.4663 -0.5591 -0.6882 -0.8430 -1.0160 -1.1798 -1.2896 -1.4029 -1.8508 -2.3255 -2.8571 -3.4766 -3.9555 -4.0555 -4.1726 -4.2680 -4.2501 -4.5426 -4.6080 -4.3382 -4.0967 -4.3117 -4.4316 -4.4385 -4.1847 -3.7958 -3.1434 -2.4463 -1.9048 -1.4935 -1.3339 -1.0187 -0.6406 -0.3901 -0.0816 0.4230 0.5466 0.3160 0.0483 -0.2791 -0.2955 0.0248 -0.1504 -0.4127 -0.6411 -0.9248 -1.3144 -1.6956 -2.0444 -2.2888 -2.4607 -2.5596 -2.5928 -2.5793 -2.5364 -2.4256 -2.2505 -2.1082 -1.9734 -1.8856 -1.8755 -1.9597 -2.1663 -2.4279 -2.6682 -2.9532 -3.1760 -3.2732 -3.2253 -3.0805 -2.7056 -2.2765 -1.7678 -1.1532 -0.4690 0.1254 0.4631 0.5370 0.6151 0.7740 0.6485 0.8848 0.9495 0.6721 0.7156 1.0543 1.2209 1.0455 0.8148 0.8200 1.0316 1.2388 1.3711 1.4792 1.5782 1.5863 1.4477 1.2924 1.3063 1.2417 1.0863 1.1235 1.1489 1.0602 0.9497 0.9052 0.9271 0.9786 1.0142 0.9906 0.8677 0.6697 0.5588 0.6666 0.8564 0.8622 0.6560 0.5576 0.7765 1.1266 1.4213 1.2437 0.5977 -0.0082 -0.6288 -1.1880 -1.7526 -2.5561 -3.1730 -3.7580 -4.2022 -4.4474 -4.4671 -4.5325 -4.6989 -4.6891 -4.7009 -4.7753 -4.7270 -4.5049 -4.2377 -3.9242 -3.4559 -2.9838 -2.5205 -2.0910 -1.6366 -1.3217 -0.9830 -0.8428 -1.0145 -1.0917 -1.0671 -1.0255 -0.8668 -0.6678 -0.4611 -0.2168 -0.0596 0.2047 0.7696 1.2461 1.8322 2.2629 2.2910
-5.0557 -5.1247 -4.6293 -3.9168 -3.1664 -2.5318 -1.9845 -1.4341 -0.9187 -0.6291 -1.0579 -1.3298 -1.4874 -1.6224 -1.6345 -1.5840 -1.3331 -0.9469 -0.5426 -0.1584 -0.0754 -0.4243 -0.7397 -0.9751 -0.8645 -0.6423 -0.5296 -0.5338 -0.6256 -0.7655 -0.9218 -1.0830 -1.2372 -1.3573 -1.3929 -1.5910 -2.0852 -2.6693 -3.2681 -3.8425 -4.2851 -4.3630 -4.3746 -4.3801 -4.6288 -4.6514 -4.3507 -4.0273 -4.2476 -4.4476 -4.4395 -4.1950 -3.8671 -3.2473 -2.5532 -1.9771 -1.5278 -1.2148 -1.1786 -0.9916 -0.7391 -0.4288 -0.0235 0.3884 0.2130 -0.0288 -0.2986 -0.5380 -0.6218 -0.6874 -0.9120 -1.1099 -1.2715 -1.4923 -1.8188 -2.0701 -2.2652 -2.4100 -2.5097 -2.5750 -2.6239 -2.6566 -2.6649 -2.6318 -2.5908 -2.5440 -2.5123 -2.5301 -2.6384 -2.8491 -3.1062 -3.3780 -3.6189 -3.7254 -3.7072 -3.5164 -3.1131 -2.6493 -2.1499 -1.6230 -1.0286 -0.3766 0.2009 0.6404 0.6537 0.4977 0.5157 0.4503 0.6860 0.7791 0.4810 0.4634 0.8335 1.2170 1.1642 0.8813 0.7962 0.9442 1.1743 1.3706 1.5079 1.5884 1.5971 1.5439 1.5624 1.6738 1.5112 1.3016 1.3520 1.2699 1.0877 0.9378 0.8719 0.8746 0.9085 0.9376 0.9249 0.8452 0.7251 0.6709 0.7337 0.7822 0.7040 0.5478 0.5837 0.9055 1.3246 1.7341 1.5807 0.9291 0.3548 -0.1613 -0.6829 -1.4180 -2.2102 -2.9716 -3.6060 -4.1183 -4.5211 -4.6409 -4.7223 -4.9275 -5.0582 -5.0702 -5.2415 -5.4486 -5.1587 -4.8819 -4.3975 -3.9613 -3.5073 -3.0856 -2.5986 -2.1618 -1.7665 -1.5136 -1.4047 -1.5941 -1.6167 -1.5605 -1.4962 -1.3701 -1.2002 -1.0379 -0.8782 -0.6985 -0.5108 -0.4594 -0.2677 -0.0413 0.2323 0.5653
-4.9213 -4.9479 -4.5141 -3.9018 -3.1522 -2.4476 -1.7947 -1.2297 -0.5436 -1.0283 -1.4445 -1.6769 -1.8785 -2.0177 -2.0171 -1.8958 -1.6003 -1.2248 -0.8350 -0.5396 -0.4059 -0.7068 -1.0171 -1.2796 -1.2156 -1.0018 -0.7052 -0.6149 -0.6734 -0.8044 -0.9489 -1.0976 -1.2555 -1.3854 -1.4166 -1.4567 -1.8895 -2.4318 -3.0566 -3.6477 -4.0848 -4.4581 -4.5711 -4.6393 -4.7939 -4.7071 -4.3723 -3.9776 -4.1932 -4.4718 -4.4271 -4.1863 -3.8793 -3.2949 -2.6454 -2.1069 -1.6523 -1.1424 -1.3521 -1.4506 -1.2442 -0.9048 -0.4942 -0.2233 -0.3853 -0.6046 -0.7917 -1.0010 -1.1521 -1.3056 -1.5121 -1.6525 -1.6952 -1.7299 -1.9144 -2.0900 -2.2311 -2.3465 -2.4473 -2.5429 -2.6422 -2.7759 -2.8803 -2.9788 -3.0269 -3.0521 -3.0686 -3.1161 -3.2522 -3.4697 -3.7059 -3.9302 -4.1125 -4.1399 -3.9920 -3.6492 -3.1857 -2.6661 -2.1396 -1.6017 -0.9919 -0.3271 0.2565 0.7501 0.6808 0.3455 0.2233 0.2768 0.5754 0.6473 0.2483 0.2496 0.6904 1.2017 1.4191 1.1382 0.9567 0.9665 1.1771 1.4021 1.5751 1.6853 1.7472 1.8054 1.9155 1.9321 1.5668 1.3483 1.5774 1.5946 1.4091 1.2326 1.1397 1.1048 1.0974 1.0924 1.0646 1.0050 0.9394 0.9111 0.8797 0.8168 0.8390 0.9150 0.9478 1.1259 1.4916 1.8716 1.8342 1.4506 0.9730 0.2951 -0.4079 -1.1458 -1.9077 -2.7264 -3.4221 -3.9276 -4.2876 -4.4882 -4.6673 -4.9273 -5.2452 -5.4347 -5.5874 -5.4881 -5.2699 -5.0885 -4.6325 -4.2118 -3.8151 -3.3599 -2.8969 -2.4576 -2.0460 -1.8693 -1.8206 -1.5991 -1.3363 -1.1841 -1.1843 -1.2806 -1.4419 -1.5046 -1.4107 -1.2732 -1.1554 -1.0421 -0.8951 -0.7220 -0.5132 -0.4578
-4.7025 -4.5236 -4.2700 -3.6783 -2.9679 -2.2577 -1.5786 -0.9986 -0.7274 -1.3476 -1.7026 -2.0699 -2.2707 -2.4169 -2.3934 -2.1973 -1.8964 -1.5462 -1.2019 -0.9751 -0.7941 -0.9792 -1.3084 -1.5835 -1.5422 -1.3429 -1.0049 -0.7088 -0.6956 -0.8035 -0.9414 -1.0910 -1.2498 -1.3901 -1.4356 -1.4498 -1.8129 -2.3049 -2.8835 -3.4452 -3.9187 -4.2922 -4.6581 -4.9463 -5.0149 -4.7882 -4.4424 -3.9706 -4.1711 -4.4637 -4.4043 -4.1730 -3.8743 -3.3180 -2.7297 -2.2800 -1.9146 -1.5298 -1.8053 -1.9678 -1.8429 -1.6256 -1.3136 -1.0481 -1.1934 -1.3499 -1.4883 -1.6149 -1.7535 -1.9292 -2.1303 -2.1959 -2.1498 -2.0947 -2.0899 -2.1735 -2.2585 -2.3455 -2.4457 -2.5674 -2.7195 -2.8955 -3.1302 -3.2965 -3.4158 -3.4798 -3.5282 -3.5970 -3.7622 -3.9604 -4.1495 -4.3399 -4.4932 -4.4222 -4.2001 -3.8302 -3.3045 -2.7398 -2.2044 -1.6796 -1.0732 -0.4121 0.2106 0.7554 0.5250 0.1507 -0.0970 0.0617 0.4626 0.5014 -0.0034 0.0702 0.6036 1.2265 1.7027 1.5764 1.3853 1.2462 1.2641 1.3789 1.4992 1.5982 1.6864 1.7900 1.9089 1.8967 1.5567 1.3336 1.6588 1.9340 1.8369 1.6787 1.5769 1.5275 1.5040 1.4824 1.4455 1.3895 1.3344 1.3342 1.3253 1.3514 1.4098 1.5181 1.4567 1.4141 1.6527 2.0484 2.2354 1.9957 1.5220 0.8798 -0.1250 -0.9024 -1.7822 -2.5832 -3.1816 -3.6682 -3.8986 -4.0940 -4.3544 -4.6811 -5.0476 -5.3759 -5.3154 -5.0286 -4.7547 -4.6134 -4.4653 -4.3919 -4.0153 -3.5364 -3.0276 -2.5245 -2.1201 -1.7970 -1.4678 -1.1922 -1.1967 -1.2301 -1.2061 -1.1369 -1.1242 -1.2879 -1.5585 -1.7185 -1.6667 -1.5510 -1.4057 -1.2500 -1.0778 -1.0378
-4.2595 -3.9622 -3.6911 -3.3878 -2.7146 -2.0506 -1.5153 -0.7582 -1.1050 -1.5710 -2.0238 -2.3909 -2.6491 -2.7855 -2.7360 -2.4668 -2.1605 -1.8579 -1.5913 -1.3708 -1.2029 -1.3327 -1.5932 -1.8741 -1.8718 -1.5790 -1.2208 -0.8025 -0.6891 -0.7514 -0.8762 -1.0305 -1.2040 -1.3622 -1.4385 -1.4540 -1.7572 -2.2305 -2.7761 -3.2968 -3.7478 -4.1104 -4.4869 -4.8634 -5.1742 -4.9045 -4.5611 -4.0303 -4.1875 -4.4503 -4.3796 -4.1617 -3.8719 -3.3445 -2.8165 -2.4807 -2.2270 -2.0004 -2.2324 -2.4326 -2.5072 -2.4717 -2.3861 -2.2883 -2.3705 -2.4119 -2.3997 -2.4258 -2.4801 -2.6240 -2.7962 -2.7702 -2.6434 -2.5051 -2.4169 -2.3877 -2.4169 -2.4742 -2.5747 -2.7166 -2.9546 -3.1894 -3.4156 -3.6370 -3.7730 -3.8584 -3.9245 -3.9993 -4.1500 -4.3063 -4.4955 -4.6712 -4.7414 -4.6962 -4.4325 -4.0428 -3.4978 -2.9134 -2.3911 -1.8654 -1.2868 -0.6519 -0.0135 0.6494 0.3492 -0.0062 -0.3513 -0.2006 0.2990 0.1806 -0.2324 -0.0217 0.6530 1.4241 1.9017 2.0323 1.9050 1.7506 1.6578 1.5910 1.5506 1.5218 1.5070 1.5041 1.5693 1.6637 1.5845 1.4008 1.5368 1.8880 2.0812 2.0771 2.0144 1.9702 1.9458 1.9256 1.8986 1.8654 1.8400 1.8095 1.8598 1.9711 2.1743 2.0877 1.7325 1.4869 1.7516 2.1988 2.5142 2.4492 2.0117 1.2108 0.0517 -0.7975 -1.6828 -2.4086 -2.9695 -3.2365 -3.4658 -3.7324 -4.0320 -4.3139 -4.5424 -4.7513 -4.5926 -4.4289 -4.2717 -4.3936 -4.5021 -4.2522 -3.8156 -3.3559 -2.8286 -2.3535 -1.9125 -1.4656 -1.3876 -1.4666 -1.4587 -1.4068 -1.4051 -1.4161 -1.3141 -1.1710 -1.2088 -1.4187 -1.6254 -1.7294 -1.7349 -1.6456 -1.4934 -1.4065
-3.5176 -3.1518 -2.9976 -2.7202 -2.3407 -1.8255 -1.2779 -0.8313 -1.2948 -1.7517 -2.2419 -2.6804 -2.9522 -3.0301 -2.9084 -2.6677 -2.3979 -2.1611 -1.9383 -1.7403 -1.5859 -1.6608 -1.8790 -2.1414 -2.1194 -1.7524 -1.3584 -0.9559 -0.6657 -0.6713 -0.7673 -0.9141 -1.1064 -1.2998 -1.4204 -1.4594 -1.6278 -2.1401 -2.6322 -3.1593 -3.6049 -3.9333 -4.2924 -4.6885 -5.0140 -4.9793 -4.7315 -4.1923 -4.2387 -4.4322 -4.3646 -4.1518 -3.8854 -3.4045 -2.9394 -2.7982 -2.5856 -2.4017 -2.6230 -2.9387 -3.1974 -3.4562 -3.6784 -3.7326 -3.7904 -3.7471 -3.5791 -3.4792 -3.4460 -3.5260 -3.6220 -3.5064 -3.2719 -3.0496 -2.8841 -2.8355 -2.8670 -2.9158 -2.9978 -3.1522 -3.3562 -3.5446 -3.7605 -3.9636 -4.1244 -4.2304 -4.2994 -4.3591 -4.4493 -4.5617 -4.7005 -4.8417 -4.9364 -4.9248 -4.6654 -4.2587 -3.6949 -3.0987 -2.5634 -2.0981 -1.5354 -0.8794 -0.3063 0.2584 0.2394 -0.1584 -0.5077 -0.4553 0.0868 -0.0480 -0.3944 -0.0157 0.8692 1.7199 2.3026 2.5279 2.5835 2.5304 2.4439 2.3742 2.3048 2.2276 2.1156 1.9390 1.8375 1.7976 1.7471 1.5896 1.4829 1.6211 1.8785 2.0103 2.0195 2.0039 1.9983 1.9965 1.9865 1.9693 1.9695 2.0232 2.1259 2.1440 1.9294 1.8372 1.7169 1.5171 1.6641 2.1252 2.4665 2.3689 2.1695 1.4873 0.3954 -0.7821 -1.5770 -2.1699 -2.4882 -2.7544 -2.9944 -3.2483 -3.4936 -3.6469 -3.7994 -3.9356 -3.8750 -3.8450 -4.0818 -4.2863 -4.3792 -4.0241 -3.6087 -3.1558 -2.6361 -2.1589 -1.7110 -1.6516 -1.6776 -1.5895 -1.4100 -1.2817 -1.2548 -1.3343 -1.4465 -1.4086 -1.2349 -1.1714 -1.2594 -1.3818 -1.4668 -1.5063 -1.4979 -1.4902
-2.4862 -2.1552 -2.1710 -1.9485 -1.6719 -1.4422 -0.8844 -0.8774 -1.4407 -1.9364 -2.4522 -2.8778 -3.1383 -3.1513 -2.9664 -2.7242 -2.5397 -2.3974 -2.2415 -2.0762 -1.9460 -2.0041 -2.1808 -2.3818 -2.2818 -1.9104 -1.4672 -1.0271 -0.6357 -0.5973 -0.6571 -0.7705 -0.9615 -1.2005 -1.3853 -1.4714 -1.5665 -1.9854 -2.4551 -2.9553 -3.4674 -3.8888 -4.1459 -4.4619 -4.7125 -4.9181 -4.8714 -4.4538 -4.3093 -4.3997 -4.3923 -4.1295 -3.9232 -3.5257 -3.1365 -3.1080 -2.9467 -2.6704 -3.0226 -3.5798 -4.1036 -4.4425 -4.9093 -5.0600 -5.0108 -4.9541 -4.7256 -4.5486 -4.4758 -4.5152 -4.5160 -4.4714 -4.1452 -3.8049 -3.5979 -3.4061 -3.3884 -3.4284 -3.5007 -3.6401 -3.8361 -4.0055 -4.2014 -4.3793 -4.5026 -4.6088 -4.6676 -4.7051 -4.7269 -4.7744 -4.8556 -4.9639 -5.0718 -5.1043 -4.8887 -4.4844 -3.9076 -3.3234 -2.7770 -2.3288 -1.7370 -1.1177 -0.5599 -0.0735 0.1309 -0.1712 -0.5469 -0.6684 -0.1600 -0.3017 -0.5135 -0.0001 1.1376 2.0272 2.6784 3.0067 3.1416 3.1344 3.0982 3.0132 2.9089 2.7847 2.6984 2.6865 2.5792 2.3941 2.2002 1.9935 1.8371 1.7911 1.8530 1.8935 1.8816 1.8657 1.8609 1.8606 1.8587 1.8657 1.9128 2.0063 2.0282 1.7098 1.4171 1.4400 1.6316 1.5350 1.4683 1.7852 2.0535 1.9471 1.9502 1.5439 0.6149 -0.7094 -1.3851 -1.8222 -1.9461 -2.1586 -2.4169 -2.6155 -2.7884 -2.8276 -2.8464 -2.9086 -3.0327 -3.2746 -3.5706 -3.8940 -4.0511 -3.8019 -3.4152 -2.9666 -2.5539 -2.3256 -2.2096 -2.1335 -1.9386 -1.6324 -1.3742 -1.2211 -1.1550 -1.1624 -1.2577 -1.4079 -1.4285 -1.2777 -1.1729 -1.1771 -1.2397 -1.3180 -1.3725 -1.3829
-1.1972 -1.1645 -1.2913 -1.1799 -0.9417 -0.9572 -0.9245 -0.8688 -1.4268 -2.0423 -2.5902 -3.0055 -3.1999 -3.1652 -3.0051 -2.8334 -2.6988 -2.5823 -2.4602 -2.3662 -2.3311 -2.3856 -2.5200 -2.5732 -2.3810 -1.9796 -1.5103 -1.0508 -0.6126 -0.5559 -0.5929 -0.6670 -0.8177 -1.0754 -1.3438 -1.4886 -1.5670 -1.8027 -2.2691 -2.7705 -3.2850 -3.7660 -4.1616 -4.3103 -4.3692 -4.7198 -5.0403 -4.5615 -4.5381 -4.6629 -4.6744 -4.3086 -4.0550 -3.7739 -3.4442 -3.3575 -3.1973 -3.1491 -3.6254 -4.1787 -4.9459 -5.3735 -5.8536 -6.1975 -6.5563 -6.5809 -6.4905 -6.3579 -6.2558 -6.2321 -5.9439 -5.5373 -5.0841 -4.7231 -4.5245 -4.2492 -4.0931 -4.0708 -4.1064 -4.1981 -4.3457 -4.5276 -4.6728 -4.8346 -4.9981 -5.0607 -5.0749 -5.0642 -5.0318 -5.0160 -5.0296 -5.0841 -5.1778 -5.2606 -5.1585 -4.7179 -4.1573 -3.5150 -2.9802 -2.5694 -1.9866 -1.3214 -0.7630 -0.3794 -0.0939 -0.1316 -0.5406 -0.7303 -0.4187 -0.6026 -0.5005 0.0832 1.3305 2.2782 2.8767 3.2316 3.3817 3.4549 3.4918 3.5121 3.5260 3.5279 3.5006 3.4250 3.2648 2.9916 2.6725 2.4371 2.3016 2.1807 2.0659 1.9585 1.8775 1.8369 1.8236 1.8235 1.8337 1.8657 1.9336 1.9885 1.8189 1.3670 1.0190 1.0972 1.4826 1.4976 1.2898 1.4533 1.6302 1.5523 1.5671 1.4215 0.6057 -0.6216 -1.1781 -1.3350 -1.4118 -1.5831 -1.8576 -2.0306 -2.1301 -2.1200 -2.0526 -2.0905 -2.3464 -2.7009 -3.1554 -3.5297 -3.6698 -3.3986 -3.2275 -3.2386 -3.0560 -2.8395 -2.6982 -2.5580 -2.1395 -1.7067 -1.3950 -1.2365 -1.1303 -1.0524 -1.0084 -1.0821 -1.2224 -1.3276 -1.2877 -1.2114 -1.1855 -1.1787 -1.0855 -1.0521
-0.5238 -0.3462 -0.5426 -0.4465 -0.3252 -0.5536 -0.7621 -0.7007 -1.1820 -1.8717 -2.4501 -2.8628 -3.0827 -3.1523 -3.1071 -3.0040 -2.8887 -2.7856 -2.7914 -2.7626 -2.7508 -2.7839 -2.8565 -2.7212 -2.4304 -2.0055 -1.5106 -1.0378 -0.6103 -0.5516 -0.5778 -0.6286 -0.7411 -0.9805 -1.2994 -1.5071 -1.5830 -1.6932 -2.1030 -2.5847 -3.1114 -3.6233 -4.0674 -4.3521 -4.2865 -4.5872 -4.9967 -4.6321 -4.9836 -5.1044 -4.9860 -4.6167 -4.3215 -4.0660 -3.5828 -3.4539 -3.3460 -3.6927 -4.2221 -4.9424 -5.4535 -6.2281 -6.9308 -7.2607 -7.4205 -7.5336 -7.6293 -7.7009 -7.6844 -7.5695 -7.3313 -6.9614 -6.4522 -6.0336 -5.5241 -5.2272 -4.9263 -4.7582 -4.7177 -4.7492 -4.8583 -5.0326 -5.2286 -5.4026 -5.4850 -5.4992 -5.4897 -5.4564 -5.3973 -5.3079 -5.2493 -5.2438 -5.3087 -5.4314 -5.4104 -4.9748 -4.3158 -3.7534 -3.2760 -2.9073 -2.2756 -1.5593 -0.9817 -0.6065 -0.3494 -0.2890 -0.5225 -0.7236 -0.6220 -0.7709 -0.3333 0.2694 1.4745 2.3587 2.9038 3.1931 3.2718 3.1974 3.1030 3.0445 3.0248 3.0180 2.9947 2.9303 2.7865 2.6986 2.4155 2.2263 2.2215 2.1753 2.0740 1.9517 1.8671 1.8328 1.8279 1.8364 1.8552 1.8870 1.9175 1.8711 1.5940 1.1552 0.7611 0.8912 1.3368 1.4147 1.1737 1.2418 1.3045 1.2198 1.2346 1.1829 0.2537 -0.5778 -1.1630 -1.2808 -1.1030 -1.1069 -1.4069 -1.5958 -1.6437 -1.5468 -1.5097 -1.6226 -1.9963 -2.4597 -2.9324 -3.1459 -3.2203 -3.3684 -3.7221 -3.7372 -3.6062 -3.4071 -3.1993 -2.7927 -2.3173 -1.9701 -1.6751 -1.4160 -1.1902 -1.0139 -0.8546 -0.7209 -0.8503 -0.9263 -0.9262 -0.8509 -0.7719 -0.7328 -0.5794 -0.2879
0.3053 0.2962 0.0282 0.1714 0.0629 -0.1538 -0.3204 -0.2471 -0.8451 -1.6545 -2.3211 -2.7912 -3.0474 -3.1291 -3.1491 -3.1695 -3.1987 -3.2132 -3.1686 -3.1652 -3.1636 -3.1661 -3.0271 -2.8025 -2.4456 -1.9997 -1.4892 -1.0185 -0.6450 -0.5864 -0.6031 -0.6475 -0.7494 -0.9704 -1.2869 -1.5169 -1.5925 -1.6630 -1.9560 -2.4097 -2.9465 -3.5078 -4.0174 -4.4371 -4.5204 -4.4379 -5.0644 -4.8605 -5.3977 -5.5640 -5.2444 -4.8509 -4.5595 -4.1647 -3.7539 -3.8250 -3.8962 -4.2589 -4.8305 -5.4426 -6.2328 -7.1226 -7.6303 -7.8419 -7.8822 -7.9703 -8.0795 -8.1745 -8.1995 -8.0925 -7.8313 -7.6206 -7.5302 -7.4095 -7.2061 -6.9902 -6.4133 -5.9995 -5.6849 -5.5305 -5.5448 -5.6667 -5.8198 -5.9167 -5.9509 -5.9343 -5.9187 -5.8864 -5.8058 -5.6881 -5.5613 -5.4750 -5.5030 -5.6285 -5.7071 -5.2991 -4.5707 -4.0194 -3.7029 -3.3030 -2.5732 -1.8213 -1.2612 -0.9242 -0.6719 -0.5636 -0.6377 -0.6854 -0.7027 -0.6605 -0.2579 0.7008 1.7295 2.4845 3.0125 3.0748 2.8812 2.7504 2.6432 2.5689 2.5389 2.5206 2.4846 2.4066 2.2174 2.0118 1.7421 1.6442 1.6756 1.7851 1.8303 1.8002 1.7749 1.7741 1.7862 1.7997 1.8095 1.8118 1.7886 1.6838 1.3803 0.9642 0.6050 0.8020 1.2602 1.3464 1.1044 1.1511 1.1392 1.0282 1.0305 0.9454 0.0519 -0.6367 -1.1764 -1.2952 -1.0805 -1.0037 -1.1191 -1.2576 -1.3536 -1.4046 -1.4492 -1.6414 -2.0577 -2.4737 -2.8685 -3.1581 -3.3596 -3.7766 -4.0982 -4.2113 -4.0781 -3.8736 -3.4637 -3.0084 -2.5917 -2.2359 -1.9592 -1.7288 -1.4352 -1.1247 -0.7995 -0.5510 -0.3425 -0.5004 -0.4547 -0.3573 -0.2277 -0.1987 0.0086 0.5896
0.7796 0.6466 0.5971 0.8717 0.6630 0.3609 0.1700 0.1362 -0.5953 -1.3705 -2.1171 -2.6660 -3.0630 -3.3409 -3.4149 -3.4143 -3.4033 -3.4113 -3.4254 -3.3978 -3.2468 -3.0674 -2.8649 -2.6750 -2.3203 -1.9102 -1.4409 -0.9955 -0.7301 -0.6748 -0.6850 -0.7352 -0.8468 -1.0541 -1.3266 -1.5197 -1.5878 -1.6503 -1.9583 -2.4386 -3.0038 -3.5678 -4.0973 -4.5375 -4.7795 -4.7340 -5.1742 -5.1200 -5.6098 -5.6759 -5.2142 -4.9122 -4.7371 -4.3898 -4.2398 -4.2912 -4.4479 -4.7040 -5.2569 -6.0576 -7.1514 -7.8006 -8.0907 -8.2412 -8.2864 -8.3175 -8.2599 -8.2221 -8.1898 -8.1594 -8.1148 -8.0455 -8.0384 -8.0113 -7.8332 -7.6653 -7.5562 -7.1460 -6.7162 -6.4027 -6.2637 -6.2846 -6.3394 -6.3660 -6.3473 -6.3178 -6.3136 -6.3046 -6.2531 -6.1398 -5.9990 -5.9030 -5.8597 -5.9235 -6.0036 -5.5943 -4.8484 -4.4237 -4.1517 -3.6208 -2.9449 -2.1631 -1.5849 -1.2457 -1.0748 -0.8896 -0.7631 -0.6370 -0.6975 -0.4497 0.1072 1.0721 2.0063 2.7092 2.7841 2.4926 2.2333 1.9810 1.8247 1.7394 1.7035 1.6711 1.6123 1.5103 1.3642 1.1995 1.0939 1.1173 1.2335 1.3514 1.4164 1.4796 1.5414 1.5827 1.6176 1.6386 1.6480 1.6425 1.6041 1.4765 1.1769 0.7883 0.5450 0.8150 1.2714 1.3150 1.0852 1.1372 1.0684 0.9331 0.9132 0.7690 -0.1107 -0.7188 -1.1934 -1.2588 -1.0988 -1.0096 -0.9671 -1.0631 -1.2860 -1.5283 -1.7564 -1.9748 -2.2832 -2.6474 -2.9536 -3.1384 -3.4396 -3.8877 -4.2752 -4.4353 -4.2176 -3.9086 -3.5472 -3.1728 -2.7822 -2.4186 -2.1129 -1.9167 -1.6459 -1.2979 -0.9127 -0.5320 -0.2114 0.0418 0.0243 0.1703 0.3659 0.6082 0.8106 1.1777
0.6780 0.6819 1.0076 1.5035 1.4398 1.0129 0.3938 0.0054 -0.6670 -1.5132 -2.2563 -2.7518 -2.9500 -2.9346 -2.8980 -2.8638 -2.8504 -2.8861 -2.9385 -2.9389 -2.8481 -2.6636 -2.4771 -2.2904 -2.1260 -1.7809 -1.3904 -1.0341 -0.8885 -0.8448 -0.8560 -0.9142 -1.0321 -1.2095 -1.4024 -1.5326 -1.5849 -1.6624 -2.0954 -2.6297 -3.2124 -3.7452 -4.2183 -4.6098 -4.7293 -4.8818 -5.3895 -5.1932 -5.6221 -5.8140 -5.3723 -5.2751 -5.0557 -4.8639 -4.7667 -4.7779 -4.9293 -5.2472 -5.6739 -6.6699 -7.6949 -8.2664 -8.5000 -8.5985 -8.5317 -8.4331 -8.3471 -8.3132 -8.3616 -8.4186 -8.3733 -8.1059 -8.1282 -8.2919 -8.0949 -7.7680 -7.5906 -7.4940 -7.2551 -7.0233 -6.8144 -6.7501 -6.6974 -6.6138 -6.5590 -6.5424 -6.5723 -6.6359 -6.6650 -6.6131 -6.4976 -6.4010 -6.3217 -6.3102 -6.2956 -5.8616 -5.1933 -4.8554 -4.5249 -3.9851 -3.2030 -2.4351 -1.8597 -1.5998 -1.4265 -1.1783 -0.8323 -0.5848 -0.5293 -0.1434 0.5533 1.4409 2.3369 2.5375 2.1335 1.8011 1.4939 1.2604 1.1518 1.1092 1.1064 1.1049 1.0741 0.9971 0.8772 0.7340 0.6348 0.6328 0.6924 0.8195 0.9321 1.0615 1.1927 1.3065 1.3756 1.4137 1.4349 1.4292 1.3749 1.2140 0.9520 0.6197 0.5390 0.8997 1.3362 1.2987 1.1028 1.1657 1.0466 0.8935 0.8425 0.6293 -0.2215 -0.7766 -1.1989 -1.2651 -1.1816 -1.0948 -0.9733 -1.2605 -1.6299 -1.9203 -2.1197 -2.3023 -2.4682 -2.5430 -2.6357 -2.8372 -3.2566 -3.7002 -4.0871 -3.9935 -3.7760 -3.4742 -3.1823 -2.9029 -2.5734 -2.2746 -2.0889 -1.9284 -1.7434 -1.4544 -1.0633 -0.6641 -0.2518 0.0396 0.3814 0.7382 0.9773 1.1407 1.2996 1.5066
0.4221 0.5427 0.9464 1.2178 1.1142 0.6853 0.1211 -0.2453 -0.8213 -1.4521 -2.0240 -2.3403 -2.4400 -2.3315 -2.2271 -2.2700 -2.2723 -2.3503 -2.4509 -2.4799 -2.3761 -2.1640 -2.0537 -1.8791 -1.7215 -1.5062 -1.3333 -1.1856 -1.1006 -1.0731 -1.0877 -1.1429 -1.2397 -1.3693 -1.4969 -1.5808 -1.6143 -1.8544 -2.3483 -2.8631 -3.4428 -3.9594 -4.3825 -4.5498 -4.4795 -4.8595 -5.3474 -5.1116 -5.5301 -5.8827 -5.7333 -5.6254 -5.3652 -5.2370 -5.2200 -5.2670 -5.4348 -5.6689 -6.1897 -7.1294 -8.0683 -8.4913 -8.8863 -8.9609 -8.7445 -8.4701 -8.3005 -8.1897 -8.1956 -8.4644 -8.7428 -8.5177 -8.1183 -8.2005 -7.9975 -7.6573 -7.3078 -7.0683 -6.9107 -6.7660 -6.6358 -6.5122 -6.4239 -6.3927 -6.4021 -6.4149 -6.4185 -6.4472 -6.5523 -6.7152 -6.8424 -6.8544 -6.8007 -6.7368 -6.5048 -6.1258 -5.6484 -5.4033 -4.8096 -4.2553 -3.4803 -2.6713 -2.0229 -1.6653 -1.6462 -1.2677 -0.8283 -0.4368 -0.1798 0.4025 1.0795 1.9529 2.2973 1.8487 1.4607 1.1813 0.9193 0.8042 0.7399 0.7108 0.7091 0.7220 0.6880 0.6229 0.4998 0.3511 0.2340 0.2114 0.2546 0.3265 0.4868 0.6740 0.8750 0.9780 1.0048 1.0198 1.0302 1.0183 0.9780 0.8458 0.6776 0.4687 0.5892 1.0091 1.3945 1.2674 1.1359 1.1971 1.0280 0.8625 0.7808 0.4892 -0.3231 -0.8257 -1.2051 -1.3293 -1.3152 -1.2005 -1.1088 -1.5343 -1.8707 -2.1827 -2.4321 -2.4900 -2.3779 -2.3042 -2.3745 -2.6185 -3.0598 -3.5159 -3.7521 -3.6050 -3.2901 -3.0077 -2.7407 -2.5030 -2.2955 -2.1790 -2.0876 -1.9666 -1.7815 -1.5394 -1.2122 -0.8256 -0.4317 -0.0479 0.1842 0.6184 1.0997 1.4676 1.6269 1.7803
0.0733 0.1515 0.2006 0.1265 -0.0039 -0.1795 -0.3363 -0.3003 -0.7032 -1.2397 -1.7025 -1.8980 -1.8656 -1.7316 -1.5965 -1.4387 -1.5687 -1.7958 -2.0446 -2.2146 -2.2334 -2.0890 -1.8320 -1.5960 -1.4656 -1.4282 -1.3905 -1.3279 -1.2726 -1.2498 -1.2633 -1.3104 -1.3945 -1.5030 -1.6133 -1.6803 -1.8078 -2.1797 -2.6213 -3.1465 -3.6967 -4.1692 -4.4660 -4.4023 -4.3234 -4.8307 -5.2492 -5.1105 -5.4791 -5.7331 -5.7848 -5.6992 -5.4562 -5.5021 -5.6154 -5.7585 -5.9884 -6.3177 -6.7002 -7.2660 -7.8902 -8.3433 -8.7673 -9.1351 -9.1049 -8.8178 -8.5546 -8.2834 -8.1729 -8.2544 -8.6793 -8.8530 -8.4689 -8.1324 -7.9399 -7.5967 -7.3131 -6.9481 -6.6803 -6.4855 -6.3465 -6.2818 -6.2923 -6.3577 -6.4324 -6.4692 -6.4400 -6.3661 -6.3088 -6.3347 -6.4722 -6.6458 -6.7576 -6.7734 -6.6464 -6.3333 -6.0660 -5.7252 -5.0388 -4.3964 -3.5684 -2.7362 -2.0912 -1.6015 -1.5629 -1.1109 -0.6465 -0.1822 0.2390 0.8863 1.7196 2.2054 1.6812 1.2569 0.9726 0.7650 0.6633 0.5313 0.4028 0.3286 0.2655 0.2285 0.2314 0.1981 0.0925 -0.0490 -0.1691 -0.2132 -0.1898 -0.0559 0.1266 0.3308 0.3676 0.3386 0.2707 0.2496 0.2631 0.2943 0.4297 0.3198 0.3157 0.3367 0.6606 1.1063 1.3910 1.2074 1.1531 1.1826 0.9651 0.7994 0.6911 0.3826 -0.3391 -0.8023 -1.1789 -1.4167 -1.4620 -1.3423 -1.4265 -1.8308 -2.1562 -2.4553 -2.6324 -2.4974 -2.2917 -2.2448 -2.3490 -2.6567 -3.0734 -3.4858 -3.6962 -3.4187 -3.0378 -2.6531 -2.3806 -2.1834 -2.0213 -1.9160 -1.8611 -1.8256 -1.7792 -1.6301 -1.3532 -0.9979 -0.6876 -0.3047 0.0134 0.2672 0.6724 1.1819 1.5347 1.8391
-0.2109 -0.5522 -0.6800 -0.8784 -0.9861 -0.9384 -0.8976 -0.7826 -0.5925 -0.7438 -1.0195 -1.1721 -1.2801 -1.3800 -1.4808 -1.5808 -1.7876 -1.9879 -2.1577 -2.3010 -2.3151 -2.1794 -1.9728 -1.6407 -1.4823 -1.4823 -1.4971 -1.4509 -1.3958 -1.3828 -1.4116 -1.4721 -1.5673 -1.6866 -1.8255 -2.0070 -2.2421 -2.5457 -2.9662 -3.4711 -3.9320 -4.3472 -4.4345 -4.2955 -4.2966 -4.8295 -5.1722 -5.2133 -5.5541 -5.8304 -5.9090 -5.7223 -5.5832 -5.7074 -5.9380 -6.2084 -6.4595 -6.6667 -6.8419 -7.1944 -7.6984 -8.1537 -8.5351 -8.7511 -8.9361 -9.0763 -8.8979 -8.5911 -8.3168 -8.2975 -8.4930 -8.9182 -8.6926 -8.3034 -7.9615 -7.5881 -7.2302 -6.9657 -6.7418 -6.5912 -6.4938 -6.4501 -6.4308 -6.4194 -6.4153 -6.4207 -6.4214 -6.4218 -6.4320 -6.4145 -6.3601 -6.3303 -6.3598 -6.4235 -6.4837 -6.4781 -6.3388 -5.9565 -5.1928 -4.4629 -3.5945 -2.7771 -2.1330 -1.6071 -1.3971 -0.9188 -0.3153 0.3144 0.7347 1.3880 2.1600 1.7928 1.2497 0.8615 0.6487 0.4958 0.3533 0.2126 0.0737 -0.0442 -0.1334 -0.1908 -0.2142 -0.2317 -0.3058 -0.4275 -0.5453 -0.6101 -0.6140 -0.4561 -0.2458 -0.0778 -0.1168 -0.2210 -0.3392 -0.3839 -0.3765 -0.3276 -0.3376 -0.1704 -0.0812 0.1425 0.6241 1.1442 1.2879 1.1047 1.1070 1.0779 0.8190 0.6718 0.5485 0.1154 -0.3409 -0.7772 -1.1491 -1.4810 -1.5996 -1.5798 -1.8025 -2.1380 -2.4937 -2.7738 -2.7836 -2.5011 -2.2887 -2.2971 -2.4206 -2.8049 -3.2316 -3.6517 -3.7360 -3.3331 -2.8357 -2.3939 -2.0333 -1.8045 -1.6372 -1.5526 -1.5008 -1.4723 -1.4493 -1.4427 -1.3950 -1.2082 -0.8631 -0.5744 -0.2289 0.0418 0.2701 0.6140 0.9550 1.3148
-1.3281 -1.4133 -1.6539 -1.8877 -1.9779 -1.7464 -1.5109 -1.3018 -1.2621 -1.3329 -1.4020 -1.4975 -1.6402 -1.7932 -1.9165 -2.0164 -2.1545 -2.3447 -2.5702 -2.7260 -2.7222 -2.5255 -2.3265 -2.0436 -1.8052 -1.6713 -1.6732 -1.6431 -1.6296 -1.7387 -1.8338 -1.9278 -2.0288 -2.1387 -2.2425 -2.4218 -2.6472 -2.9652 -3.3489 -3.7597 -4.1606 -4.4225 -4.3845 -4.2357 -4.3329 -4.8560 -5.1386 -5.3409 -5.7445 -6.2013 -6.1932 -5.8194 -5.6687 -5.8181 -6.1538 -6.4504 -6.6050 -6.7007 -6.9836 -7.3580 -7.6836 -7.9143 -8.1199 -8.3405 -8.5376 -8.7376 -8.9153 -8.9411 -8.6708 -8.4412 -8.5296 -8.7752 -8.8595 -8.4864 -8.1204 -7.7878 -7.2924 -6.9297 -6.8125 -6.7774 -6.7340 -6.6164 -6.4392 -6.3098 -6.2780 -6.2947 -6.3037 -6.2944 -6.3066 -6.3785 -6.4707 -6.4770 -6.4023 -6.3698 -6.4610 -6.5509 -6.2623 -5.8267 -5.0558 -4.3159 -3.5135 -2.7921 -2.1963 -1.7198 -1.3063 -0.7393 0.1444 0.7131 1.0562 1.7296 2.1146 1.5810 1.0324 0.5484 0.3162 0.1574 0.0271 -0.1382 -0.2896 -0.4387 -0.5395 -0.5963 -0.6099 -0.6151 -0.6550 -0.7139 -0.8226 -0.9605 -1.0030 -0.8345 -0.6209 -0.4628 -0.5989 -0.7553 -0.9171 -0.9906 -0.9959 -0.9480 -0.8811 -0.6701 -0.4906 -0.1549 0.4478 0.9247 1.0633 0.9195 0.9544 0.8724 0.5827 0.4673 0.3160 -0.0662 -0.4714 -0.7155 -1.1094 -1.4684 -1.7743 -2.0440 -2.2830 -2.5999 -2.9515 -3.1579 -3.0110 -2.5666 -2.3454 -2.3721 -2.5017 -2.9812 -3.4053 -3.8096 -3.6277 -3.1573 -2.6062 -2.0958 -1.7344 -1.4396 -1.2480 -1.1434 -1.1206 -1.1208 -1.1248 -1.1345 -1.1564 -1.1656 -1.0521 -0.7607 -0.5011 -0.1636 0.0334 0.1821 0.4075 0.5662
-2.3453 -2.1650 -2.4214 -2.6448 -2.7511 -2.5431 -2.2911 -2.0410 -2.0057 -2.0386 -2.0653 -2.1250 -2.2331 -2.3461 -2.4206 -2.4469 -2.4801 -2.6382 -2.8653 -3.0636 -3.0589 -2.8821 -2.6498 -2.4074 -2.2193 -2.0577 -1.9913 -1.9949 -2.0609 -2.1342 -2.2417 -2.3406 -2.4406 -2.5463 -2.6652 -2.8328 -3.0232 -3.3329 -3.6745 -4.0307 -4.3434 -4.4124 -4.3398 -4.2060 -4.4221 -4.8591 -5.1532 -5.4628 -5.9018 -6.4477 -6.3305 -5.8525 -5.7047 -5.9567 -6.3225 -6.5418 -6.6357 -6.8553 -7.1897 -7.3736 -7.2957 -7.3485 -7.6030 -7.8563 -8.1076 -8.3247 -8.5545 -8.7812 -8.9289 -8.7750 -8.6192 -8.7708 -8.9763 -8.6795 -8.3357 -8.0054 -7.6571 -7.1275 -6.7824 -6.8276 -6.8815 -6.7622 -6.5852 -6.5620 -6.6329 -6.7227 -6.7569 -6.7199 -6.6163 -6.4829 -6.3645 -6.3657 -6.3939 -6.4711 -6.6387 -6.6150 -6.1426 -5.5997 -4.7629 -4.0468 -3.3551 -2.7829 -2.2757 -1.7742 -1.2356 -0.6127 0.4502 1.0011 1.3448 1.9058 2.0057 1.4822 0.8673 0.3055 0.0005 -0.1721 -0.3498 -0.5121 -0.6716 -0.8247 -0.9269 -0.9677 -0.9632 -0.9478 -0.9607 -0.9953 -1.0616 -1.1532 -1.2359 -1.1450 -0.9229 -0.8213 -0.9736 -1.1794 -1.3497 -1.4597 -1.4759 -1.4525 -1.3705 -1.1855 -0.9308 -0.5949 -0.0746 0.5489 0.6757 0.5674 0.6008 0.5306 0.2126 0.1037 -0.0036 -0.2939 -0.6479 -0.6779 -1.0922 -1.5513 -2.0917 -2.5348 -2.8513 -3.2099 -3.4699 -3.5612 -3.2228 -2.7611 -2.4393 -2.4397 -2.6388 -3.0921 -3.5225 -3.8532 -3.4476 -2.9042 -2.3705 -1.8141 -1.4282 -1.1029 -0.9724 -0.9241 -0.9171 -0.9402 -0.9700 -0.9842 -0.9761 -0.9890 -0.9983 -0.8896 -0.6614 -0.3742 -0.0862 0.1101 0.2500 0.3866
-2.5188 -2.7326 -2.9484 -3.1480 -3.2958 -3.1636 -2.9473 -2.7531 -2.7052 -2.6909 -2.6721 -2.6968 -2.7778 -2.8741 -2.9426 -2.9144 -2.8503 -2.8208 -2.9326 -3.1171 -3.2510 -3.2026 -2.9988 -2.7641 -2.5602 -2.4104 -2.3387 -2.3423 -2.4168 -2.5243 -2.6423 -2.7489 -2.8528 -2.9558 -3.0599 -3.1968 -3.3513 -3.5930 -3.9163 -4.2180 -4.3684 -4.3794 -4.2980 -4.1921 -4.5043 -4.8740 -5.1888 -5.5549 -6.0576 -6.6733 -6.3141 -5.8282 -5.7624 -6.1186 -6.4536 -6.6034 -6.7925 -7.1138 -7.3052 -7.0522 -6.7877 -6.7581 -6.9564 -7.2329 -7.6279 -7.9412 -8.1905 -8.4621 -8.7238 -8.8995 -8.8436 -8.7671 -9.0015 -8.9417 -8.5911 -8.2238 -7.9728 -7.6841 -7.1577 -6.9609 -7.0619 -7.1457 -7.1153 -7.2586 -7.3749 -7.4676 -7.4866 -7.4380 -7.3129 -7.1287 -6.8850 -6.5636 -6.3599 -6.3850 -6.5856 -6.5861 -6.1033 -5.4717 -4.5004 -3.8338 -3.1908 -2.7022 -2.2314 -1.6914 -1.0879 -0.4282 0.6175 1.1293 1.4510 1.7995 1.8629 1.3682 0.7049 0.0929 -0.2616 -0.5095 -0.6778 -0.8773 -1.0359 -1.1833 -1.2185 -1.2176 -1.1831 -1.1368 -1.0974 -1.0851 -1.1163 -1.1846 -1.2622 -1.2909 -1.1952 -1.1492 -1.2271 -1.4018 -1.5891 -1.7562 -1.8322 -1.8510 -1.8205 -1.6511 -1.4248 -1.0235 -0.6343 -0.1340 0.1612 0.1356 0.0634 0.0154 -0.1709 -0.3013 -0.3910 -0.5423 -0.8509 -0.7544 -1.1198 -1.6563 -2.2888 -2.9754 -3.4988 -3.7983 -4.0656 -3.9409 -3.4350 -2.9575 -2.5532 -2.5016 -2.7600 -3.1862 -3.6116 -3.7263 -3.2595 -2.7215 -2.1030 -1.5952 -1.1581 -0.8985 -0.7790 -0.6963 -0.6578 -0.6765 -0.7351 -0.7842 -0.8004 -0.8184 -0.8692 -0.8845 -0.7323 -0.4492 -0.1434 0.1268 0.3351 0.4992
-3.1276 -3.1475 -3.2846 -3.2529 -3.2082 -3.1906 -3.1839 -3.1269 -3.0334 -2.9758 -2.9837 -3.0424 -3.1376 -3.2665 -3.3729 -3.3399 -3.2369 -3.0813 -3.0505 -3.1081 -3.2143 -3.2657 -3.1958 -3.0240 -2.8198 -2.6668 -2.6093 -2.6436 -2.7422 -2.8674 -2.9934 -3.1091 -3.2212 -3.3271 -3.4225 -3.4915 -3.5813 -3.7221 -3.9285 -4.1505 -4.2931 -4.3308 -4.2724 -4.2049 -4.5348 -4.9345 -5.2533 -5.6448 -6.2095 -6.7424 -6.2459 -5.8061 -5.8717 -6.2879 -6.5548 -6.7339 -7.0323 -7.3644 -7.2588 -6.8063 -6.4365 -6.4006 -6.5600 -6.8113 -7.1007 -7.5219 -7.8742 -8.1569 -8.4965 -8.7699 -8.9167 -8.8713 -8.9311 -9.1740 -8.8727 -8.5836 -8.2647 -8.0824 -7.8706 -7.7020 -7.7310 -7.8708 -7.9412 -7.9158 -8.0192 -8.0846 -8.0747 -8.0059 -7.8409 -7.6590 -7.4291 -7.2129 -6.9792 -6.7623 -6.5865 -6.5040 -6.1124 -5.5397 -4.4817 -3.7729 -3.1297 -2.5911 -2.0607 -1.4883 -0.8741 -0.2539 0.5779 1.0160 1.2842 1.5198 1.6040 1.2481 0.6485 0.0180 -0.3721 -0.6652 -0.8865 -1.0806 -1.2137 -1.2648 -1.2572 -1.1795 -1.0416 -0.8989 -0.8121 -0.7929 -0.8602 -0.9931 -1.1683 -1.3556 -1.4662 -1.3998 -1.4058 -1.5655 -1.8230 -2.0341 -2.1680 -2.2003 -2.1953 -2.0883 -1.8527 -1.5401 -1.1084 -0.6416 -0.2939 -0.1758 -0.3505 -0.4294 -0.5729 -0.7185 -0.7867 -0.7695 -1.1010 -0.9495 -1.2191 -1.8112 -2.5164 -3.2589 -4.0139 -4.3993 -4.5393 -4.2229 -3.6749 -3.1625 -2.6627 -2.5666 -2.8609 -3.2776 -3.6864 -3.5245 -3.0397 -2.4709 -1.9161 -1.3959 -0.9396 -0.7660 -0.6038 -0.4519 -0.3634 -0.3628 -0.4174 -0.4765 -0.5031 -0.5307 -0.5927 -0.6999 -0.7595 -0.5510 -0.2268 0.0590 0.2766 0.4229
-3.3513 -3.1379 -3.0282 -2.9202 -2.9254 -2.9444 -2.8661 -2.7390 -2.6222 -2.5553 -2.5719 -2.6582 -2.8418 -3.0548 -3.2945 -3.5888 -3.6092 -3.4356 -3.2789 -3.2441 -3.2461 -3.2567 -3.2155 -3.1034 -2.9589 -2.8395 -2.7894 -2.8116 -2.8862 -2.9835 -3.0899 -3.2112 -3.3509 -3.5030 -3.6409 -3.7111 -3.7637 -3.8033 -3.8640 -3.9762 -4.1406 -4.3016 -4.3142 -4.2877 -4.6067 -4.9921 -5.3828 -5.7862 -6.3936 -6.7191 -6.1443 -5.8137 -6.0329 -6.4172 -6.6788 -6.9385 -7.2736 -7.5495 -7.2452 -6.7322 -6.3579 -6.2630 -6.2596 -6.3942 -6.6514 -6.9708 -7.4681 -7.8868 -8.2797 -8.6106 -8.8615 -8.9496 -8.9311 -9.2647 -9.2304 -8.9425 -8.6535 -8.4558 -8.3431 -8.3179 -8.4101 -8.5877 -8.6812 -8.7113 -8.7677 -8.7708 -8.7051 -8.6005 -8.3986 -8.2099 -7.9493 -7.7239 -7.4870 -7.2837 -7.0747 -6.8186 -6.3064 -5.6383 -4.5244 -3.8268 -3.1447 -2.5062 -1.9017 -1.3127 -0.7348 -0.1907 0.4176 0.7506 0.9703 1.1314 1.2142 1.0514 0.6041 0.0725 -0.3103 -0.6427 -0.8835 -1.0862 -1.2042 -1.1641 -0.9997 -0.8304 -0.6698 -0.5105 -0.4364 -0.4346 -0.5127 -0.7188 -1.0516 -1.3935 -1.5828 -1.4917 -1.5040 -1.7552 -2.0476 -2.1082 -2.0824 -2.0525 -2.0866 -2.1796 -2.2112 -1.9540 -1.5668 -1.1779 -0.8250 -0.4212 -0.7036 -0.8471 -0.9266 -1.0890 -1.1739 -0.9981 -1.3089 -1.2344 -1.3586 -1.9894 -2.7742 -3.5842 -4.4131 -4.9201 -4.9105 -4.4330 -3.8561 -3.3243 -2.8195 -2.6459 -2.9654 -3.3518 -3.7130 -3.3394 -2.8678 -2.3287 -1.7784 -1.2919 -0.8701 -0.6896 -0.4700 -0.2617 -0.1291 -0.0997 -0.1337 -0.1783 -0.1942 -0.1901 -0.2405 -0.3153 -0.4199 -0.4914 -0.3683 -0.1425 0.0187 0.0705
-3.1225 -2.9089 -2.8197 -2.7739 -2.6917 -2.5696 -2.4439 -2.2867 -2.1607 -2.0908 -2.1140 -2.2264 -2.4063 -2.6247 -2.9245 -3.3024 -3.6753 -3.7856 -3.6042 -3.5095 -3.4784 -3.4428 -3.3755 -3.2690 -3.1287 -2.9959 -2.9077 -2.8906 -2.9173 -2.9619 -3.0247 -3.1169 -3.2548 -3.4460 -3.6639 -3.8789 -3.9590 -3.9505 -3.8727 -3.8535 -4.0564 -4.3920 -4.4941 -4.4878 -4.7408 -5.1451 -5.5997 -6.0007 -6.6482 -6.5508 -6.0407 -5.8464 -6.1838 -6.5585 -6.8726 -7.1827 -7.4842 -7.7078 -7.3327 -6.7882 -6.3896 -6.1935 -6.0481 -6.0051 -6.1790 -6.4957 -6.8801 -7.3749 -7.9720 -8.4059 -8.7296 -8.9665 -9.0318 -9.2461 -9.5754 -9.2962 -9.0715 -8.8644 -8.7105 -8.9001 -9.1216 -9.3558 -9.4982 -9.5250 -9.5152 -9.4358 -9.3025 -9.1561 -8.9590 -8.7208 -8.5341 -8.2552 -8.0273 -7.7777 -7.5307 -7.2242 -6.4961 -5.5781 -4.3994 -3.7500 -3.0886 -2.4185 -1.8019 -1.2571 -0.7348 -0.2433 0.2342 0.4667 0.6262 0.7487 0.8045 0.7313 0.4765 0.0784 -0.2892 -0.6443 -0.9024 -1.0534 -0.9699 -0.8012 -0.6211 -0.4422 -0.2617 -0.1182 -0.0195 -0.0444 -0.2272 -0.5957 -0.9717 -1.3425 -1.5123 -1.3928 -1.5201 -1.6500 -1.6383 -1.5736 -1.4865 -1.4413 -1.5060 -1.6734 -1.8365 -2.0511 -1.9601 -1.5978 -1.2926 -0.8986 -0.7933 -1.1187 -1.0921 -1.1853 -1.4738 -1.2166 -1.3833 -1.5287 -1.3483 -2.1745 -2.9597 -3.8703 -4.6491 -5.2365 -5.1766 -4.6817 -4.1012 -3.5015 -2.9959 -2.7586 -3.1002 -3.4745 -3.6589 -3.2419 -2.7569 -2.2428 -1.7183 -1.2455 -0.8484 -0.6637 -0.4172 -0.1753 -0.0102 0.0561 0.0498 0.0300 0.0419 0.0929 0.1542 0.0808 -0.0110 -0.0992 -0.0700 -0.0776 -0.0534 -0.0700
-2.9264 -2.7553 -2.6930 -2.5288 -2.3308 -2.1517 -1.9867 -1.8090 -1.6927 -1.6187 -1.6360 -1.7529 -1.9573 -2.1876 -2.4934 -2.8866 -3.2998 -3.6850 -3.9289 -3.8263 -3.7829 -3.7497 -3.6775 -3.5441 -3.3650 -3.1725 -3.0330 -2.9537 -2.9143 -2.8982 -2.9130 -2.9724 -3.0884 -3.2976 -3.6062 -3.9354 -4.1604 -4.1288 -3.9566 -3.9007 -4.2227 -4.6280 -4.7745 -4.8532 -5.0225 -5.4719 -5.8931 -6.3096 -6.8379 -6.3834 -5.9480 -5.8982 -6.3302 -6.7155 -7.1002 -7.4004 -7.6946 -7.8452 -7.4669 -6.9285 -6.5202 -6.1938 -5.9152 -5.7719 -5.8126 -6.0752 -6.4458 -6.9113 -7.4809 -8.0984 -8.4632 -8.7980 -9.0982 -9.3444 -9.7697 -9.6680 -9.4902 -9.3121 -9.1171 -9.2200 -9.6278 -9.9142 -10.1601 -10.1898 -10.1208 -9.9834 -9.7968 -9.6369 -9.4180 -9.2421 -9.0034 -8.7932 -8.5442 -8.2982 -7.9697 -7.5119 -6.5957 -5.4255 -4.3087 -3.6963 -3.0547 -2.3944 -1.7834 -1.2572 -0.7563 -0.2931 0.1363 0.2915 0.3859 0.4385 0.4495 0.4050 0.2526 0.0020 -0.3154 -0.6058 -0.7912 -0.7560 -0.5969 -0.4225 -0.2050 -0.0341 0.1494 0.2865 0.2452 0.0811 -0.2182 -0.5868 -0.9429 -1.2140 -1.1714 -1.1538 -1.1477 -1.1319 -1.0164 -0.8546 -0.7279 -0.6827 -0.8223 -1.0301 -1.3338 -1.5723 -1.8288 -1.9312 -1.5641 -1.2666 -0.9710 -1.2175 -1.2097 -1.1098 -1.5004 -1.4194 -1.4007 -1.7287 -1.5122 -2.1683 -2.9123 -3.8323 -4.7018 -5.4284 -5.3822 -4.8478 -4.3027 -3.7472 -3.2281 -2.9250 -3.2547 -3.6281 -3.6104 -3.1773 -2.6934 -2.1998 -1.6953 -1.2347 -0.8560 -0.6824 -0.4483 -0.2048 -0.0200 0.0875 0.1307 0.1553 0.2039 0.2923 0.4156 0.5324 0.5216 0.4707 0.3409 0.3072 0.3066 0.2458
-2.7771 -2.5898 -2.4634 -2.2310 -2.0215 -1.7510 -1.5352 -1.3770 -1.2384 -1.1117 -1.0676 -1.1870 -1.4545 -1.6797 -2.0398 -2.3442 -2.8109 -3.2521 -3.6482 -3.9927 -4.0868 -4.0365 -3.9763 -3.8535 -3.6570 -3.4506 -3.2187 -3.0619 -2.9466 -2.8695 -2.8391 -2.8661 -2.9642 -3.1725 -3.6012 -3.9690 -4.3207 -4.2449 -4.0480 -4.0798 -4.4977 -4.8709 -5.1530 -5.3023 -5.4462 -5.9042 -6.2226 -6.6351 -6.6444 -6.1679 -5.8691 -5.9374 -6.5056 -6.9996 -7.3603 -7.6489 -7.9283 -7.9718 -7.5702 -7.1369 -6.6792 -6.2709 -5.8572 -5.6551 -5.6722 -5.8398 -6.1585 -6.5826 -7.0919 -7.7051 -8.2409 -8.6143 -8.9869 -9.3524 -9.7070 -9.9364 -9.8730 -9.7435 -9.5731 -9.6269 -9.8445 -10.2302 -10.5769 -10.6432 -10.5349 -10.3873 -10.1982 -9.9915 -9.8139 -9.6330 -9.4385 -9.2183 -8.9732 -8.6040 -8.1653 -7.6800 -6.5983 -5.3584 -4.2648 -3.6529 -3.0048 -2.3387 -1.7122 -1.1728 -0.7006 -0.2737 0.0424 0.1539 0.2002 0.2227 0.2028 0.1619 0.0501 -0.1233 -0.3289 -0.4946 -0.5085 -0.3747 -0.2174 -0.0363 0.1602 0.3826 0.5458 0.4855 0.2844 -0.0111 -0.3519 -0.6440 -0.8520 -0.8527 -0.8429 -0.7706 -0.6482 -0.4872 -0.3037 -0.1363 -0.0640 -0.0340 -0.1542 -0.4164 -0.7246 -1.1304 -1.5422 -1.9051 -1.8218 -1.5021 -1.1612 -1.2881 -1.3370 -1.0323 -1.3746 -1.5619 -1.4044 -1.8185 -1.7739 -2.0516 -2.7902 -3.7177 -4.6213 -5.3175 -5.5095 -4.9912 -4.4799 -3.9405 -3.5439 -3.2311 -3.4331 -3.7805 -3.6732 -3.2222 -2.6970 -2.1980 -1.7031 -1.2529 -0.8855 -0.7315 -0.5366 -0.3219 -0.1281 0.0238 0.1286 0.2132 0.3014 0.4123 0.5610 0.7422 0.8976 0.9316 0.9026 0.8556 0.8270 0.8044
-2.5264 -2.3187 -2.2003 -1.9802 -1.7020 -1.3848 -1.2263 -1.0519 -0.7860 -0.5885 -0.3886 -0.4593 -0.7463 -1.0940 -1.3671 -1.8006 -2.1827 -2.6342 -3.1459 -3.5364 -3.8966 -4.1489 -4.2361 -4.1418 -3.9577 -3.7661 -3.5295 -3.2486 -3.0581 -2.9307 -2.8660 -2.8716 -2.9606 -3.2257 -3.6598 -4.0717 -4.4348 -4.3178 -4.2209 -4.3495 -4.7907 -5.1748 -5.5329 -5.6070 -5.7354 -6.1556 -6.4391 -6.6843 -6.3504 -5.9876 -5.6938 -6.1356 -6.8436 -7.3245 -7.6283 -7.9238 -8.1659 -8.0736 -7.6973 -7.3001 -6.8342 -6.3373 -5.8728 -5.6118 -5.6287 -5.7849 -6.0236 -6.3765 -6.8499 -7.4331 -8.0078 -8.4438 -8.8619 -9.2506 -9.5612 -9.8911 -9.9859 -9.9625 -9.9124 -9.8028 -10.0342 -10.2532 -10.5647 -10.6830 -10.5056 -10.4220 -10.2043 -9.9005 -9.7105 -9.5766 -9.4060 -9.2253 -9.0491 -8.7139 -8.2802 -7.7120 -6.5083 -5.1234 -4.3420 -3.6031 -2.9099 -2.2117 -1.5408 -1.0085 -0.5913 -0.2142 -0.0967 -0.0489 -0.0316 -0.0239 -0.0347 -0.0687 -0.1419 -0.2417 -0.3293 -0.3376 -0.1952 -0.0152 0.1631 0.3276 0.5220 0.7484 0.7838 0.5737 0.1911 -0.1594 -0.4543 -0.6085 -0.6239 -0.6110 -0.5095 -0.3547 -0.1503 0.0838 0.2884 0.4623 0.5494 0.5157 0.3759 0.0202 -0.4054 -0.9100 -1.3646 -1.7474 -1.8958 -1.5783 -1.2567 -1.3584 -1.4296 -1.0001 -1.2135 -1.5689 -1.4364 -1.8321 -2.0201 -1.8553 -2.7176 -3.6056 -4.5051 -5.2090 -5.5938 -5.1408 -4.6533 -4.1998 -3.9014 -3.6544 -3.6200 -3.9485 -3.8609 -3.4029 -2.8978 -2.3211 -1.7585 -1.3028 -0.9379 -0.7976 -0.6536 -0.4726 -0.2756 -0.0898 0.0770 0.2229 0.3433 0.4564 0.6037 0.8199 1.0764 1.2936 1.3772 1.3898 1.4215 1.4550
-2.3212 -2.1134 -1.9734 -1.7184 -1.4540 -1.3072 -1.2002 -0.8416 -0.3461 -0.0225 0.2694 0.2753 0.0000 -0.3259 -0.6809 -1.0440 -1.4958 -1.9342 -2.3907 -2.9202 -3.3374 -3.7110 -4.0079 -4.2589 -4.2694 -4.0595 -3.8190 -3.5667 -3.2926 -3.0994 -3.0178 -3.0147 -3.1047 -3.4260 -3.8411 -4.2423 -4.4892 -4.4152 -4.3826 -4.5749 -4.9929 -5.3289 -5.3659 -5.3237 -5.5272 -5.8246 -6.1311 -6.3346 -6.0612 -5.6762 -5.7373 -6.4104 -7.1307 -7.6095 -7.9395 -8.2044 -8.2946 -8.1312 -7.8037 -7.4374 -6.9474 -6.3792 -5.8733 -5.5996 -5.6135 -5.7555 -5.9748 -6.2815 -6.7003 -7.2544 -7.8884 -8.3223 -8.7271 -9.1050 -9.4581 -9.7837 -9.8953 -9.6799 -9.4147 -9.2597 -9.5358 -9.8143 -10.1279 -10.3975 -10.5293 -10.3358 -10.2179 -9.8637 -9.5048 -9.2264 -9.0472 -8.8706 -8.6715 -8.5011 -8.1250 -7.6274 -6.4722 -5.0902 -4.2883 -3.5273 -2.7964 -2.0359 -1.3317 -0.8392 -0.4020 -0.1939 -0.1931 -0.2162 -0.2300 -0.2343 -0.2388 -0.2495 -0.2663 -0.2668 -0.2216 -0.0843 0.1143 0.3357 0.4773 0.5688 0.7467 0.9636 0.9584 0.5865 0.1241 -0.2442 -0.4584 -0.5159 -0.5033 -0.4193 -0.1952 0.0440 0.3343 0.4668 0.5382 0.5708 0.5621 0.5061 0.3818 0.1030 -0.3346 -0.7950 -1.2808 -1.7047 -1.8395 -1.5195 -1.2554 -1.3947 -1.4783 -0.9836 -1.0046 -1.4562 -1.4971 -1.8428 -2.1840 -1.8203 -2.6359 -3.4482 -4.3894 -5.1295 -5.6693 -5.2573 -4.8258 -4.5245 -4.2767 -4.1004 -3.9642 -4.1374 -4.0686 -3.6771 -3.1274 -2.5430 -1.9631 -1.4351 -1.0420 -0.8962 -0.7713 -0.6154 -0.4232 -0.2099 0.0184 0.2063 0.3286 0.4123 0.5364 0.7717 1.1008 1.4739 1.7721 1.9506 1.9691 2.0793
-2.4819 -2.1031 -1.8453 -1.5812 -1.4246 -1.3637 -1.1180 -0.6458 -0.0676 0.5230 1.0682 1.1254 0.9366 0.4504 0.0733 -0.3926 -0.7180 -1.1794 -1.7037 -2.1399 -2.6327 -3.1018 -3.4850 -3.8265 -4.1088 -4.3076 -4.1099 -3.8366 -3.6272 -3.4091 -3.2653 -3.3046 -3.4565 -3.7260 -4.0294 -4.4184 -4.4616 -4.4697 -4.3965 -4.5497 -4.7785 -5.0398 -4.9090 -4.8025 -4.8875 -5.1109 -5.5829 -5.8567 -5.6872 -5.6127 -5.9742 -6.6685 -7.4285 -7.8175 -8.1782 -8.3046 -8.2727 -8.1380 -7.8690 -7.4924 -6.9423 -6.3434 -5.8478 -5.5963 -5.6018 -5.7244 -5.9334 -6.2353 -6.6416 -7.1646 -7.7743 -8.1925 -8.5827 -8.9555 -9.2793 -9.3465 -9.2531 -8.9608 -8.6619 -8.5187 -8.8071 -9.1325 -9.4999 -9.9084 -10.1613 -10.3596 -10.1488 -9.7854 -9.3833 -8.9893 -8.6454 -8.3848 -8.2021 -8.1012 -7.9644 -7.5482 -6.5171 -5.1032 -4.2632 -3.4558 -2.6573 -1.7968 -1.1168 -0.6277 -0.1828 -0.0799 -0.1109 -0.1342 -0.1321 -0.1130 -0.0962 -0.0732 -0.0375 0.0231 0.1186 0.2599 0.4210 0.5419 0.6058 0.6886 0.8955 1.1389 1.1119 0.6257 0.1043 -0.2716 -0.4274 -0.4557 -0.4067 -0.2321 0.0022 0.1777 0.2781 0.3504 0.3995 0.4021 0.3652 0.2950 0.1504 -0.1440 -0.5058 -0.9551 -1.3737 -1.7260 -1.6488 -1.3282 -1.1943 -1.3847 -1.4310 -0.9408 -0.8212 -1.2205 -1.5497 -1.9045 -2.2608 -1.9423 -2.4833 -3.3291 -4.3269 -5.1438 -5.8190 -5.4310 -5.1481 -4.9895 -4.7091 -4.5133 -4.3429 -4.3696 -4.3453 -3.9887 -3.4654 -2.8193 -2.1937 -1.7461 -1.3626 -1.0507 -0.9061 -0.7504 -0.5514 -0.2874 -0.0206 0.1734 0.2510 0.2741 0.3565 0.5745 0.8762 1.2538 1.6364 1.9996 2.2050 2.3274
-2.2714 -1.9772 -1.7203 -1.5544 -1.4803 -1.3684 -0.9726 -0.4151 0.2001 0.9516 1.4779 1.5878 1.3948 1.1779 0.9323 0.4026 -0.0457 -0.4633 -0.9585 -1.4555 -1.9353 -2.3979 -2.8594 -3.2940 -3.6649 -3.9368 -4.1691 -4.1632 -3.9401 -3.7655 -3.6903 -3.6978 -3.8665 -4.0309 -4.2935 -4.4204 -4.3917 -4.3482 -4.2278 -4.3089 -4.6920 -4.6283 -4.3981 -4.1916 -4.3069 -4.7221 -5.0518 -5.3327 -5.5373 -5.6137 -6.0163 -6.7375 -7.4369 -7.8531 -8.1652 -8.2740 -8.2691 -8.1019 -7.7739 -7.3114 -6.7662 -6.2432 -5.7811 -5.6040 -5.6043 -5.7105 -5.9161 -6.2461 -6.6605 -7.1548 -7.6957 -8.1034 -8.5086 -8.8812 -8.9759 -8.7756 -8.5016 -8.2162 -7.9174 -7.7877 -8.0802 -8.4512 -8.7528 -9.2844 -9.6511 -9.9012 -10.1193 -9.7891 -9.3934 -9.0148 -8.7107 -8.4506 -8.1126 -7.8031 -7.6496 -7.4023 -6.5156 -4.9960 -4.1208 -3.2707 -2.3338 -1.4933 -0.8571 -0.4166 -0.0086 0.1314 0.1514 0.1877 0.2352 0.2835 0.3170 0.3482 0.3819 0.4253 0.4827 0.5420 0.5929 0.6296 0.6787 0.8075 1.0551 1.3144 1.2768 0.7255 0.1615 -0.2219 -0.3692 -0.3773 -0.2836 -0.1192 -0.0240 0.0030 0.0324 0.0878 0.1242 0.1116 0.0673 0.0019 -0.1521 -0.4074 -0.7047 -1.0869 -1.4368 -1.5091 -1.3305 -1.1334 -1.1590 -1.3428 -1.3007 -0.8776 -0.6952 -1.0701 -1.4821 -1.8845 -2.2716 -1.9841 -2.4521 -3.3286 -4.3812 -5.3187 -6.0300 -5.8200 -5.6212 -5.5827 -5.2648 -4.9523 -4.7621 -4.7017 -4.6785 -4.3465 -3.8844 -3.2443 -2.6346 -2.1169 -1.7532 -1.3967 -1.0766 -0.8851 -0.6240 -0.3124 -0.0227 0.1254 0.1165 0.0686 0.0891 0.2506 0.5096 0.8616 1.1904 1.5478 1.8532 2.1186
-1.6716 -1.5480 -1.4121 -1.3640 -1.3360 -1.1887 -0.7744 -0.2253 0.3652 1.1199 1.6482 1.8086 1.7696 1.6333 1.4141 1.1679 0.6290 0.1483 -0.3005 -0.8430 -1.3598 -1.8118 -2.2642 -2.7137 -3.1203 -3.4689 -3.7332 -3.9467 -4.0911 -4.1048 -4.0533 -4.0898 -4.2474 -4.4060 -4.4282 -4.2012 -4.2527 -4.1517 -4.1051 -4.3958 -4.5094 -4.1528 -3.9000 -3.5104 -3.8337 -4.2738 -4.6599 -4.9766 -5.2215 -5.5381 -6.2539 -7.0117 -7.5072 -7.9039 -8.0922 -8.1586 -8.1097 -7.8924 -7.5751 -7.1022 -6.5859 -6.1250 -5.7827 -5.6446 -5.6461 -5.7503 -5.9657 -6.3516 -6.8093 -7.2562 -7.6704 -7.9845 -8.3606 -8.6910 -8.6302 -8.3141 -8.0157 -7.6251 -7.1798 -6.9062 -7.1016 -7.7015 -8.2597 -8.5939 -9.0345 -9.3998 -9.6650 -9.8596 -9.5109 -9.1582 -8.9898 -8.7743 -8.4653 -7.9961 -7.5436 -7.1399 -6.3736 -4.8294 -3.9514 -2.9625 -2.0661 -1.1517 -0.5340 -0.1933 0.1262 0.3303 0.4096 0.4702 0.5172 0.5551 0.5741 0.5865 0.6013 0.6194 0.6436 0.6736 0.7107 0.7653 0.8544 1.0229 1.2698 1.5134 1.4341 0.9304 0.2983 -0.0913 -0.2507 -0.2281 -0.1373 -0.1080 -0.1912 -0.2739 -0.2652 -0.1923 -0.1332 -0.1256 -0.1571 -0.2245 -0.4582 -0.7054 -0.9613 -1.2195 -1.3346 -1.2700 -1.1474 -1.1193 -1.2178 -1.2980 -1.1458 -0.8648 -0.7194 -0.8703 -1.3674 -1.7249 -2.1344 -1.9683 -2.5800 -3.4295 -4.4381 -5.5605 -6.3351 -6.3384 -6.1446 -6.2721 -5.9663 -5.5332 -5.1880 -4.9656 -4.9531 -4.7333 -4.2755 -3.7630 -3.1479 -2.5939 -2.1097 -1.7361 -1.3673 -0.9975 -0.6465 -0.2701 0.0060 0.0549 -0.0479 -0.1647 -0.1746 -0.0133 0.2444 0.5509 0.8876 1.1955 1.4523 1.6909
-1.0896 -1.0052 -0.9633 -0.9455 -0.9081 -0.7933 -0.6229 -0.1492 0.3428 0.9541 1.4273 1.7555 1.8486 1.8236 1.7252 1.5549 1.2238 0.6450 0.1132 -0.4659 -0.8879 -1.3528 -1.7867 -2.1788 -2.5643 -2.8913 -3.1955 -3.3971 -3.6142 -3.7087 -3.9090 -4.0908 -4.3179 -4.2860 -4.1058 -3.9449 -4.0808 -4.0682 -4.1910 -4.6001 -4.2934 -3.9071 -3.3411 -2.7887 -3.5594 -4.0060 -4.3846 -4.7496 -5.2113 -5.8965 -6.5445 -7.1175 -7.3361 -7.5421 -7.7392 -7.8387 -7.8163 -7.6633 -7.3892 -6.9565 -6.5237 -6.1223 -5.8710 -5.7502 -5.7598 -5.8833 -6.1654 -6.5628 -7.0000 -7.4219 -7.6770 -7.7730 -8.1513 -8.3883 -8.2769 -8.0614 -7.6407 -7.0630 -6.5682 -6.2361 -6.2712 -6.6499 -7.5015 -8.0011 -8.4790 -8.8024 -9.1359 -9.4266 -9.4697 -9.3243 -9.2737 -9.0438 -8.6313 -8.1112 -7.5111 -6.9077 -5.8760 -4.5395 -3.5341 -2.6032 -1.6123 -0.7737 -0.1509 0.0594 0.2658 0.4965 0.6491 0.7439 0.8235 0.8855 0.9139 0.9281 0.9441 0.9754 1.0182 1.0630 1.1053 1.1517 1.2219 1.3369 1.5365 1.7340 1.6266 1.1368 0.5438 0.0946 -0.0155 0.0203 0.0154 -0.1433 -0.3805 -0.5130 -0.4931 -0.3989 -0.3293 -0.3141 -0.3555 -0.5668 -0.8217 -1.0681 -1.3193 -1.5179 -1.5104 -1.3875 -1.3063 -1.3177 -1.3478 -1.2671 -1.0830 -0.9708 -0.9227 -0.8540 -1.1047 -1.5370 -2.0047 -2.3011 -2.9006 -3.7352 -4.6461 -5.9682 -6.6724 -6.8151 -6.5735 -6.8108 -6.6625 -6.2103 -5.7457 -5.3355 -5.0950 -5.0468 -4.6924 -4.2234 -3.6384 -3.0404 -2.4950 -2.0234 -1.5390 -1.0776 -0.6455 -0.2104 0.0195 -0.0484 -0.2193 -0.3316 -0.2053 0.0846 0.3597 0.6922 0.9577 1.1504 1.2994 1.4035
-0.6638 -0.4658 -0.4644 -0.4532 -0.4046 -0.3361 -0.2951 -0.1008 0.2608 0.6613 1.0213 1.2637 1.3829 1.3911 1.3075 1.1533 0.7213 0.4420 0.2290 -0.1102 -0.5874 -1.0620 -1.3788 -1.7229 -2.0507 -2.3269 -2.5388 -2.7780 -3.0061 -3.1683 -3.4045 -3.5929 -3.8360 -3.8789 -3.7550 -3.7707 -3.9910 -4.1419 -4.4513 -4.5535 -4.1331 -3.6626 -3.1453 -2.8917 -3.5040 -3.8743 -4.3273 -4.7902 -5.4798 -6.1560 -6.5896 -6.7650 -7.0811 -7.4261 -7.6990 -7.8269 -7.8246 -7.6999 -7.4237 -7.0639 -6.6502 -6.3062 -6.0654 -5.9584 -5.9826 -6.1554 -6.4399 -6.8056 -7.1798 -7.4863 -7.5447 -7.6067 -7.8945 -8.1640 -7.9395 -7.6391 -7.0338 -6.4975 -6.0420 -5.7580 -5.6701 -5.9198 -6.3217 -6.8523 -7.4988 -8.1596 -8.5032 -8.7987 -8.9068 -8.8404 -8.9589 -9.0814 -8.7551 -8.2597 -7.6042 -6.8324 -5.4091 -4.2483 -3.2798 -2.1872 -1.3102 -0.4730 0.2418 0.3459 0.5102 0.7438 0.9395 1.0908 1.1987 1.2757 1.3187 1.3633 1.4195 1.4921 1.5603 1.6032 1.6186 1.6221 1.6405 1.7007 1.8428 1.9723 1.8460 1.3785 0.7779 0.3468 0.3286 0.3297 0.1607 -0.1692 -0.4992 -0.6414 -0.6259 -0.5581 -0.5180 -0.5277 -0.6355 -0.8903 -1.1616 -1.4355 -1.6876 -1.8725 -1.8483 -1.7062 -1.5997 -1.5412 -1.4575 -1.3008 -1.1723 -1.1787 -1.1616 -0.9934 -0.9523 -1.5839 -2.2231 -2.7261 -3.1804 -4.0569 -4.9209 -6.1648 -6.9713 -7.1373 -6.7877 -7.0691 -7.1555 -6.8346 -6.1951 -5.6442 -5.2355 -5.1099 -4.9883 -4.5397 -4.0148 -3.4276 -2.8284 -2.2602 -1.7032 -1.1543 -0.6691 -0.1136 -0.0341 -0.1835 -0.3508 -0.2327 0.0794 0.3239 0.6331 0.9680 1.1765 1.3302 1.4281 1.4585
0.1935 0.0713 0.0669 0.0570 0.1021 0.1305 0.0726 0.0037 0.0976 0.3095 0.5105 0.6362 0.7444 0.7027 0.4421 0.2215 0.0671 -0.1729 -0.3041 -0.3774 -0.3413 -0.7164 -1.0562 -1.3651 -1.5652 -1.7793 -1.9980 -2.1755 -2.3900 -2.5978 -2.8031 -3.0136 -3.2490 -3.4149 -3.4263 -3.7178 -4.0184 -4.3029 -4.6664 -4.5376 -4.1283 -3.7120 -2.9709 -3.2113 -3.6973 -4.0406 -4.4900 -4.9670 -5.6014 -6.0432 -6.3047 -6.7162 -7.1102 -7.4887 -7.7442 -7.8333 -7.8280 -7.7224 -7.5110 -7.1948 -6.8407 -6.5588 -6.3673 -6.2809 -6.3178 -6.4821 -6.7198 -6.9748 -7.1603 -7.2827 -7.3253 -7.4578 -7.7854 -7.8278 -7.5006 -6.9303 -6.4108 -5.9560 -5.6207 -5.3166 -5.1325 -4.9511 -5.1077 -5.4113 -5.8748 -6.6733 -7.4361 -8.1604 -8.1080 -8.1199 -8.3561 -8.5813 -8.5190 -8.0943 -7.4916 -6.7331 -4.9323 -3.8291 -2.8643 -1.9158 -0.9526 -0.2527 0.2811 0.5306 0.7564 0.9906 1.2036 1.3831 1.5264 1.6235 1.6907 1.7622 1.8714 1.9889 2.0682 2.0936 2.0806 2.0529 2.0373 2.0674 2.1402 2.2179 2.0725 1.5962 1.0176 0.6414 0.6940 0.6102 0.2357 -0.1361 -0.4998 -0.6653 -0.6900 -0.6830 -0.6994 -0.7572 -0.9103 -1.1931 -1.4358 -1.7499 -1.9984 -2.1013 -2.0206 -1.8776 -1.7546 -1.6552 -1.5432 -1.4111 -1.3423 -1.3445 -1.3537 -1.3028 -1.1415 -1.7824 -2.4657 -3.1644 -3.6196 -4.4289 -5.2513 -6.3125 -7.2024 -7.2203 -6.9161 -7.1746 -7.4545 -7.0900 -6.4562 -5.8223 -5.3232 -5.1078 -5.0976 -4.7790 -4.2769 -3.6906 -3.0919 -2.5044 -1.9244 -1.2514 -0.6884 -0.1321 -0.1688 -0.3361 -0.3227 0.0147 0.3300 0.6644 0.9807 1.1123 1.2302 1.3574 1.4792 1.5623
1.2013 0.8458 0.5917 0.5299 0.5405 0.5451 0.4338 0.2656 0.1229 0.0877 0.1372 0.2060 0.1097 -0.0410 -0.1496 -0.3970 -0.6144 -0.8117 -0.8727 -0.8033 -0.7108 -0.5609 -0.6289 -0.9280 -1.1320 -1.3246 -1.5057 -1.6953 -1.8787 -2.0540 -2.2648 -2.5037 -2.7401 -2.9900 -3.3451 -3.6998 -4.0530 -4.4210 -4.8089 -4.5272 -4.0982 -3.6552 -2.9992 -3.4469 -3.9000 -4.3289 -4.6961 -5.0917 -5.4908 -5.8480 -6.2587 -6.7542 -7.1456 -7.5068 -7.6683 -7.7207 -7.7144 -7.6582 -7.5006 -7.2841 -7.0470 -6.8372 -6.7016 -6.6361 -6.6593 -6.7493 -6.8164 -6.8225 -6.8736 -6.9657 -7.0459 -7.2659 -7.4700 -7.2303 -6.7469 -6.2797 -5.8738 -5.5043 -5.1815 -4.8705 -4.6465 -4.4449 -4.2998 -4.5069 -4.7808 -5.1854 -5.6495 -6.5265 -7.2017 -7.3396 -7.6261 -7.8265 -8.0044 -7.7901 -7.2768 -6.1499 -4.4999 -3.5159 -2.4471 -1.5280 -0.7307 -0.1749 0.1784 0.5632 0.8962 1.1431 1.3592 1.5519 1.7096 1.8061 1.8880 2.0331 2.2253 2.3687 2.4074 2.3798 2.3475 2.3325 2.3304 2.3467 2.3950 2.4281 2.2723 1.7797 1.2269 0.9360 1.0232 0.7727 0.3350 -0.0586 -0.4314 -0.6210 -0.6986 -0.7561 -0.8335 -0.9381 -1.1182 -1.3939 -1.6875 -1.9296 -2.0594 -2.0512 -1.9660 -1.8653 -1.7758 -1.7050 -1.6241 -1.5182 -1.3965 -1.2811 -1.3452 -1.2097 -1.1260 -1.9654 -2.7438 -3.5245 -4.1597 -4.7903 -5.5736 -6.6270 -7.3591 -7.2717 -7.0169 -7.2339 -7.5878 -7.2516 -6.5878 -5.8359 -5.2893 -5.0500 -5.0433 -5.0021 -4.5279 -3.9354 -3.3497 -2.7695 -2.1838 -1.4643 -0.7992 -0.2752 -0.3844 -0.4499 -0.1209 0.3117 0.7437 0.9873 1.0545 1.0939 1.1476 1.2228 1.3142 1.3755
1.9033 1.4962 1.1780 0.9405 0.9197 0.8981 0.8107 0.6142 0.4166 0.2279 0.0727 -0.0668 -0.2247 -0.4145 -0.6214 -0.8442 -1.0705 -1.2729 -1.3324 -1.2030 -1.0664 -0.8228 -0.5323 -0.4503 -0.6906 -0.8827 -1.0627 -1.2702 -1.4554 -1.6721 -1.8776 -2.1146 -2.4176 -2.8178 -3.2325 -3.6420 -4.0466 -4.4734 -4.8854 -4.5039 -3.9939 -3.5040 -2.9606 -3.6626 -4.1173 -4.6418 -4.9753 -5.1928 -5.4130 -5.8161 -6.2596 -6.7198 -7.1216 -7.3970 -7.5261 -7.5661 -7.5591 -7.5384 -7.4742 -7.3208 -7.1691 -7.0403 -6.9466 -6.8810 -6.8305 -6.7352 -6.5930 -6.5123 -6.5492 -6.6040 -6.7649 -6.9754 -6.8198 -6.5469 -6.1120 -5.7652 -5.4520 -5.1453 -4.8639 -4.5444 -4.2315 -3.9194 -3.6949 -3.6878 -3.9376 -4.2817 -4.5759 -5.0269 -5.5341 -5.9945 -6.3617 -6.9288 -7.3600 -7.3238 -6.9195 -5.4882 -4.0810 -2.9884 -2.1100 -1.2885 -0.6597 -0.2041 0.1736 0.6175 0.9839 1.2191 1.4337 1.6421 1.8040 1.8881 1.9892 2.1906 2.4046 2.4909 2.4341 2.3537 2.3307 2.3713 2.4372 2.4990 2.5472 2.5333 2.3091 1.8405 1.3543 1.2046 1.2156 0.8740 0.4313 0.0402 -0.3279 -0.5290 -0.6481 -0.7424 -0.8561 -1.0403 -1.2779 -1.5452 -1.7777 -1.9317 -1.9716 -1.9389 -1.8688 -1.8066 -1.7645 -1.7204 -1.6390 -1.4867 -1.2647 -1.0858 -1.1525 -0.8581 -1.4392 -2.2579 -3.1724 -3.9232 -4.5166 -5.1875 -6.2134 -7.0525 -7.4775 -7.3182 -7.0822 -7.2344 -7.5380 -7.1841 -6.4808 -5.6942 -5.1578 -4.9516 -4.9505 -4.9847 -4.6767 -4.1853 -3.6081 -3.0939 -2.5125 -1.7542 -1.0606 -0.6912 -0.6671 -0.4138 0.0318 0.6258 0.9561 1.0057 0.9797 0.9602 0.9827 1.0408 1.0897 1.1179
2.1969 1.8653 1.5109 1.2448 1.1035 1.0523 1.0101 0.9173 0.7593 0.5558 0.3299 0.0916 -0.1486 -0.3776 -0.5800 -0.7536 -0.9188 -1.1110 -1.3321 -1.4423 -1.3184 -1.0972 -0.7671 -0.3119 -0.1664 -0.4203 -0.6426 -0.8412 -1.0985 -1.3674 -1.6788 -1.9841 -2.3100 -2.6932 -3.0962 -3.5158 -3.9797 -4.4689 -4.8867 -4.3927 -3.7643 -3.2460 -2.8500 -3.7813 -4.3202 -4.8421 -5.2885 -5.3419 -5.4515 -5.7975 -6.2110 -6.6127 -6.9599 -7.1974 -7.3277 -7.3824 -7.3935 -7.3902 -7.3700 -7.3075 -7.2073 -7.1302 -7.0487 -6.9331 -6.7511 -6.5109 -6.3150 -6.2416 -6.2261 -6.3277 -6.5208 -6.4481 -6.2233 -5.9147 -5.6661 -5.3946 -5.1130 -4.8594 -4.5532 -4.2405 -3.9187 -3.6138 -3.2722 -3.0516 -3.2438 -3.5254 -3.8318 -4.1634 -4.4750 -4.7218 -5.0027 -5.3834 -5.8459 -6.3070 -6.3077 -4.7923 -3.7146 -2.4987 -1.6784 -1.0814 -0.5275 -0.0809 0.3270 0.7818 1.0787 1.2762 1.4881 1.7107 1.8570 1.9179 2.0450 2.2841 2.4588 2.4258 2.2813 2.1665 2.1596 2.2514 2.3841 2.4981 2.5508 2.4872 2.2087 1.7929 1.4244 1.3842 1.2868 0.9290 0.5096 0.1352 -0.2185 -0.4151 -0.5414 -0.6488 -0.7660 -0.9446 -1.1906 -1.4702 -1.7050 -1.8216 -1.8323 -1.7875 -1.7393 -1.7102 -1.6882 -1.6438 -1.5354 -1.3458 -1.0988 -0.9615 -0.9799 -0.9175 -1.7789 -2.7479 -3.5358 -4.2830 -5.0045 -5.9239 -6.7685 -7.3695 -7.6233 -7.3586 -7.0974 -7.1765 -7.4105 -7.0010 -6.2475 -5.4955 -4.9859 -4.8413 -4.8453 -4.9354 -4.8248 -4.4206 -3.9099 -3.4830 -2.8558 -2.1031 -1.4723 -1.2365 -1.0151 -0.4261 0.1493 0.7819 0.9269 0.8432 0.6357 0.5436 0.5244 0.5534 0.6101 0.7314
2.1707 1.8156 1.4300 1.1851 1.0484 0.9968 0.9651 0.8866 0.7242 0.3562 0.0196 -0.3067 -0.5803 -0.8038 -0.9798 -1.0986 -1.1192 -1.1272 -1.1688 -1.3476 -1.4717 -1.2949 -1.0135 -0.6025 -0.1103 0.1021 -0.1824 -0.4810 -0.7264 -1.0881 -1.4460 -1.8197 -2.1923 -2.5661 -2.9447 -3.3623 -3.8714 -4.3969 -4.7226 -4.1630 -3.5163 -2.9267 -2.8718 -3.5758 -4.3860 -5.0365 -5.4992 -5.5106 -5.5240 -5.7315 -6.0770 -6.4214 -6.6772 -6.8575 -7.0023 -7.0864 -7.1382 -7.1894 -7.1681 -7.1756 -7.1577 -7.1120 -7.0115 -6.8182 -6.5443 -6.2715 -6.0985 -5.9939 -6.0081 -6.1699 -6.1505 -5.9740 -5.7244 -5.4980 -5.2697 -5.0499 -4.8070 -4.5687 -4.2950 -3.9962 -3.6815 -3.3541 -3.0094 -2.8237 -2.7561 -2.8761 -3.1217 -3.3983 -3.6457 -3.9780 -4.0986 -4.1794 -4.4733 -4.8720 -5.1788 -4.2698 -3.1472 -1.9284 -1.0416 -0.7260 -0.3583 0.0838 0.5029 0.9475 1.1570 1.3327 1.5591 1.7860 1.8901 1.9290 2.0869 2.3301 2.4054 2.2571 2.0561 1.9266 1.9304 2.0527 2.2231 2.3626 2.4008 2.2898 2.0165 1.6832 1.5043 1.4589 1.2775 0.9401 0.5567 0.1996 -0.1117 -0.2822 -0.4097 -0.5125 -0.6287 -0.7978 -1.0505 -1.3473 -1.5743 -1.6749 -1.6541 -1.5901 -1.5429 -1.5263 -1.5158 -1.4754 -1.3680 -1.1802 -0.9714 -0.9361 -0.8546 -1.3412 -2.1849 -3.0901 -4.0069 -4.6621 -5.5137 -6.3667 -7.1332 -7.5691 -7.6719 -7.3809 -7.0759 -7.0833 -7.2342 -6.7604 -5.9693 -5.2640 -4.8585 -4.7391 -4.7545 -4.9009 -4.9485 -4.6375 -4.2762 -3.8939 -3.3093 -2.5663 -2.0816 -1.7805 -1.2151 -0.5999 0.2918 0.7489 0.6513 0.3678 0.2181 0.1452 0.1335 0.1559 0.1789 0.0424
2.1173 1.6308 1.2088 0.8713 0.7265 0.6915 0.6777 0.6014 0.3847 0.0502 -0.2521 -0.6005 -0.9241 -1.1617 -1.3386 -1.4650 -1.5743 -1.5039 -1.3217 -1.1834 -1.3489 -1.4921 -1.1915 -0.8173 -0.4016 0.1215 0.2848 -0.0573 -0.4405 -0.7638 -1.1967 -1.6294 -2.0342 -2.4052 -2.7765 -3.2010 -3.7413 -4.2881 -4.4403 -3.8694 -3.1670 -2.5729 -2.6877 -3.4767 -4.3801 -5.0995 -5.6208 -5.6547 -5.6062 -5.6666 -5.8373 -6.0849 -6.2761 -6.4405 -6.5705 -6.6763 -6.7684 -6.8698 -6.9212 -6.9937 -7.0315 -7.0080 -6.8631 -6.6034 -6.3117 -6.0677 -5.8913 -5.8091 -5.9041 -5.9558 -5.7854 -5.5599 -5.3742 -5.1656 -4.9492 -4.7533 -4.5581 -4.3017 -4.0482 -3.7689 -3.4827 -3.1870 -2.9584 -2.8259 -2.7375 -2.5873 -2.5017 -2.7004 -2.8924 -3.1250 -3.2877 -3.3869 -3.6426 -3.8303 -4.0380 -3.7215 -2.5844 -1.4316 -0.4863 -0.1575 -0.1809 0.1776 0.6754 1.0332 1.2022 1.3966 1.6512 1.8669 1.9268 1.9624 2.1501 2.3499 2.2981 2.0743 1.8538 1.7218 1.7205 1.8311 1.9889 2.1080 2.1163 1.9961 1.8003 1.6375 1.5592 1.4436 1.2112 0.9152 0.5929 0.2663 0.0242 -0.1440 -0.2647 -0.3636 -0.4634 -0.6227 -0.8739 -1.1827 -1.4334 -1.5334 -1.4939 -1.4051 -1.3371 -1.3103 -1.3011 -1.2693 -1.1736 -1.0233 -0.9257 -0.9443 -0.8845 -1.7989 -2.6467 -3.5099 -4.2659 -5.0505 -5.8936 -6.6969 -7.3182 -7.6625 -7.7019 -7.3925 -7.0454 -6.9819 -7.0440 -6.5261 -5.7416 -5.1024 -4.7831 -4.6704 -4.7061 -4.9005 -5.0525 -4.9081 -4.6556 -4.3055 -3.7309 -3.1154 -2.6711 -2.1606 -1.5162 -0.7158 0.1423 0.4066 0.1123 -0.0732 -0.2225 -0.2482 -0.2451 -0.2243 -0.2369 -0.3725
2.2920 1.6663 1.1589 0.7286 0.4882 0.3785 0.3204 0.2589 0.1165 -0.1176 -0.4407 -0.7236 -0.8870 -0.9851 -1.0050 -1.1658 -1.3396 -1.5395 -1.5075 -1.1837 -1.0620 -1.3133 -1.4189 -1.0568 -0.6517 -0.2204 0.3248 0.3886 -0.0616 -0.4375 -0.9302 -1.3936 -1.8266 -2.2317 -2.5780 -3.0138 -3.5803 -4.1027 -4.0860 -3.4912 -2.8776 -2.0940 -2.7392 -3.5656 -4.4664 -5.1514 -5.6173 -5.7440 -5.6875 -5.6373 -5.6413 -5.7100 -5.8419 -5.9691 -6.0878 -6.2030 -6.3226 -6.4537 -6.5985 -6.7569 -6.8500 -6.8018 -6.6040 -6.3249 -6.0683 -5.8408 -5.6873 -5.7057 -5.7966 -5.6218 -5.4337 -5.2594 -5.0915 -4.8806 -4.6664 -4.4568 -4.2603 -4.0628 -3.8241 -3.5987 -3.3501 -3.1172 -2.9620 -2.8823 -2.7866 -2.5710 -2.2535 -2.1546 -2.1804 -2.2938 -2.4360 -2.5586 -2.7597 -2.9839 -3.2670 -2.8410 -2.0680 -0.9687 -0.1377 0.3777 0.0556 0.2135 0.6870 1.0259 1.2257 1.4718 1.7565 1.9539 2.0000 2.0664 2.2654 2.3770 2.2229 1.9682 1.7468 1.6153 1.5906 1.6510 1.7488 1.8187 1.8209 1.7656 1.6974 1.6394 1.5363 1.3327 1.0819 0.8385 0.6059 0.3782 0.1789 0.0204 -0.1100 -0.2120 -0.3098 -0.4530 -0.7045 -1.0494 -1.3516 -1.4844 -1.4413 -1.3227 -1.2156 -1.1466 -1.1040 -1.0580 -0.9854 -0.9337 -0.9812 -0.8438 -1.3414 -2.1375 -3.0352 -3.8702 -4.7082 -5.4802 -6.2359 -7.0405 -7.4477 -7.6796 -7.7349 -7.4169 -7.0366 -6.8944 -6.8818 -6.3711 -5.6289 -5.0442 -4.7640 -4.6657 -4.7229 -4.9443 -5.1570 -5.1895 -5.0202 -4.7125 -4.1673 -3.5783 -3.0754 -2.4706 -1.7742 -1.0292 -0.3062 -0.1611 -0.3699 -0.5413 -0.6334 -0.6070 -0.5496 -0.5478 -0.6490 -0.7607
2.7886 2.0054 1.4426 0.9561 0.6442 0.4459 0.3196 0.1834 0.0120 -0.1862 -0.3939 -0.5078 -0.5268 -0.5418 -0.6179 -0.7703 -0.9940 -1.2363 -1.2502 -1.0362 -0.8302 -0.9154 -1.1008 -1.2537 -0.8761 -0.4821 -0.0295 0.4729 0.2808 -0.1975 -0.6066 -1.1247 -1.6008 -1.9920 -2.3745 -2.8252 -3.3641 -3.8679 -3.6705 -3.0260 -2.4605 -1.8046 -3.0779 -3.8392 -4.5984 -5.1426 -5.5274 -5.7376 -5.7494 -5.6626 -5.5832 -5.5435 -5.5449 -5.5790 -5.6412 -5.7358 -5.8737 -6.0762 -6.2933 -6.5063 -6.6062 -6.4527 -6.2346 -5.9865 -5.7717 -5.5694 -5.5217 -5.6002 -5.4226 -5.2644 -5.1016 -5.0050 -4.8221 -4.6040 -4.3824 -4.1763 -3.9691 -3.7855 -3.6308 -3.4369 -3.2434 -3.0841 -3.0058 -2.9481 -2.7638 -2.4025 -2.0430 -1.7520 -1.6253 -1.5819 -1.6440 -1.7258 -1.9160 -2.0540 -2.3069 -1.9660 -1.5185 -0.5972 0.2402 0.9788 0.4023 0.1932 0.5982 0.9654 1.2538 1.5611 1.8559 2.0393 2.1306 2.2599 2.4392 2.4547 2.2507 1.9934 1.7707 1.6233 1.5617 1.5690 1.6149 1.6650 1.6968 1.7056 1.6794 1.5781 1.3340 1.0420 0.8413 0.6932 0.5876 0.4835 0.3587 0.2159 0.0694 -0.0687 -0.1872 -0.3306 -0.6167 -1.0038 -1.3659 -1.5623 -1.4942 -1.3298 -1.1829 -1.0688 -0.9771 -0.9127 -0.9063 -0.9779 -0.9347 -0.9988 -1.8705 -2.6728 -3.5231 -4.3521 -5.0579 -5.8277 -6.6313 -7.2631 -7.5072 -7.6765 -7.7691 -7.4885 -7.0883 -6.8528 -6.7919 -6.3597 -5.7321 -5.1211 -4.8204 -4.7426 -4.8139 -5.0278 -5.2293 -5.3090 -5.3943 -5.1255 -4.6046 -3.9279 -3.3518 -2.7769 -2.1141 -1.3486 -0.7260 -0.6485 -0.8465 -1.0022 -1.0092 -0.9682 -0.9447 -0.9618 -1.1092 -1.2887
3.3375 2.5963 2.1225 1.5033 1.1292 0.8562 0.7096 0.5411 0.3624 0.1670 -0.0418 -0.2159 -0.3094 -0.3205 -0.3224 -0.4449 -0.6387 -0.8648 -0.7967 -0.5404 -0.3234 -0.3685 -0.6356 -0.8739 -1.0435 -0.6505 -0.1981 0.2566 0.6548 0.1724 -0.2590 -0.7937 -1.2547 -1.6939 -2.1421 -2.6202 -3.1236 -3.4454 -3.1967 -2.6854 -2.0072 -2.3630 -3.1042 -3.9274 -4.5452 -4.9811 -5.2918 -5.5761 -5.7317 -5.7092 -5.6307 -5.5699 -5.5416 -5.5440 -5.5741 -5.6348 -5.7356 -5.8884 -6.0907 -6.2625 -6.2304 -6.0070 -5.7730 -5.5488 -5.3881 -5.3034 -5.3049 -5.2015 -5.0322 -4.8921 -4.7999 -4.7096 -4.5219 -4.3157 -4.1029 -3.8776 -3.6736 -3.5326 -3.4214 -3.3197 -3.1910 -3.1179 -3.0845 -2.9197 -2.5600 -2.1785 -1.7828 -1.4363 -1.1891 -1.0299 -0.9967 -0.9908 -1.1447 -1.2009 -1.4325 -1.0956 -0.5375 0.5031 0.8378 1.4588 0.8964 0.4687 0.5201 0.9006 1.2900 1.6535 1.9229 2.0969 2.2692 2.4817 2.6414 2.6036 2.3984 2.1413 1.9000 1.7233 1.6284 1.6096 1.6397 1.6853 1.7150 1.6926 1.5733 1.2758 0.8913 0.6578 0.4915 0.4339 0.4804 0.5312 0.5096 0.4126 0.2502 0.0523 -0.1289 -0.2878 -0.6453 -1.0565 -1.4644 -1.6854 -1.5201 -1.3142 -1.1910 -1.0885 -0.9819 -0.9149 -0.9259 -0.9055 -0.6970 -1.4930 -2.2198 -3.0910 -3.9181 -4.6527 -5.4323 -6.2349 -6.9747 -7.4288 -7.5177 -7.6456 -7.7839 -7.6140 -7.2645 -6.9170 -6.7759 -6.5245 -5.9717 -5.4390 -5.0738 -4.8980 -4.9915 -5.2354 -5.4414 -5.6274 -5.8594 -5.6113 -4.9068 -4.2384 -3.6207 -3.0644 -2.3756 -1.6696 -1.1202 -1.1270 -1.3009 -1.4066 -1.3803 -1.3770 -1.3900 -1.4239 -1.5868 -1.7858
3.5835 2.9839 2.6601 2.3662 2.0170 1.7434 1.5449 1.3026 0.9411 0.6223 0.3934 0.2000 0.0313 -0.1185 -0.2199 -0.4050 -0.5215 -0.4303 -0.1968 0.0815 0.3783 0.3653 -0.0283 -0.3586 -0.6463 -0.7906 -0.3648 0.0992 0.7835 0.5395 0.0570 -0.3407 -0.8064 -1.3110 -1.8375 -2.3318 -2.7183 -2.9168 -2.6797 -2.2253 -1.5396 -2.3451 -3.0444 -3.7425 -4.3094 -4.7062 -5.0187 -5.3083 -5.5717 -5.6736 -5.6619 -5.6227 -5.5985 -5.5970 -5.6156 -5.6517 -5.7035 -5.7807 -5.8749 -5.8852 -5.6319 -5.4171 -5.1691 -4.9731 -4.9351 -5.0007 -4.8850 -4.7531 -4.5966 -4.5173 -4.4777 -4.3686 -4.2076 -4.0176 -3.7969 -3.5603 -3.4150 -3.3354 -3.2960 -3.2535 -3.2102 -3.1839 -3.0118 -2.6564 -2.2849 -1.8706 -1.4736 -1.1063 -0.7920 -0.5868 -0.4621 -0.4103 -0.4914 -0.5133 -0.5589 -0.0694 0.9229 1.3357 1.4639 1.8551 1.6207 0.9486 0.6343 0.8590 1.2732 1.6938 1.9475 2.0938 2.2879 2.5612 2.7402 2.7159 2.5397 2.2947 2.0504 1.8656 1.7632 1.7326 1.7438 1.7563 1.7198 1.5755 1.1748 0.7928 0.4857 0.2877 0.1101 0.0560 0.2226 0.4379 0.5550 0.5288 0.3669 0.0958 -0.1640 -0.3261 -0.7263 -1.1688 -1.6019 -1.7111 -1.4389 -1.3400 -1.3332 -1.2868 -1.1786 -1.0350 -0.8797 -0.7063 -1.2739 -2.0921 -2.7446 -3.5620 -4.3300 -5.0251 -5.7883 -6.5700 -7.2878 -7.5589 -7.5324 -7.5786 -7.7145 -7.7608 -7.5214 -7.1908 -6.8598 -6.7618 -6.4371 -6.0205 -5.6244 -5.3946 -5.4658 -5.7627 -6.0746 -6.3389 -6.4827 -6.1607 -5.2616 -4.5106 -3.8394 -3.2391 -2.6151 -1.9393 -1.4671 -1.5783 -1.7153 -1.7435 -1.7831 -1.8311 -1.8657 -1.8922 -2.0182 -2.1902
3.4407 3.5600 3.1034 2.9136 2.7232 2.5449 2.3882 2.1818 1.8883 1.4942 0.9367 0.6467 0.4337 0.2546 0.0894 -0.0927 -0.0992 0.0903 0.5173 1.1982 1.5785 1.2818 0.8704 0.2115 -0.2127 -0.4325 -0.3418 0.1079 0.7861 1.0221 0.4882 0.1298 -0.3156 -0.8316 -1.4211 -1.8764 -2.2330 -2.4375 -2.1444 -1.6850 -1.2375 -2.1620 -2.7849 -3.4564 -3.9923 -4.3580 -4.7057 -5.0333 -5.3362 -5.5457 -5.5982 -5.5892 -5.5707 -5.5552 -5.5468 -5.5411 -5.5333 -5.5088 -5.4866 -5.2587 -5.0498 -4.8151 -4.6098 -4.4621 -4.4984 -4.5736 -4.3827 -4.2432 -4.2051 -4.1548 -4.1221 -4.0108 -3.8695 -3.6946 -3.4723 -3.3249 -3.2526 -3.2529 -3.2484 -3.1726 -3.1142 -2.8917 -2.6441 -2.3036 -1.8865 -1.4917 -1.1126 -0.7449 -0.4013 -0.1638 0.0257 0.0613 0.0348 -0.0039 0.3215 1.5421 2.1096 2.4357 2.2840 2.2378 2.3131 1.6850 1.1381 0.8515 1.1722 1.5746 1.9083 2.0370 2.1335 2.3313 2.4878 2.5430 2.4500 2.2937 2.1222 1.9805 1.8920 1.8532 1.8403 1.8066 1.6738 1.3490 0.9128 0.5720 0.2122 -0.0877 -0.2563 -0.2668 -0.1032 0.1661 0.4045 0.4679 0.3255 0.0060 -0.3044 -0.4166 -0.8379 -1.2783 -1.6997 -1.5742 -1.3314 -1.3657 -1.3653 -1.2970 -1.2002 -1.0500 -0.8782 -1.2186 -1.8612 -2.4251 -3.1824 -3.9379 -4.7003 -5.3432 -6.0801 -6.8771 -7.4300 -7.6104 -7.5861 -7.5542 -7.5859 -7.7063 -7.7172 -7.5156 -7.1985 -6.9074 -6.9015 -6.7793 -6.4999 -6.2791 -6.4000 -6.8017 -7.1503 -7.2942 -7.1141 -6.5671 -5.4890 -4.7772 -3.9930 -3.2969 -2.6957 -2.1753 -1.9486 -2.0171 -2.0523 -2.1360 -2.2274 -2.2895 -2.3125 -2.3103 -2.3625 -2.5258
2.9831 3.3365 3.4323 3.3078 3.1587 3.0111 2.8408 2.5881 2.2594 1.8709 1.5360 1.2089 0.8908 0.6903 0.5257 0.3442 0.4456 0.9002 1.5010 2.2689 2.5183 2.2473 1.6680 1.0362 0.3215 -0.0549 -0.2973 0.0972 0.7595 1.3543 1.1164 0.8473 0.2195 -0.3879 -0.9506 -1.4517 -1.7746 -1.9792 -1.8242 -1.2564 -1.1327 -1.8412 -2.4826 -3.0928 -3.5333 -3.9629 -4.3957 -4.7732 -5.0877 -5.3419 -5.4651 -5.4907 -5.4713 -5.4269 -5.3685 -5.2911 -5.1721 -5.0724 -4.9378 -4.7461 -4.4625 -4.2033 -3.9353 -3.8862 -4.0032 -4.0702 -3.8875 -3.7787 -3.8388 -3.7900 -3.7596 -3.6443 -3.5142 -3.3755 -3.2711 -3.2160 -3.2122 -3.0856 -2.8949 -2.7340 -2.6447 -2.3610 -2.0988 -1.7774 -1.3991 -1.0457 -0.7089 -0.3630 0.0077 0.2968 0.4800 0.4936 0.4615 0.4527 1.5006 2.4843 2.8256 3.1738 2.9346 2.7269 2.6231 2.3410 1.8572 1.3011 1.0612 1.3693 1.7325 1.9473 1.9589 1.9728 2.0608 2.0803 2.0890 2.0750 2.0378 1.9862 1.9410 1.9155 1.9037 1.8527 1.6522 1.2193 0.7624 0.4047 0.0562 -0.1858 -0.3182 -0.3573 -0.3204 -0.1538 0.0649 0.1705 0.0449 -0.2296 -0.4697 -0.5117 -0.9973 -1.4228 -1.7302 -1.3772 -1.2257 -1.2901 -1.2154 -1.0863 -0.9786 -0.9160 -1.1004 -1.6023 -2.1243 -2.7799 -3.5343 -4.2890 -4.9146 -5.5634 -6.2431 -6.8746 -7.2834 -7.4742 -7.5547 -7.6047 -7.5882 -7.5802 -7.6850 -7.7493 -7.5826 -7.3154 -7.1019 -7.3475 -7.4446 -7.4887 -7.5983 -7.6496 -7.7878 -7.7326 -7.4473 -6.7359 -5.6642 -4.8841 -4.0432 -3.3326 -2.8284 -2.5796 -2.4523 -2.4353 -2.4525 -2.5916 -2.6801 -2.7004 -2.6991 -2.6569 -2.5918 -2.7133
2.7762 3.0457 3.1081 3.1059 3.0472 2.9600 2.8624 2.7411 2.5331 2.1680 1.7979 1.5819 1.4688 1.4504 1.3774 1.2323 1.4372 1.8865 2.4819 2.9545 3.1769 2.9591 2.6816 2.0791 1.2378 0.5347 0.0591 0.0476 0.6400 1.3112 1.6168 1.4224 0.7424 -0.0520 -0.5354 -0.9435 -1.2441 -1.4862 -1.3831 -0.9111 -1.0888 -1.5801 -2.0786 -2.5038 -2.9774 -3.5748 -4.0856 -4.5067 -4.8247 -5.0999 -5.2832 -5.3312 -5.3012 -5.2108 -5.0739 -4.9145 -4.7772 -4.6400 -4.4278 -4.2083 -3.8569 -3.5459 -3.2909 -3.3081 -3.4964 -3.6434 -3.4167 -3.4562 -3.5206 -3.4251 -3.2869 -3.2266 -3.2184 -3.2154 -3.2051 -3.1070 -2.8096 -2.6199 -2.3076 -2.0570 -1.9179 -1.6657 -1.3879 -1.0863 -0.8558 -0.5774 -0.2947 0.0280 0.3559 0.7218 0.9337 0.9136 0.8815 0.9513 2.0309 2.9345 3.6560 3.9725 3.6169 3.3456 3.0615 2.7486 2.4379 1.9457 1.4489 1.2400 1.4873 1.7843 1.8919 1.8358 1.7985 1.8140 1.8522 1.8871 1.9035 1.9051 1.9023 1.9061 1.9253 1.9074 1.7247 1.3202 0.9166 0.5509 0.2690 -0.0212 -0.2157 -0.2712 -0.2757 -0.2604 -0.2148 -0.1904 -0.2827 -0.4566 -0.5549 -0.7686 -1.2213 -1.5984 -1.6939 -1.2396 -1.1293 -1.2261 -1.1742 -1.0530 -0.9288 -0.9106 -1.3234 -1.8056 -2.3640 -3.0640 -3.7928 -4.4470 -5.0976 -5.5733 -6.1142 -6.6209 -6.8335 -6.9924 -7.0943 -7.2245 -7.4170 -7.6008 -7.6123 -7.6876 -7.8852 -7.7170 -7.5595 -7.5899 -7.9168 -8.1042 -8.2675 -8.3340 -8.2747 -8.0548 -7.7332 -6.9265 -5.8930 -4.9960 -4.1367 -3.4752 -3.2987 -3.0898 -2.9739 -2.8466 -2.9455 -3.0810 -3.0874 -2.9378 -2.8035 -2.7123 -2.6374 -2.7460
2.6446 2.8905 2.8211 2.7327 2.6408 2.5597 2.5075 2.4951 2.4991 2.4352 2.2080 1.9998 1.9289 2.0661 2.1973 2.2442 2.5737 2.8613 3.1932 3.4642 3.7358 3.6385 3.2655 2.8734 2.3715 1.6177 0.8865 0.3904 0.6908 1.3413 1.9350 1.9529 1.2850 0.4035 0.0350 -0.3040 -0.6907 -0.9439 -0.9906 -0.8613 -0.8014 -1.0778 -1.4262 -1.7932 -2.3968 -3.1290 -3.7408 -4.1947 -4.5386 -4.7872 -4.9608 -5.0279 -4.9716 -4.8374 -4.6824 -4.5076 -4.3330 -4.1507 -3.9307 -3.6823 -3.3527 -2.9610 -2.7294 -2.7933 -3.0372 -3.2987 -3.1766 -3.2240 -3.2258 -3.1466 -3.1165 -3.1276 -3.1348 -3.0648 -2.8693 -2.5771 -2.2572 -1.8355 -1.5441 -1.1317 -0.9407 -0.7830 -0.6055 -0.4270 -0.2612 -0.1364 0.0787 0.3457 0.6792 1.1415 1.4300 1.4313 1.3118 1.5398 2.3880 3.4305 4.3355 4.7723 4.3408 3.9240 3.5521 3.2102 2.7877 2.5104 2.0378 1.7243 1.4609 1.6267 1.8511 1.9683 2.0614 2.1568 2.1914 2.1520 2.0369 1.9232 1.8794 1.8738 1.9043 1.9429 1.8588 1.5527 1.1964 0.8446 0.5298 0.2703 0.0832 -0.1026 -0.1383 -0.1494 -0.2085 -0.3074 -0.4391 -0.5510 -0.5926 -0.9961 -1.4209 -1.8076 -1.7422 -1.2081 -1.0770 -1.2566 -1.3005 -1.2638 -1.1676 -1.1173 -1.4637 -1.9627 -2.5667 -3.2189 -3.8588 -4.4158 -4.9395 -5.4063 -5.8336 -6.0869 -6.2416 -6.3264 -6.4235 -6.6173 -6.8724 -7.1996 -7.5573 -7.6572 -7.7845 -8.0818 -7.9444 -7.8530 -8.1731 -8.5195 -8.7560 -8.8088 -8.5757 -8.3863 -7.9547 -7.3479 -6.2734 -4.9930 -4.3584 -4.0317 -3.8267 -3.6508 -3.4734 -3.3245 -3.4798 -3.5201 -3.2132 -2.8472 -2.7063 -2.6267 -2.5669 -2.6924
2.6358 2.8861 2.7556 2.5832 2.4317 2.3301 2.2846 2.2946 2.3544 2.4547 2.5252 2.4575 2.4334 2.5889 2.7854 3.0142 3.2964 3.5802 3.9189 4.1349 4.3726 4.3769 4.1125 3.7070 3.0730 2.6027 1.9061 1.4367 1.0953 1.6031 2.1969 2.5257 1.9749 1.2927 0.8977 0.7317 -0.0292 -0.4418 -0.6235 -0.4071 -0.2080 -0.3544 -0.7161 -1.0749 -1.7750 -2.6257 -3.3326 -3.8214 -4.0991 -4.3485 -4.5348 -4.5744 -4.5144 -4.3782 -4.2089 -4.0232 -3.8246 -3.6163 -3.3747 -3.1284 -2.8671 -2.5217 -2.2362 -2.3783 -2.7371 -3.0691 -2.9411 -3.0785 -3.1339 -3.0931 -3.0699 -3.0350 -2.8535 -2.6383 -2.3382 -1.9436 -1.4474 -0.9464 -0.5679 -0.2318 0.0403 0.1037 0.1547 0.1526 0.2278 0.3189 0.3736 0.5351 0.8322 1.2690 1.7365 1.8803 1.7592 1.9395 2.8202 3.8204 4.9089 5.4672 4.9400 4.5571 4.0461 3.5589 3.2511 2.8376 2.5029 2.2964 2.0371 1.8828 1.9415 2.0552 2.2318 2.4560 2.6306 2.6226 2.4552 2.2331 2.0533 1.9204 1.8987 1.9443 1.9726 1.8488 1.5744 1.3165 1.0429 0.6774 0.4458 0.2438 0.0760 -0.0231 -0.1055 -0.2354 -0.3982 -0.5343 -0.7727 -1.1909 -1.5892 -1.9825 -1.7679 -1.3752 -1.0777 -1.3142 -1.4436 -1.4871 -1.4635 -1.4054 -1.4910 -2.0052 -2.5197 -3.1061 -3.6581 -4.1897 -4.5717 -4.8618 -5.1823 -5.3580 -5.4445 -5.5263 -5.6976 -5.9892 -6.2620 -6.6847 -7.2623 -7.6643 -7.7378 -8.0797 -8.3048 -8.0611 -8.0420 -8.4627 -8.8166 -8.8341 -8.7388 -8.5945 -8.0618 -7.3346 -6.2058 -5.2541 -4.9246 -4.6569 -4.3990 -4.1710 -3.8272 -3.8571 -3.9519 -3.5855 -3.1591 -2.8015 -2.6841 -2.5873 -2.4942 -2.6322
2.7391 2.9533 2.8038 2.5976 2.4086 2.2728 2.2205 2.2379 2.3210 2.4604 2.6617 2.8446 2.9073 3.0688 3.3017 3.5587 3.9451 4.3378 4.6260 4.8707 4.9743 5.0594 4.8602 4.5264 4.0518 3.3749 2.8559 2.3762 2.1230 2.1881 2.5379 2.9765 2.3857 1.7055 1.3310 1.1652 0.8108 0.0259 -0.1472 0.1209 0.6193 0.6314 0.1359 -0.4260 -1.3097 -2.0577 -2.8506 -3.2681 -3.5384 -3.8181 -3.9489 -3.9717 -3.9129 -3.7840 -3.6169 -3.4322 -3.2118 -2.9684 -2.7516 -2.5033 -2.2725 -2.0524 -1.8142 -2.0522 -2.4408 -2.7650 -2.7329 -3.0380 -3.0493 -2.9382 -2.8270 -2.6242 -2.4036 -2.1270 -1.7248 -1.2103 -0.6486 -0.1034 0.3130 0.5923 0.7613 0.7720 0.7464 0.7533 0.5905 0.4211 0.3184 0.3626 0.6515 1.1481 1.7038 2.1953 2.1868 2.4222 3.2387 4.2977 5.3064 5.9309 5.7271 5.1743 4.4621 4.0453 3.6057 3.2996 3.0221 2.8091 2.6284 2.4558 2.3799 2.3515 2.3511 2.4543 2.6387 2.8056 2.8377 2.6544 2.4122 2.2122 2.0744 2.0326 2.0809 2.0966 1.9250 1.7113 1.4641 1.2030 0.9317 0.6329 0.4249 0.2483 0.0168 -0.2020 -0.4164 -0.6121 -0.8972 -1.3031 -1.7155 -2.0661 -1.8932 -1.5047 -1.1106 -1.3213 -1.5067 -1.6031 -1.6747 -1.6929 -1.8003 -2.1391 -2.5678 -3.0255 -3.4201 -3.6323 -3.8662 -4.1734 -4.4206 -4.5773 -4.6950 -4.8290 -5.0681 -5.3483 -5.6401 -6.1016 -6.8913 -7.5149 -7.8339 -8.0018 -8.3465 -8.2905 -8.3185 -8.5697 -8.8629 -8.8665 -9.0325 -8.5525 -7.8797 -7.0688 -6.2866 -5.8340 -5.5284 -5.2383 -4.9489 -4.4592 -4.2656 -4.3218 -3.9535 -3.4841 -3.0040 -2.7074 -2.4697 -2.2437 -2.0783 -2.3098
2.8076 3.0689 2.9629 2.7821 2.5958 2.4432 2.3879 2.4158 2.5180 2.6581 2.8492 3.0817 3.2842 3.4416 3.6472 3.9579 4.4016 4.8576 5.3170 5.4432 5.4865 5.6045 5.4881 5.1945 4.8144 4.2963 3.7546 3.2294 2.8921 2.7583 2.9347 3.2844 2.4000 1.6779 1.3750 1.1945 1.2098 0.4570 0.2926 0.7322 1.1111 1.3576 1.1470 0.5529 -0.6045 -1.5950 -2.1426 -2.5694 -2.8817 -3.1814 -3.2605 -3.2676 -3.2069 -3.0853 -2.9194 -2.7186 -2.4754 -2.2018 -1.9879 -1.7831 -1.6380 -1.5356 -1.4105 -1.6979 -2.1324 -2.4249 -2.5705 -2.9194 -2.7814 -2.5948 -2.3659 -2.1469 -1.8184 -1.5129 -1.0383 -0.4943 0.0584 0.4810 0.8883 1.1961 1.2989 1.1769 0.9702 0.7649 0.5945 0.4198 0.2746 0.2501 0.4468 0.9213 1.5788 2.1912 2.5616 2.7325 3.5343 4.6401 5.5817 6.1727 6.3592 5.5645 5.1493 4.4855 4.0812 3.7667 3.4932 3.2640 3.0673 2.9240 2.8496 2.7832 2.7357 2.7032 2.6898 2.7370 2.8307 2.8768 2.7920 2.6158 2.4719 2.3944 2.3899 2.4554 2.3423 2.1081 1.8588 1.6097 1.3619 1.1351 0.8181 0.5474 0.3257 0.0120 -0.3046 -0.5690 -0.8087 -1.1764 -1.5522 -1.9390 -2.0357 -1.6619 -1.1756 -1.2660 -1.4824 -1.6061 -1.7634 -1.9034 -2.0691 -2.3553 -2.7319 -2.8199 -2.7883 -2.8225 -2.9279 -3.1395 -3.3745 -3.5695 -3.7780 -4.0136 -4.3899 -4.6750 -5.1323 -5.7112 -6.5279 -7.2890 -7.8294 -8.0450 -8.3669 -8.6555 -8.7542 -8.9242 -9.0802 -9.1210 -8.9838 -8.3616 -7.6916 -7.1319 -6.6403 -6.5517 -6.3548 -5.8422 -5.1766 -4.8341 -4.6636 -4.2806 -3.8263 -3.3015 -2.7017 -2.2962 -2.0075 -1.6996 -1.4911 -1.5504
2.9193 3.1571 3.0860 2.9832 2.8743 2.7867 2.7624 2.8643 3.0409 3.2171 3.3496 3.4959 3.6483 3.8051 3.9815 4.2971 4.6758 5.2236 5.8022 5.7907 5.6836 5.7348 5.8879 5.7750 5.4276 5.0755 4.5964 4.0613 3.5069 3.2267 3.4908 3.1819 2.5681 1.4637 1.1986 1.1923 1.4156 0.9553 0.9472 1.1188 1.3413 1.6747 1.7559 1.1671 0.4920 -0.7556 -1.2791 -1.7749 -2.1237 -2.4530 -2.5230 -2.5188 -2.4521 -2.3237 -2.1442 -1.9217 -1.6731 -1.4074 -1.2060 -1.0683 -1.0223 -1.0355 -1.0879 -1.3785 -1.7757 -2.0874 -2.3862 -2.5610 -2.3579 -2.0956 -1.8235 -1.5241 -1.2116 -0.8450 -0.3886 0.1262 0.5583 0.9971 1.3379 1.4009 1.3351 1.1547 0.9340 0.7437 0.6077 0.5109 0.4596 0.4482 0.5863 0.9567 1.5185 2.2227 2.7691 3.0175 3.7145 4.8005 5.8385 6.4962 7.0084 6.4054 5.6894 5.1077 4.6340 4.2545 3.9472 3.6802 3.4258 3.2375 3.1642 3.1633 3.1490 3.1165 3.0299 2.8882 2.7808 2.7825 2.8306 2.8526 2.8535 2.8583 2.8695 2.8902 2.8850 2.7096 2.4342 2.1682 1.9268 1.6407 1.3331 0.9712 0.6262 0.2835 0.0337 -0.2718 -0.5815 -0.9168 -1.3240 -1.7224 -2.0275 -1.7666 -1.3099 -1.1804 -1.3894 -1.5476 -1.7468 -2.0062 -2.2743 -2.5854 -2.7159 -2.4454 -2.1925 -2.0385 -1.9725 -2.0557 -2.2700 -2.5189 -2.8435 -3.2258 -3.5440 -3.9921 -4.7139 -5.3424 -6.1626 -7.0643 -7.7312 -8.0997 -8.4781 -8.8572 -9.1417 -9.3070 -9.3128 -9.2464 -8.7561 -8.1519 -7.5480 -7.1822 -7.0740 -6.9953 -6.8879 -6.3170 -5.6266 -5.2499 -4.7426 -4.2413 -3.6843 -3.0604 -2.4003 -1.6811 -1.3452 -1.0512 -0.7742 -0.7403
3.1374 3.3264 3.2129 3.1112 3.0639 3.0709 3.1522 3.3547 3.5250 3.7468 3.9013 4.0063 4.1001 4.2169 4.3750 4.5693 4.9653 5.4709 5.5041 5.6055 5.5955 5.6766 5.8918 6.1260 6.0216 5.6438 5.2096 4.5497 3.9045 3.5127 3.7133 3.2440 2.6294 1.4534 1.1916 1.1826 1.3654 1.1557 1.0251 1.1628 1.5037 1.6189 1.8531 1.6132 1.0741 0.0949 -0.6045 -0.9481 -1.2577 -1.5867 -1.7120 -1.7164 -1.6497 -1.5208 -1.3457 -1.1367 -0.9123 -0.6879 -0.5309 -0.4489 -0.4707 -0.5672 -0.7444 -1.0298 -1.4309 -1.7510 -2.0466 -2.0739 -1.8195 -1.5028 -1.1865 -0.8685 -0.5502 -0.2211 0.1694 0.5584 0.9968 1.3368 1.4082 1.4004 1.3367 1.2161 1.0569 0.8815 0.7302 0.6595 0.6921 0.8008 0.9861 1.1947 1.6410 2.3865 2.8751 3.3126 3.9406 4.8901 6.0205 6.8371 7.0003 7.0861 6.3505 5.8088 5.2161 4.8170 4.4713 4.1414 3.8276 3.6089 3.4665 3.3732 3.2899 3.2708 3.2750 3.1924 2.9690 2.7639 2.6996 2.7344 2.8174 2.9237 3.0457 3.2214 3.3187 3.2447 3.0396 2.8340 2.6294 2.3731 2.0237 1.6621 1.2674 0.8002 0.4165 0.0692 -0.2577 -0.5571 -1.0046 -1.4359 -1.8182 -1.8758 -1.5203 -1.1444 -1.2514 -1.4625 -1.6797 -2.0079 -2.3512 -2.6774 -2.5344 -2.0932 -1.6111 -1.3375 -1.1176 -1.0987 -1.2975 -1.6069 -1.9672 -2.2960 -2.8246 -3.5955 -4.3287 -5.1521 -5.8884 -6.8519 -7.6359 -8.0811 -8.5205 -8.9530 -9.3392 -9.4653 -9.3941 -9.0412 -8.5410 -7.9557 -7.4002 -7.3834 -7.4206 -7.1817 -7.1608 -6.5831 -6.0412 -5.5853 -4.9254 -4.3192 -3.6088 -2.8284 -1.9846 -1.1533 -0.6034 -0.3271 -0.0867 -0.0273
3.3252 3.5339 3.4214 3.3014 3.2424 3.2703 3.4086 3.6730 3.9868 4.2638 4.4528 4.5343 4.5862 4.6620 4.7989 5.0711 5.1435 4.9800 5.0584 5.1316 5.3461 5.5897 5.7551 5.9980 6.2112 6.0776 5.5083 4.8441 4.2172 3.7282 3.4833 3.2349 2.6932 1.6502 1.3328 1.1526 1.0380 0.9444 0.8275 1.1212 1.6480 1.7966 1.7653 1.7984 1.4863 1.0277 0.2647 -0.1389 -0.4606 -0.7385 -0.8589 -0.8855 -0.8403 -0.7336 -0.5865 -0.4184 -0.2430 -0.0781 -0.0050 0.0442 -0.0074 -0.1431 -0.3813 -0.7327 -1.0504 -1.4061 -1.6069 -1.5514 -1.2438 -0.8188 -0.4798 -0.1741 0.0562 0.3141 0.6019 0.9695 1.2678 1.3261 1.3338 1.3798 1.4251 1.3998 1.2841 1.1071 0.9271 0.8405 0.9375 1.1540 1.3726 1.5473 1.8198 2.5087 3.0673 3.5769 4.1443 4.9979 6.0984 7.0195 7.1339 7.5221 7.1479 6.3886 5.9901 5.5618 5.1855 4.6969 4.4253 4.1036 3.9067 3.7804 3.6527 3.5275 3.4016 3.3411 3.2389 2.9923 2.8012 2.7106 2.7391 2.8628 3.0981 3.3786 3.6891 3.7656 3.4838 3.3951 3.4142 3.2450 3.0100 2.6157 2.2854 1.6983 1.2467 0.7870 0.2475 -0.1944 -0.6524 -1.0668 -1.4998 -1.8727 -1.7017 -1.3128 -1.1257 -1.3581 -1.6115 -1.9845 -2.3336 -2.6732 -2.3756 -1.8699 -1.2932 -0.7163 -0.4418 -0.3333 -0.5249 -0.8479 -1.1090 -1.6339 -2.3736 -3.2773 -4.0985 -4.9020 -5.6632 -6.7109 -7.5409 -8.0053 -8.4465 -8.8614 -9.2258 -9.3682 -9.2374 -8.8548 -8.3772 -7.8802 -7.5248 -7.5256 -7.5585 -7.2371 -7.2021 -6.7729 -6.3540 -5.9143 -5.1942 -4.3712 -3.5697 -2.6465 -1.7545 -0.8724 -0.0519 0.2937 0.5455 0.6779
3.4361 3.6769 3.6013 3.5106 3.4715 3.5198 3.6693 3.9001 4.1952 4.5667 4.9586 5.1504 5.2059 5.1610 5.0341 4.7578 4.5721 4.5559 4.5874 4.7493 4.9575 5.2793 5.6669 5.8557 5.9930 6.0452 5.6332 5.0737 4.5073 3.9648 3.5372 3.2163 2.7348 1.9219 1.3695 1.3089 0.8514 0.5730 0.5486 0.7400 1.0930 1.5585 1.6460 1.7500 1.8412 1.5728 1.2091 0.8102 0.3607 0.0653 -0.0705 -0.1234 -0.1048 -0.0310 0.0707 0.1816 0.2879 0.4058 0.5170 0.4868 0.3801 0.1895 -0.1314 -0.4236 -0.7399 -0.9594 -1.1287 -1.0495 -0.7034 -0.2269 0.1429 0.4098 0.6247 0.7965 1.0519 1.1980 1.2103 1.1886 1.2745 1.4504 1.5738 1.5776 1.4718 1.3091 1.1567 1.1028 1.2415 1.4708 1.7083 1.8327 1.9692 2.5648 3.1707 3.8176 4.4612 5.2040 6.1634 7.0448 7.4656 7.4032 8.0300 7.3765 6.8425 6.4380 6.0299 5.6195 5.2226 4.8263 4.5422 4.3397 4.1281 3.9478 3.7351 3.5633 3.3837 3.3006 3.1418 3.0701 3.0759 3.1907 3.3539 3.6069 3.8638 3.8770 3.7248 3.8130 3.9726 4.0133 3.7687 3.4127 3.1322 2.7740 2.3340 1.8145 1.0708 0.5323 -0.1523 -0.6949 -1.1493 -1.5794 -1.8628 -1.5200 -1.1033 -1.2409 -1.5786 -1.9354 -2.2924 -2.6260 -2.4367 -1.8643 -1.1507 -0.4845 0.2395 0.4539 0.2525 -0.2247 -0.6072 -1.1392 -2.0518 -2.9299 -3.9028 -4.8292 -5.6112 -6.6491 -7.4534 -7.9053 -8.3230 -8.7015 -9.0050 -9.0882 -8.9021 -8.6260 -8.3952 -8.0269 -7.8464 -7.6575 -7.7171 -7.4395 -7.3474 -6.9479 -6.5975 -6.2292 -5.5060 -4.4657 -3.6295 -2.6160 -1.5291 -0.5287 0.2416 0.8652 1.1635 1.2047
3.4782 3.7260 3.6757 3.6182 3.6044 3.6722 3.8442 4.0841 4.3298 4.5681 4.7722 4.8520 4.8050 4.6774 4.4897 4.3675 4.2054 4.1388 4.1422 4.3074 4.5376 4.8245 5.1804 5.5618 5.9530 5.9707 5.7207 5.2707 4.7068 4.2050 3.8012 3.3951 2.9110 2.2125 1.4249 1.4658 0.9939 0.4657 0.3785 0.2319 0.4449 0.8413 1.0936 1.2235 1.4687 1.7110 1.7432 1.5518 1.2813 1.0804 0.9377 0.8551 0.8184 0.8004 0.7804 0.7592 0.7420 0.6914 0.6307 0.5456 0.4220 0.2519 0.0750 -0.1118 -0.3608 -0.4813 -0.6611 -0.5792 -0.3057 0.1939 0.6909 1.0280 1.1318 1.1970 1.2152 1.1575 1.0877 1.1520 1.3747 1.5845 1.6868 1.6872 1.6231 1.5227 1.4240 1.4002 1.5312 1.7429 1.9315 2.0183 2.0897 2.6098 3.2334 3.9751 4.6530 5.4190 6.2460 7.1083 7.7430 7.4750 7.8773 8.5410 7.7545 7.3372 6.9046 6.5620 6.1471 5.8120 5.4358 5.0609 4.7337 4.4599 4.2037 3.9272 3.7411 3.5459 3.4641 3.4358 3.4516 3.5409 3.6946 3.8777 3.9250 3.8321 4.0903 4.3000 4.5518 4.7866 4.5927 4.3392 3.9020 3.5420 3.0453 2.6796 2.0743 1.2368 0.5915 -0.2116 -0.7048 -1.2979 -1.7352 -1.7231 -1.3336 -1.1600 -1.5503 -1.9213 -2.2870 -2.5783 -2.4132 -1.8572 -1.1507 -0.4693 0.2990 0.7017 0.6063 0.2171 -0.2193 -0.7797 -1.5906 -2.6135 -3.6223 -4.5986 -5.4410 -6.6149 -7.3460 -7.7782 -8.1717 -8.5233 -8.7242 -8.7362 -8.6000 -8.5152 -8.5504 -8.3657 -8.2245 -7.8858 -8.0054 -7.8298 -7.6761 -7.3464 -6.8067 -6.3798 -5.7596 -4.6523 -3.7730 -2.7129 -1.5586 -0.4438 0.4231 1.2047 1.5502 1.5762
3.4805 3.7273 3.7035 3.6736 3.6619 3.6874 3.7942 4.0035 4.2418 4.4189 4.4427 4.4588 4.4023 4.2818 4.1239 3.9864 3.8379 3.7438 3.7085 3.8379 4.0376 4.3396 4.7105 5.0086 5.4710 5.9947 5.9408 5.4492 5.0580 4.5627 4.1281 3.6468 3.1255 2.5696 1.6934 1.4874 1.0119 0.4157 0.4129 0.2374 0.0151 0.2650 0.5321 0.7996 1.0049 1.1675 1.3413 1.4472 1.4818 1.4696 1.4310 1.3784 1.3140 1.2317 1.1254 1.0023 0.8811 0.7718 0.6703 0.5683 0.4554 0.3397 0.2127 0.1005 0.0292 -0.0433 -0.2427 -0.1542 0.1211 0.7718 1.1136 1.2783 1.3584 1.3386 1.2238 1.1115 1.1507 1.3499 1.5697 1.7180 1.8149 1.8734 1.8736 1.8102 1.6967 1.6437 1.7403 1.9286 2.0900 2.1602 2.2452 2.7105 3.3269 4.1135 4.9119 5.6421 6.3845 7.0965 8.1226 7.4439 7.8200 8.6894 8.8999 8.5228 7.8240 7.4277 7.0824 6.7782 6.3252 5.9760 5.4946 5.1425 4.7090 4.4423 4.1500 3.9496 3.8404 3.8161 3.8649 3.9400 3.9634 3.9401 4.0407 4.3128 4.5983 4.9045 5.2266 5.4480 5.3504 5.0835 4.8064 4.3943 3.8787 3.2566 2.7904 2.0917 1.1991 0.2973 -0.3894 -0.9732 -1.4942 -1.8639 -1.5557 -1.2055 -1.5353 -1.9357 -2.3259 -2.5545 -2.1868 -1.6038 -0.8965 -0.3034 0.4033 0.7631 0.6896 0.3669 0.0556 -0.4959 -1.2844 -2.1547 -3.1699 -4.1619 -5.0782 -6.3290 -7.2469 -7.6604 -8.0030 -8.3075 -8.4657 -8.5021 -8.4618 -8.4660 -8.5358 -8.5344 -8.5930 -8.2548 -8.3762 -8.2036 -7.9802 -7.6312 -7.1532 -6.4075 -5.7740 -4.8108 -3.9543 -2.8957 -1.7363 -0.5828 0.3594 1.3118 1.7915 1.8346
3.4637 3.6953 3.6817 3.6606 3.6553 3.6728 3.7145 3.7843 3.8837 3.9775 4.0525 4.0442 3.9772 3.8622 3.7246 3.6022 3.4651 3.3412 3.2806 3.3191 3.5371 3.7751 4.1037 4.5261 4.8773 5.3822 6.1410 5.8169 5.2972 4.9870 4.4700 3.9810 3.4426 2.8147 2.0367 1.4020 0.7109 0.2315 0.2794 0.3722 0.0176 -0.0377 0.1769 0.5167 0.8314 0.9682 1.0456 1.1040 1.1390 1.1549 1.1528 1.1356 1.1020 1.0494 0.9780 0.8981 0.8260 0.7530 0.6720 0.5907 0.5180 0.4621 0.4380 0.4426 0.4212 0.2285 0.0961 0.3220 0.7886 1.1164 1.2699 1.3932 1.4845 1.4317 1.3357 1.3534 1.5015 1.6573 1.8006 1.9754 2.1425 2.2381 2.2164 2.0451 1.8171 1.7113 1.8461 2.0711 2.2223 2.3026 2.4433 2.8680 3.4566 4.2341 5.0743 5.8459 6.5583 7.2061 8.3219 7.7886 7.8035 8.2959 9.1234 9.1687 8.7358 8.1515 7.8586 7.5779 7.2652 6.8406 6.3869 5.9025 5.5206 5.0415 4.7516 4.4521 4.2826 4.2275 4.2114 4.2196 4.2870 4.4267 4.7078 4.9291 5.2675 5.4953 5.8065 6.0644 6.0720 5.8111 5.4540 5.0105 4.5387 3.9519 3.2243 2.6715 1.9184 0.9940 0.0229 -0.6635 -1.1732 -1.6419 -1.7588 -1.3875 -1.4357 -1.9528 -2.2932 -2.4647 -1.9991 -1.3415 -0.6946 -0.1392 0.5063 0.9051 0.7727 0.4419 0.1972 -0.2049 -0.8930 -1.8197 -2.8111 -3.7257 -4.5236 -5.6640 -6.9341 -7.5736 -7.9458 -8.1693 -8.3211 -8.4145 -8.4534 -8.4254 -8.4276 -8.5657 -8.7481 -8.5981 -8.6903 -8.5529 -8.2071 -7.8442 -7.4141 -6.5401 -5.7158 -4.8706 -4.0833 -3.0680 -1.9464 -0.8318 0.1155 1.2400 1.8775 1.9968
3.2902 3.3915 3.3534 3.2822 3.2532 3.2825 3.3634 3.4673 3.5547 3.6120 3.6500 3.6341 3.5652 3.4397 3.2861 3.1980 3.0442 2.9017 2.8283 2.8448 2.9724 3.2178 3.5083 3.8635 4.3604 4.7073 5.3702 6.2342 5.7602 5.2105 4.9191 4.3757 3.8422 3.1869 2.4397 1.4436 0.5134 0.0380 -0.0072 0.3305 -0.0175 -0.1635 0.0170 0.3523 0.7006 1.0104 1.1676 1.2276 1.2229 1.1812 1.1211 1.0578 1.0032 0.9638 0.9534 0.9816 1.0124 0.9922 0.9234 0.8437 0.7817 0.7434 0.7138 0.6569 0.5251 0.4462 0.6079 0.9230 1.2579 1.3950 1.3924 1.5162 1.6499 1.7215 1.7511 1.8077 1.8901 1.9749 2.1782 2.4144 2.6358 2.7437 2.6268 2.3800 1.9899 1.6994 1.8876 2.1933 2.3388 2.4358 2.6126 3.0577 3.6571 4.4313 5.2698 6.0337 6.7184 7.3807 8.3650 8.1639 7.9061 8.1155 8.7743 9.3327 9.1999 8.8252 8.4811 8.2927 7.9935 7.6345 7.2674 6.7721 6.3502 5.9419 5.5110 5.1667 4.9173 4.8436 4.8598 4.9232 5.0291 5.2020 5.4637 5.7018 5.9379 6.1032 6.3166 6.1985 6.0131 5.8904 5.8659 5.5961 5.0522 4.4638 3.7832 3.0219 2.4309 1.4872 0.6932 -0.2326 -0.8036 -1.3348 -1.6550 -1.4932 -1.3833 -1.7692 -2.0876 -2.2542 -1.7832 -1.1341 -0.4362 0.0434 0.5706 1.0585 0.9512 0.6098 0.3010 0.0706 -0.6093 -1.3859 -2.1766 -3.0328 -4.0410 -4.7879 -5.9704 -7.1193 -7.7587 -8.1238 -8.3502 -8.4880 -8.4501 -8.2896 -8.2496 -8.4683 -8.6706 -8.8291 -8.8256 -8.7263 -8.3498 -7.9371 -7.4929 -6.6694 -5.7216 -4.8990 -4.1615 -3.2535 -2.2291 -1.2170 -0.2038 0.9752 1.7561 2.0746
2.8818 2.9727 2.8371 2.7402 2.6950 2.7155 2.7890 2.8889 2.9847 3.0578 3.0930 3.0753 3.0126 2.9423 2.7968 2.5905 2.3856 2.2223 2.1605 2.2470 2.4561 2.6856 2.9338 3.2822 3.7094 4.2932 4.7168 5.4714 6.3150 5.6892 5.1930 4.8497 4.2015 3.4457 2.7157 1.8148 0.8249 0.2781 0.0653 0.2995 0.0106 -0.2230 0.0351 0.3328 0.6564 1.0071 1.2873 1.4612 1.5064 1.4579 1.3646 1.2644 1.2036 1.2035 1.2713 1.3525 1.3578 1.2496 1.0918 0.9492 0.8471 0.7805 0.7272 0.6743 0.6905 0.8317 1.0565 1.3549 1.5684 1.5413 1.5387 1.7371 1.9785 2.1510 2.2335 2.2369 2.2008 2.3952 2.7363 2.9804 3.2306 3.3194 3.2117 2.8419 2.3632 1.9218 1.9227 2.2913 2.4321 2.5239 2.8057 3.2574 3.8679 4.6333 5.4473 6.1879 6.8444 7.4651 8.3551 8.4394 8.1017 8.1196 8.4377 8.9855 9.3239 9.1741 8.9743 8.9076 8.7912 8.3721 7.9460 7.6267 7.2455 6.8764 6.5418 6.1387 5.8238 5.7310 5.7602 5.8288 5.9217 6.0491 6.2124 6.3619 6.4889 6.5747 6.5250 6.3632 6.1703 5.9217 5.7312 5.7619 5.5227 4.8582 4.2371 3.4934 2.8887 2.1564 1.2209 0.2395 -0.4922 -0.9389 -1.2482 -1.3049 -1.2022 -1.5233 -1.8685 -2.0156 -1.4942 -0.7895 -0.1590 0.2746 0.6764 1.1797 1.1623 0.8820 0.5142 0.1920 -0.2715 -0.9160 -1.6019 -2.3413 -3.1445 -4.1856 -4.7751 -5.7669 -6.8581 -7.5832 -7.8837 -8.1365 -8.1242 -7.9593 -7.9407 -8.1298 -8.3079 -8.4613 -8.4468 -8.3866 -8.2146 -7.8198 -7.3648 -6.6100 -5.7422 -4.9209 -4.2573 -3.4782 -2.5579 -1.4920 -0.5950 0.6623 1.4927 2.0693
2.3829 2.1813 1.9637 1.8137 1.7461 1.7740 1.8750 2.0132 2.1382 2.2321 2.2764 2.2700 2.2479 2.1622 1.9925 1.7736 1.5774 1.4551 1.4528 1.5971 1.8442 2.1759 2.4803 2.7785 3.1884 3.6818 4.3543 4.8655 5.6722 6.2849 5.6236 5.1614 4.5161 3.7910 3.0682 2.2366 1.2543 0.6020 0.4612 0.5119 0.2734 0.0153 0.0085 0.3574 0.7087 1.0632 1.4229 1.6651 1.7312 1.6717 1.5778 1.5040 1.4969 1.5632 1.6506 1.6456 1.4641 1.1986 0.9687 0.8207 0.7517 0.7412 0.7728 0.8650 1.0443 1.2280 1.4328 1.6303 1.7092 1.6980 1.7540 2.0066 2.3167 2.5754 2.6065 2.4920 2.5733 2.8310 3.2367 3.4594 3.6977 3.6716 3.5911 3.3102 2.8248 2.2523 2.0432 2.3418 2.5044 2.5612 2.8820 3.3752 4.0387 4.8333 5.6452 6.3694 6.9934 7.5548 8.3323 8.5797 8.2598 8.1525 8.2258 8.5794 9.0846 9.3049 9.1536 9.0488 9.0255 8.9667 8.6005 8.3156 8.0960 7.8024 7.5113 7.1479 6.8942 6.6998 6.6699 6.6656 6.6830 6.7287 6.7935 6.8730 6.9163 6.9585 6.9081 6.7423 6.4809 6.2237 5.8778 5.6249 5.6852 5.2436 4.5082 3.9356 3.2003 2.6802 1.9678 1.0335 0.0906 -0.4480 -0.7862 -0.9395 -0.9888 -1.3340 -1.6251 -1.5637 -1.1742 -0.5223 0.1954 0.6224 0.8749 1.3075 1.3415 1.1410 0.7071 0.1102 -0.1667 -0.6754 -1.2837 -1.9038 -2.5458 -3.0936 -3.8455 -4.5059 -5.2240 -6.0235 -7.1026 -7.6455 -7.7340 -7.6167 -7.5641 -7.7549 -7.9001 -8.0272 -7.9851 -7.9443 -7.9568 -7.6391 -7.2041 -6.4620 -5.7120 -5.0045 -4.3563 -3.7246 -2.8268 -1.9106 -1.0020 -0.0410 1.0719 1.9058
0.9988 0.8048 0.4875 0.4160 0.4060 0.4444 0.5053 0.5778 0.6289 0.6738 0.7080 0.7339 1.0522 1.0645 1.0139 0.9332 0.8728 0.8477 0.8964 1.0577 1.2772 1.5969 1.9985 2.3817 2.7713 3.1911 3.7536 4.5142 5.0848 5.8157 6.0588 5.4264 4.7841 4.0665 3.3207 2.5576 1.6616 1.1380 0.9384 1.0162 0.6633 0.3831 0.1696 0.3107 0.7241 1.1636 1.5722 1.7728 1.7285 1.6248 1.5746 1.6036 1.7004 1.7969 1.7709 1.5441 1.2256 0.9780 0.8438 0.8018 0.8438 0.9402 1.0778 1.2534 1.4670 1.6790 1.8651 1.9953 2.0103 1.9532 2.0041 2.2446 2.5419 2.7345 2.7621 2.7639 2.9437 3.2878 3.6433 3.7303 3.5981 3.4395 3.3339 3.3054 3.2185 2.7325 2.3015 2.3779 2.5721 2.6045 2.8226 3.3232 4.0067 4.7799 5.6047 6.4332 7.1241 7.6776 8.3565 8.6857 8.4233 8.1628 8.1835 8.3499 8.7018 9.2034 9.2803 9.1361 9.0672 9.0665 9.0672 8.9057 8.7503 8.5697 8.2910 8.0116 7.7220 7.5377 7.3716 7.2801 7.2347 7.2123 7.2327 7.2853 7.3969 7.3928 7.2948 7.1154 6.7994 6.4424 6.0584 5.7236 5.5259 5.5881 4.9295 4.2899 3.7237 3.0667 2.6288 2.0128 1.0583 0.3081 -0.2648 -0.4685 -0.7295 -0.9874 -1.1645 -1.0286 -0.6755 -0.1517 0.6618 0.9608 1.1632 1.4851 1.4922 1.2769 0.8440 0.0767 -0.3345 -0.7633 -1.2106 -1.6049 -1.8248 -2.2874 -2.8922 -3.4122 -4.1170 -4.5609 -5.4763 -6.2822 -7.0582 -7.2444 -7.1838 -7.3444 -7.4959 -7.5642 -7.5143 -7.5024 -7.5796 -7.4774 -7.0859 -6.4058 -5.7010 -5.0587 -4.4758 -3.9344 -3.2259 -2.2331 -1.3853 -0.5384 0.2797 1.4528
-0.5438 -0.5594 -0.4453 -0.4521 -0.4277 -0.3865 -0.3477 -0.3218 -0.3169 -0.3130 -0.2922 -0.2471 -0.3460 -0.1677 -0.0014 0.1156 0.2071 0.2568 0.4097 0.4907 0.6779 0.9549 1.3349 1.7984 2.3082 2.7632 3.2318 3.8688 4.6313 5.1159 5.5131 5.4606 4.8825 4.1822 3.5587 2.8229 2.0416 1.6114 1.4566 1.5746 1.2845 0.8577 0.5763 0.3883 0.7015 1.2308 1.7219 1.8617 1.7379 1.6909 1.6982 1.7310 1.7903 1.7548 1.5463 1.2590 1.0564 0.9720 1.0006 1.0914 1.2033 1.3399 1.5332 1.7915 2.0372 2.2836 2.4557 2.5531 2.4713 2.3185 2.2567 2.3819 2.5864 2.7645 2.8958 3.0174 3.2322 3.5387 3.7205 3.6058 3.4358 3.3505 3.2743 3.1500 3.1011 3.0792 2.7116 2.4965 2.6196 2.6907 2.7325 3.1357 3.7235 4.4762 5.3561 6.1212 6.9007 7.6446 8.3891 8.8584 8.6067 8.2990 8.1196 8.1898 8.4025 8.9140 9.2860 9.2458 9.1262 9.1087 9.1634 9.2498 9.3147 9.2981 9.1351 8.6549 8.3478 8.0901 7.8588 7.7107 7.6537 7.6599 7.6448 7.6035 7.4986 7.3471 7.1800 7.0187 6.8589 6.6598 6.2645 5.8994 5.5745 5.4406 5.3330 4.7086 4.1859 3.6735 3.2490 2.8931 2.3639 1.7328 1.0625 0.2815 -0.0941 -0.3520 -0.5113 -0.3604 0.0973 0.7130 1.0659 1.3440 1.5315 1.7430 1.6717 1.2916 0.9307 0.2837 -0.1520 -0.5793 -0.9405 -1.2944 -1.5625 -1.8434 -2.0439 -2.4718 -3.0246 -3.7012 -4.6083 -5.2295 -6.1413 -6.7576 -6.9451 -7.1419 -7.1566 -7.0687 -7.0026 -7.0663 -7.2820 -7.2650 -7.0350 -6.4801 -5.7979 -5.1463 -4.5703 -4.1110 -3.4558 -2.6719 -1.7253 -0.8809 -0.2327 0.8625
-1.8474 -1.5105 -1.3676 -1.3077 -1.2500 -1.2093 -1.1965 -1.2097 -1.2495 -1.2773 -1.2708 -1.2085 -1.1307 -0.9185 -0.7049 -0.5322 -0.4052 -0.3374 -0.3635 -0.3368 -0.2420 0.0468 0.5437 1.0644 1.6267 2.2324 2.7294 3.1981 3.7814 4.4464 4.7837 4.9789 4.7291 4.1856 3.6273 3.0537 2.4757 2.0601 1.7946 1.9842 1.8532 1.5403 1.2147 0.8467 0.8651 1.4353 1.9834 2.1511 2.1049 2.1387 2.1108 2.0519 1.9236 1.7446 1.5127 1.3237 1.2413 1.2938 1.3983 1.5179 1.6626 1.8737 2.1650 2.4102 2.6164 2.7943 2.9179 2.9725 2.8565 2.6764 2.5388 2.5520 2.6871 2.8547 2.9971 3.1107 3.2949 3.5148 3.4740 3.3018 3.2712 3.3771 3.4620 3.3481 3.1011 3.0762 3.0938 2.8129 2.6910 2.7661 2.8106 2.9617 3.4729 4.2289 4.9650 5.8154 6.6386 7.3644 8.2837 9.0113 8.8946 8.4734 8.1608 8.1252 8.2124 8.5777 9.0927 9.2990 9.2071 9.1643 9.2317 9.3727 9.5357 9.6529 9.5861 9.2126 8.7301 8.4153 8.2328 8.0779 7.9707 7.8375 7.6673 7.4808 7.2906 7.1154 6.9777 6.8834 6.8021 6.6915 6.5022 6.1182 5.7896 5.4601 5.3732 5.1271 4.6263 4.3622 4.0949 3.7632 3.3805 3.0899 2.7982 2.3705 1.9337 1.6299 1.1874 1.1286 1.3028 1.5283 1.6554 1.8344 1.9752 2.0855 1.8973 1.4080 1.0219 0.5077 0.1120 -0.1709 -0.5079 -0.7682 -1.0451 -1.3497 -1.6693 -1.9304 -2.2720 -2.9333 -3.6560 -4.6544 -5.4224 -6.3410 -6.7630 -7.0062 -7.0079 -6.8858 -6.8189 -6.8953 -7.1426 -7.1764 -7.0755 -6.6360 -5.9965 -5.2974 -4.6626 -4.2178 -3.7014 -2.9952 -2.1322 -1.2376 -0.6133 0.3517
-2.6074 -2.3394 -2.1193 -2.0197 -1.9473 -1.9100 -1.9111 -1.9425 -1.9983 -2.0386 -2.0310 -1.9543 -1.8214 -1.6112 -1.3968 -1.2153 -1.0849 -1.0289 -1.0159 -1.0017 -0.9158 -0.6842 -0.3915 0.0499 0.8826 1.4553 1.9565 2.4816 3.1705 3.7071 4.2116 4.4578 4.6004 4.2282 3.7948 3.4392 3.1952 2.6816 2.1676 2.0878 2.3234 2.1000 1.8413 1.5325 1.3086 1.7102 2.3607 2.5521 2.5421 2.6332 2.5911 2.4100 2.2770 2.1159 1.9188 1.7109 1.6580 1.7240 1.8440 2.0342 2.2959 2.5178 2.7334 2.9252 3.1076 3.2809 3.4554 3.3822 3.2015 3.0098 2.8817 2.8608 2.9216 3.0109 3.0813 3.1426 3.2452 3.2282 3.0752 3.0262 3.1765 3.4144 3.6303 3.6392 3.3404 3.1066 3.2059 3.1647 2.9162 2.8186 2.8877 2.9774 3.2992 3.8737 4.6658 5.4731 6.2921 7.0188 7.8883 8.7817 9.3605 8.7979 8.3459 8.0180 8.1384 8.3657 8.7727 9.2088 9.2461 9.2094 9.2579 9.3777 9.5099 9.6031 9.5878 9.3980 9.0666 8.7648 8.5964 8.4323 8.1815 7.8403 7.5355 7.3020 7.1228 6.9901 6.9034 6.8594 6.8367 6.7814 6.6572 6.3588 6.0054 5.7109 5.4207 5.3251 5.2045 4.9900 4.8273 4.6349 4.4141 4.1669 3.8893 3.6145 3.2448 3.1549 3.1553 2.8359 2.6530 2.5223 2.4094 2.4561 2.4791 2.4943 2.2600 1.6585 1.2255 0.9075 0.7408 0.4708 0.1309 -0.1443 -0.4401 -0.8211 -1.2573 -1.5488 -1.8889 -2.2825 -3.0692 -3.9898 -4.7836 -5.7077 -6.4480 -6.8695 -6.9174 -6.8128 -6.7660 -6.8269 -7.0852 -7.1887 -7.1469 -6.8180 -6.2080 -5.4672 -4.7565 -4.2954 -3.8171 -3.2240 -2.4287 -1.5929 -0.9261 -0.0292
-3.1284 -2.8812 -2.7192 -2.6211 -2.5518 -2.5200 -2.5188 -2.5441 -2.5808 -2.6006 -2.5654 -2.4678 -2.3234 -2.1259 -1.9301 -1.7685 -1.6844 -1.6706 -1.6738 -1.6612 -1.5395 -1.2744 -0.9878 -0.6322 -0.0005 0.6150 1.1667 1.7771 2.6863 3.3367 3.7359 4.1075 4.2290 4.1741 4.3266 3.9378 3.5589 3.1960 2.6115 2.2454 2.4815 2.5688 2.3545 2.1370 1.9013 2.0596 2.7024 2.7645 2.7867 2.8450 2.6595 2.6042 2.6779 2.6032 2.4268 2.2310 2.1763 2.2355 2.3931 2.5745 2.8063 2.9668 3.2023 3.4253 3.5629 3.5755 3.5577 3.5172 3.4423 3.3374 3.2369 3.1707 3.1456 3.1360 3.1129 3.0859 3.0098 2.8571 2.7788 2.9086 3.1528 3.4305 3.7165 3.8483 3.6168 3.2842 3.2382 3.3571 3.2348 3.0093 2.9310 3.0387 3.3040 3.7667 4.3982 5.1612 5.9251 6.7596 7.5378 8.6337 9.3894 9.3346 8.5827 8.1219 7.8347 8.1236 8.3920 8.7420 9.0499 9.1407 9.1746 9.2250 9.2745 9.3191 9.3391 9.3064 9.2441 9.2051 9.0576 8.7881 8.3109 7.9098 7.5356 7.3032 7.1621 7.0498 6.9443 6.8727 6.8536 6.8605 6.8085 6.6576 6.3090 6.0142 5.7684 5.5922 5.4724 5.4583 5.4241 5.3605 5.2564 5.1198 4.9694 4.8226 4.5920 4.4272 4.1151 3.7404 3.4474 3.2223 2.9752 2.9420 2.8729 2.8429 2.5222 1.9453 1.5846 1.3564 1.1473 0.9687 0.7945 0.6530 0.5781 0.2951 -0.5497 -1.1196 -1.4287 -1.9117 -2.5253 -3.3734 -4.3834 -5.1479 -5.9447 -6.5961 -6.8063 -6.7445 -6.7355 -6.7982 -7.0493 -7.2320 -7.2157 -6.9797 -6.3796 -5.6026 -4.8492 -4.3117 -3.8643 -3.3249 -2.6328 -1.8096 -1.1645 -0.2959
-3.5049 -3.3673 -3.2731 -3.2092 -3.1623 -3.1362 -3.1246 -3.1183 -3.1126 -3.0820 -2.9873 -2.8326 -2.5732 -2.3403 -2.1914 -2.1385 -2.1317 -2.1613 -2.1882 -2.1822 -2.0267 -1.8137 -1.4752 -0.9070 -0.2630 0.2571 1.0995 1.9609 2.6935 3.1057 3.5130 3.7989 3.9108 4.1019 4.3738 4.4588 4.0227 3.4880 2.9616 2.4836 2.5685 2.9399 2.8268 2.6363 2.4431 2.4914 3.0181 2.7908 2.7226 2.6737 2.5731 2.8231 3.0441 3.0668 2.9831 2.8509 2.7840 2.7885 2.8774 2.9958 3.1477 3.3403 3.4939 3.5885 3.5567 3.3615 3.2567 3.2802 3.2921 3.4038 3.3050 3.2021 3.1204 3.0515 2.9689 2.8382 2.6730 2.5860 2.6898 2.9174 3.1551 3.4257 3.7485 3.9575 3.8455 3.5495 3.3715 3.4210 3.4500 3.2992 3.1341 3.1203 3.3757 3.8382 4.4322 5.1143 5.8473 6.6302 7.4008 8.5131 9.2530 9.8670 8.9634 8.1682 7.6630 7.6835 7.8997 8.2027 8.4123 8.6521 8.9263 8.9936 9.0527 9.1126 9.1695 9.2221 9.3051 9.4070 9.2701 8.8721 8.4248 8.0001 7.7044 7.5347 7.3954 7.2318 7.0453 6.8889 6.8133 6.8206 6.8701 6.8405 6.6449 6.3665 6.1652 6.0038 5.9194 5.9352 5.9692 5.9823 5.9552 5.9147 5.8926 5.8556 5.6520 5.3776 5.0496 4.5819 4.1620 3.7993 3.5032 3.3962 3.3237 3.1414 2.7010 2.2531 2.1362 1.8314 1.5464 1.3842 1.0876 1.0913 1.1963 1.1380 0.5953 -0.4179 -1.0857 -1.4910 -2.0823 -2.8242 -3.7155 -4.6365 -5.3555 -6.0158 -6.5039 -6.5916 -6.6250 -6.7182 -6.9456 -7.2134 -7.2466 -7.0535 -6.4829 -5.6820 -4.8818 -4.3016 -3.8610 -3.3424 -2.6780 -1.9216 -1.2672 -0.4693
-3.9760 -3.8400 -3.8176 -3.7995 -3.7811 -3.7633 -3.7375 -3.6946 -3.6393 -3.5381 -3.3819 -3.1655 -2.8731 -2.5498 -2.2422 -2.0848 -2.0661 -2.1662 -2.3383 -2.4054 -2.3406 -2.1021 -1.6624 -1.1247 -0.4718 0.3416 1.4545 2.3640 2.9795 3.0580 3.2056 3.4237 3.8559 4.2835 4.5307 4.5707 4.4522 3.7859 3.2645 2.7659 2.7558 3.1442 3.2832 3.0958 2.8962 2.8366 3.1447 2.8791 2.7295 2.5888 2.6226 3.0344 3.4000 3.5051 3.4526 3.3861 3.2642 3.1825 3.1701 3.2710 3.4266 3.5714 3.3987 3.1370 2.9114 2.7543 2.6308 2.7572 2.7673 2.6927 2.7459 2.7788 2.7826 2.7373 2.6393 2.5088 2.4457 2.5370 2.7534 2.9598 3.1322 3.4027 3.7401 3.9897 4.0187 3.8492 3.6615 3.5347 3.5343 3.5140 3.4122 3.3495 3.5475 3.9786 4.5106 5.1473 5.8272 6.6033 7.4731 8.2594 9.0362 9.5369 8.9343 8.1728 7.5959 7.1637 7.3676 7.6104 7.8826 8.2257 8.6214 8.8810 9.0297 9.1095 9.1654 9.2214 9.2991 9.2612 8.9767 8.6170 8.2920 8.0957 7.9486 7.7909 7.6017 7.3726 7.1210 6.8974 6.7559 6.7100 6.7560 6.8425 6.8837 6.7849 6.5795 6.4416 6.3837 6.4113 6.4651 6.4996 6.5026 6.5147 6.5600 6.6032 6.3856 6.0366 5.4710 4.9623 4.5173 4.2517 3.9827 3.7127 3.4634 3.1245 2.7648 2.5653 2.6220 2.1479 1.9381 1.6201 1.1443 1.0854 1.3441 1.6988 1.4467 0.7135 -0.4278 -1.1305 -1.6064 -2.2480 -3.0142 -3.8843 -4.7307 -5.2738 -5.8112 -6.2454 -6.3415 -6.4999 -6.7213 -7.0554 -7.2043 -7.0477 -6.5335 -5.7198 -4.8711 -4.2696 -3.8276 -3.3124 -2.6586 -1.9224 -1.2871 -0.5708
-4.3697 -4.2691 -4.2971 -4.3165 -4.3226 -4.3117 -4.2776 -4.2105 -4.1134 -3.9495 -3.7407 -3.4332 -3.1073 -2.8289 -2.5108 -2.2282 -2.0416 -1.9389 -1.9362 -1.9983 -1.9378 -1.7254 -1.4344 -0.8177 -0.2053 1.0113 1.9712 2.7782 3.1749 2.9499 3.1592 3.6024 4.0737 4.5819 4.8974 4.5466 4.5209 4.0248 3.4910 2.9950 2.9558 3.3545 3.6684 3.4148 3.2553 3.1023 3.2357 3.0616 2.8791 2.6407 2.6674 3.1073 3.5808 3.7582 3.7506 3.6368 3.4882 3.4251 3.4731 3.5394 3.3091 2.9593 2.7491 2.5491 2.3083 2.0830 1.9394 1.7817 1.8842 2.0261 2.1756 2.2988 2.3701 2.3630 2.3274 2.3364 2.4432 2.6437 2.8383 2.9413 3.0964 3.3902 3.7160 3.9924 4.1775 4.1627 4.0017 3.8365 3.6617 3.6129 3.6058 3.6168 3.7807 4.1907 4.7603 5.3614 5.9103 6.5751 7.3965 8.1799 8.9052 9.0784 8.6823 7.8999 7.3516 6.9005 6.8440 7.0574 7.4527 7.8789 8.1471 8.3589 8.4311 8.5127 8.6079 8.8159 8.8580 8.7530 8.4898 8.2314 8.0838 8.0942 7.9912 7.7956 7.5798 7.3548 7.1151 6.8745 6.6776 6.5652 6.5603 6.6285 6.7492 6.8611 6.9135 6.8972 6.8867 6.9015 6.9273 6.9482 6.9755 7.0345 7.1224 7.1321 6.8885 6.3189 5.6280 4.9429 4.4109 4.0727 3.8092 3.5801 3.3266 2.9839 2.6806 2.8368 2.9251 2.3385 2.2584 1.7573 1.2062 1.0251 1.3516 1.7586 2.0582 1.5660 0.7686 -0.4931 -1.1774 -1.6669 -2.3181 -3.0423 -3.8019 -4.4547 -4.9752 -5.3823 -5.8296 -6.1179 -6.3812 -6.7541 -7.0446 -6.9599 -6.5356 -5.7547 -4.8664 -4.2355 -3.7930 -3.2798 -2.6334 -1.9129 -1.2917 -0.6373
-4.5730 -4.6079 -4.6814 -4.7242 -4.7426 -4.7356 -4.6969 -4.6232 -4.4881 -4.2934 -3.9825 -3.6585 -3.3590 -3.0259 -2.7001 -2.3672 -2.0810 -1.8685 -1.6916 -1.5500 -1.4167 -1.1793 -0.8750 -0.4927 0.3440 1.6274 2.5400 3.1712 3.1390 3.1266 3.4549 3.8199 4.2858 4.8081 5.2616 4.7137 4.3378 3.9817 3.6169 3.1726 3.1668 3.5530 4.0116 3.7917 3.6256 3.3818 3.3284 3.2650 3.0732 2.7344 2.6322 3.0030 3.4062 3.6734 3.7508 3.7357 3.6986 3.6716 3.3506 3.0675 2.7504 2.4502 2.0941 1.7612 1.3704 1.1380 1.0913 1.1276 1.2844 1.5045 1.7101 1.9186 2.0809 2.1787 2.2598 2.3829 2.5579 2.7353 2.8175 2.8874 3.1096 3.4187 3.7024 4.0069 4.3235 4.5176 4.3878 4.1630 3.9908 3.7729 3.7408 3.8400 4.0733 4.4419 4.9816 5.6074 6.1125 6.6572 7.4147 8.2988 9.0306 9.1692 8.5713 7.6924 7.1473 6.7116 6.4352 6.6102 6.9013 7.1395 7.4564 7.6783 7.8120 7.9398 8.0708 8.1249 8.1809 8.0963 7.9301 7.8521 7.9093 7.8828 7.7053 7.5228 7.3583 7.1851 6.9994 6.7909 6.5741 6.3988 6.2960 6.3225 6.3816 6.4877 6.5962 6.7021 6.7300 6.7156 6.6797 6.6583 6.6956 6.8391 7.1016 7.3253 6.6817 6.0267 5.2879 4.6183 4.1392 3.7962 3.5521 3.3175 3.0780 2.9595 3.0234 3.1929 2.8670 2.4864 2.3404 1.7604 1.2906 1.1501 1.3571 1.7316 2.1951 2.1359 1.5591 0.6970 -0.5265 -1.1627 -1.6055 -2.2088 -2.8000 -3.4765 -3.9450 -4.5794 -5.0029 -5.4204 -5.8883 -6.3189 -6.7365 -6.7987 -6.5142 -5.8272 -4.9091 -4.3138 -3.8136 -3.3048 -2.6818 -1.9983 -1.3632 -0.7216
-4.5892 -4.6124 -4.7142 -4.7736 -4.8031 -4.8152 -4.7885 -4.6749 -4.4614 -4.2034 -3.8720 -3.5075 -3.1562 -2.7916 -2.4829 -2.1266 -1.8828 -1.6946 -1.3467 -1.0884 -0.8860 -0.6254 -0.2458 0.2185 1.3073 2.1256 2.8827 3.1842 3.1479 3.3494 3.6887 4.0526 4.4995 5.0118 5.0016 4.5627 4.1759 3.9449 3.5597 3.4492 3.4417 3.8400 4.3489 4.2037 3.9830 3.6699 3.4627 3.4633 3.2384 2.8832 2.5970 2.7839 3.0485 3.3062 3.4799 3.5344 3.4364 3.1770 2.7756 2.4705 2.0204 1.6178 1.2694 0.9665 0.7579 0.6603 0.6913 0.8303 1.0637 1.3811 1.6791 1.9156 2.0753 2.1901 2.3056 2.4482 2.5960 2.6807 2.7124 2.8717 3.1776 3.4546 3.7121 4.0469 4.3972 4.7086 4.8159 4.5608 4.2866 4.1175 3.9450 4.0732 4.3568 4.7311 5.3152 5.9259 6.3806 6.8040 7.4278 8.6208 9.3605 9.4035 8.7572 7.7137 7.0929 6.6521 6.4424 6.2395 6.3297 6.5236 6.7603 6.9903 7.1859 7.3784 7.5309 7.6270 7.6696 7.6076 7.5084 7.4769 7.4756 7.4247 7.3034 7.1576 7.0315 6.9184 6.7867 6.6251 6.4386 6.2406 6.0469 5.9499 5.9934 6.1025 6.2257 6.3109 6.3539 6.3739 6.3506 6.2972 6.2985 6.4305 6.6681 6.6380 6.0836 5.5826 4.8892 4.2885 3.8551 3.4843 3.2377 3.2076 3.2576 3.3257 3.4105 3.3833 2.8698 2.5330 2.1866 1.5870 1.3274 1.4307 1.5165 1.6883 2.0848 2.4367 2.1653 1.5183 0.6831 -0.4222 -0.9275 -1.4027 -1.8783 -2.3276 -2.8996 -3.4702 -4.0503 -4.6397 -5.0714 -5.6186 -6.3494 -6.6290 -6.4652 -5.9581 -5.1114 -4.4272 -3.9498 -3.4788 -2.9202 -2.2522 -1.6016 -0.8793
-4.2002 -4.1694 -4.2798 -4.3463 -4.3832 -4.4039 -4.3954 -4.2468 -3.9652 -3.5945 -3.3395 -2.9000 -2.5329 -2.1214 -1.7147 -1.4551 -1.2922 -1.2402 -1.0045 -0.6689 -0.3451 0.0062 0.6517 1.2957 1.8201 2.4667 2.9757 3.0404 3.2069 3.5484 3.8747 4.2571 4.6336 4.7897 4.7189 4.3704 4.0135 4.0447 3.7534 3.5856 3.7560 4.0717 4.5455 4.6452 4.2981 4.0295 3.7169 3.6697 3.4192 3.0371 2.6254 2.4666 2.5527 2.7107 2.8139 2.7751 2.5514 2.2253 1.8677 1.5007 1.1898 0.9350 0.7221 0.5919 0.5959 0.6936 0.8535 1.0399 1.2357 1.4333 1.6169 1.7779 1.9190 2.0511 2.1920 2.3365 2.4488 2.4998 2.6048 2.8908 3.2280 3.4790 3.8195 4.1637 4.4767 4.7223 4.9041 4.9432 4.6758 4.4329 4.2980 4.4006 4.6380 5.0193 5.5698 6.1501 6.6974 6.9936 7.5646 8.6799 9.3662 8.9846 8.4505 7.7430 7.2161 6.8309 6.7191 6.3922 6.0369 6.0603 6.2688 6.5050 6.7789 6.9466 7.0935 7.1828 7.1956 7.1330 7.0558 7.0179 6.9995 6.9449 6.8734 6.7899 6.6991 6.6306 6.5427 6.4172 6.2650 6.0129 5.7647 5.5702 5.5980 5.7133 5.8544 5.9998 6.0582 6.0049 5.9374 5.8377 5.8210 5.9324 6.1084 5.9109 5.6264 5.1042 4.5056 3.9984 3.5654 3.3194 3.4563 3.5802 3.7775 3.8692 3.7056 3.1694 2.7850 2.3292 1.8079 1.3329 1.2819 1.6678 1.8138 1.7580 1.9791 2.3405 2.5396 2.1739 1.5777 0.8605 -0.0884 -0.6248 -0.9918 -1.3723 -1.8000 -2.3885 -3.0320 -3.7376 -4.4159 -4.9734 -5.8798 -6.4030 -6.4102 -6.1358 -5.4397 -4.6180 -4.1532 -3.7214 -3.2093 -2.5762 -1.9621 -1.1548
-3.4476 -3.5507 -3.6524 -3.7147 -3.7498 -3.7697 -3.7566 -3.5294 -3.1226 -2.8561 -2.4624 -2.0614 -1.6057 -1.2745 -0.8604 -0.5507 -0.5247 -0.6149 -0.4694 -0.2672 0.1314 0.7341 1.2712 1.8365 2.3235 2.7893 2.8517 3.0532 3.4137 3.7361 4.0843 4.4031 4.5293 4.5748 4.5453 4.2528 3.8700 3.9913 4.0903 3.8579 4.0674 4.2785 4.7114 5.1864 4.7149 4.3715 4.0747 3.9084 3.6324 3.1893 2.7407 2.1904 1.9611 1.9106 1.8555 1.6885 1.4345 1.1814 0.9615 0.7709 0.6192 0.5394 0.5806 0.7129 0.8993 1.0743 1.1873 1.2344 1.2521 1.2910 1.3419 1.4429 1.5657 1.7073 1.8725 2.0474 2.1835 2.2891 2.5159 2.8826 3.2117 3.5610 3.9722 4.4061 4.6989 4.7839 4.8292 4.9087 4.9638 4.8639 4.6652 4.7877 4.9735 5.3247 5.8389 6.3767 6.8593 7.0917 7.6374 8.6907 9.0731 8.4755 7.9885 7.5815 7.1863 6.8014 6.7413 6.5600 6.1040 5.7594 5.9450 6.2779 6.6199 6.7992 6.9065 6.8646 6.7361 6.6032 6.4856 6.4301 6.4296 6.4374 6.4444 6.4358 6.4111 6.3711 6.3016 6.1281 5.8819 5.6265 5.4153 5.2052 5.2344 5.4467 5.6447 5.6608 5.6223 5.5557 5.5035 5.3780 5.3748 5.4654 5.5480 5.3502 5.0934 4.6766 4.2322 3.7918 3.7404 3.7771 3.8161 3.8646 3.7184 3.4695 3.1292 2.8343 2.3988 1.8121 1.3819 1.0998 1.3869 1.8656 2.1377 2.0704 2.0935 2.2511 2.5087 2.6114 2.2647 1.7936 1.1950 0.5146 -0.0536 -0.5138 -0.9371 -1.3268 -2.0027 -2.8285 -3.6545 -4.3060 -5.1551 -6.0357 -6.4205 -6.3264 -5.8439 -4.9848 -4.4785 -3.9902 -3.5154 -2.8856 -2.3972 -1.5615
-2.6062 -2.7864 -2.8338 -2.8652 -2.8795 -2.8830 -2.8285 -2.5407 -2.1583 -1.8927 -1.5381 -1.0745 -0.6958 -0.2842 0.4101 0.6879 0.7861 0.5582 0.2165 0.3076 0.8194 1.2660 1.7741 2.2425 2.6984 2.8122 2.8816 3.2536 3.6072 3.9935 4.3137 4.4245 4.4747 4.5450 4.5754 4.3568 3.9520 3.9268 4.1916 4.1851 4.2938 4.4232 4.7925 5.3445 5.1304 4.6926 4.4671 4.2151 3.8097 3.3413 2.8270 2.0170 1.3945 1.1467 0.9836 0.8259 0.6438 0.5023 0.3870 0.3371 0.4327 0.6278 0.8503 1.0536 1.1684 1.1398 1.0153 0.8719 0.8258 0.8540 0.9245 1.0548 1.2036 1.3638 1.5483 1.7306 1.9109 2.1005 2.4173 2.8073 3.1178 3.6349 4.1464 4.6658 4.9802 5.0115 4.8762 4.7894 4.8375 4.9755 5.0750 5.1663 5.3995 5.6112 6.0431 6.5762 6.7795 7.1282 7.6591 8.6603 9.0272 8.2520 7.7496 7.3920 7.0278 6.6764 6.5197 6.4183 6.1906 5.7416 5.7726 6.1182 6.5220 6.7219 6.5202 6.3359 6.1453 5.9209 5.7587 5.7302 5.8044 5.9069 6.0064 6.1036 6.1527 6.1262 5.9753 5.7405 5.4942 5.2307 5.0018 4.8250 4.9506 5.1293 5.2141 5.2444 5.1601 5.1146 5.1367 5.2462 5.1769 5.1710 5.4276 5.3686 4.8056 4.4730 4.3032 4.0692 3.8006 3.4963 3.3708 3.2515 3.1382 2.8866 2.6453 2.2657 1.7485 1.3821 1.1615 1.1789 1.5813 2.0572 2.4069 2.4664 2.4401 2.4387 2.5215 2.7033 2.7424 2.4746 2.1188 1.6086 1.0381 0.5788 -0.0157 -0.5179 -1.2759 -1.9529 -2.8722 -3.8814 -4.7257 -5.5790 -6.3441 -6.4605 -6.2251 -5.5573 -4.8277 -4.4100 -3.8125 -3.2640 -2.8298 -2.0526
-1.8333 -1.9699 -1.9274 -1.8952 -1.8765 -1.8427 -1.7549 -1.4607 -1.1737 -0.9829 -0.5678 -0.0480 0.4535 0.7489 1.0381 1.3657 1.5558 1.4334 1.2072 1.1132 1.3358 1.6865 2.0966 2.4941 2.7900 2.8025 3.0726 3.4674 3.8687 4.2734 4.3992 4.4429 4.5034 4.6106 4.6666 4.5192 4.2789 4.2938 4.2267 4.3602 4.6390 4.6247 4.8761 5.0927 5.3313 5.1507 4.8193 4.4319 3.9753 3.4318 2.8478 1.8326 1.0901 0.6812 0.5694 0.4630 0.3485 0.2710 0.2955 0.4667 0.6912 0.9013 1.0527 1.0909 0.9750 0.7640 0.5691 0.4734 0.4391 0.4586 0.5533 0.6996 0.8493 1.0242 1.2269 1.4613 1.6795 1.9278 2.2702 2.6629 2.9972 3.6178 4.2947 4.8815 5.3202 5.3080 5.1048 4.8687 4.7335 4.8222 5.0986 5.4383 5.7327 6.0313 6.4137 6.5858 6.6650 7.0794 7.6077 8.5707 9.1466 8.3772 7.6953 7.2745 6.8921 6.6133 6.3662 6.2777 6.1570 5.8003 5.6512 5.9541 6.3190 6.2343 5.9256 5.6984 5.4014 5.1720 4.9487 4.9771 5.1499 5.3417 5.5313 5.7055 5.8393 5.7781 5.5673 5.3556 5.0801 4.8138 4.6161 4.4525 4.6017 4.7551 4.8249 4.8786 5.0838 5.3362 5.4671 5.4045 5.4919 5.8005 5.6474 5.1546 4.7165 4.3714 3.9241 3.5457 3.3252 3.0213 2.8097 2.5808 2.3800 2.3265 2.2408 2.1098 1.8138 1.4764 1.2586 1.4121 1.7676 2.2025 2.5273 2.6887 2.8072 2.8104 2.8133 2.8551 2.9954 2.9793 2.7537 2.4646 2.0154 1.4900 1.0325 0.5421 -0.4620 -1.1982 -2.2496 -3.3044 -4.3287 -5.0549 -5.9746 -6.5468 -6.5443 -6.2071 -5.4014 -4.6957 -4.2213 -3.6108 -3.1336 -2.5352
-1.2024 -1.1981 -1.0628 -0.9556 -0.9120 -0.8547 -0.7404 -0.5008 -0.2889 0.1453 0.4803 0.8001 1.0668 1.2577 1.4919 1.7773 2.0448 1.9812 1.7501 1.6293 1.7427 1.9967 2.3387 2.5974 2.7904 3.0001 3.3174 3.6579 4.0767 4.3526 4.4335 4.4910 4.5869 4.6919 4.7411 4.6894 4.6635 4.7189 4.5421 4.4461 4.9684 4.9932 5.1027 4.9212 5.0871 5.3508 5.1347 4.6272 4.0645 3.4099 2.7535 1.6912 0.9170 0.6278 0.7069 0.6788 0.6135 0.6000 0.6610 0.7647 0.8677 0.9562 1.0098 0.9743 0.8436 0.7007 0.5891 0.4410 0.3239 0.2835 0.3010 0.3559 0.5067 0.7052 0.9157 1.1484 1.4379 1.7386 2.1032 2.4447 2.7906 3.5319 4.3553 5.0316 5.5897 5.5663 5.3643 5.1047 4.8494 4.7762 5.0001 5.3885 5.7872 6.2890 6.4673 6.4651 6.5759 6.9940 7.5014 8.4012 9.1979 8.6688 7.8960 7.4284 7.0373 6.6663 6.3945 6.2622 6.1047 5.9555 5.6829 5.7756 6.0263 5.7958 5.4247 4.9984 4.6808 4.3761 4.1535 4.2715 4.4693 4.7519 5.0031 5.2553 5.4351 5.3705 5.1978 4.9459 4.7065 4.4448 4.2538 4.2448 4.4011 4.6420 4.9163 5.1878 5.4173 5.3204 5.2728 5.1910 4.9922 4.7796 4.9482 4.6107 4.2713 3.8048 3.5440 3.0775 2.7026 2.3245 2.1588 2.2245 2.4204 2.4562 2.1491 1.7221 1.2102 0.9744 1.0656 1.4447 1.7186 2.0736 2.4320 2.7350 2.9915 3.1555 3.1962 3.2186 3.2603 3.3123 3.1711 2.9758 2.7028 2.4058 1.9142 1.1894 0.1855 -0.7611 -1.6331 -2.7624 -3.7565 -4.6477 -5.5011 -6.3096 -6.7188 -6.5557 -6.0819 -5.2387 -4.4952 -3.8294 -3.3072 -2.8811
-0.6430 -0.5338 -0.3450 -0.1823 -0.1370 -0.0938 0.0444 0.2130 0.5296 0.7632 1.0804 1.2996 1.4526 1.6352 1.8533 2.1444 2.3709 2.3087 2.0785 1.9361 2.0050 2.2674 2.5360 2.6089 2.9761 3.2981 3.5392 3.8801 4.2450 4.4017 4.4957 4.5844 4.6777 4.7482 4.8032 4.9104 5.0581 5.1737 4.7782 4.4849 4.9045 5.4393 5.3561 4.9536 4.9807 5.2439 4.9354 4.4844 3.9022 3.2227 2.5604 1.7135 1.1439 0.9939 1.0036 0.9256 0.8180 0.7126 0.6627 0.7052 0.8248 0.9704 1.0875 1.1448 1.1543 1.0672 0.8347 0.5739 0.4058 0.3256 0.2916 0.2877 0.3177 0.4166 0.6210 0.8680 1.1557 1.4978 1.8675 2.1607 2.5789 3.3474 4.2506 5.0239 5.6912 5.7329 5.6044 5.3750 5.1231 4.9572 4.9716 5.2770 5.6654 6.0601 6.3910 6.4597 6.5660 6.9490 7.4040 8.2380 8.9774 8.9342 8.1486 7.6393 7.2095 6.8376 6.5927 6.3386 6.2086 6.0065 5.7985 5.6749 5.7493 5.4093 4.9933 4.4344 3.9939 3.7031 3.4420 3.5836 3.8305 4.1087 4.4719 4.7679 4.9675 4.9564 4.7839 4.6039 4.3630 4.1758 4.1324 4.2413 4.4453 4.5202 4.4629 4.4756 4.4788 4.6220 4.6352 4.4784 4.2390 4.0361 4.1333 3.8187 3.5771 3.2052 2.8245 2.3995 2.1517 2.1694 2.3633 2.4795 2.0787 1.5919 1.2387 0.8521 0.5785 0.6492 0.9606 1.1798 1.5246 2.0529 2.6427 3.0354 3.3004 3.4866 3.6443 3.6755 3.6913 3.6781 3.5074 3.2843 3.0860 2.8830 2.5635 1.8676 0.9448 -0.2331 -1.1394 -2.2146 -3.2525 -4.2142 -5.0032 -5.9431 -6.4820 -6.7028 -6.4211 -5.5905 -4.7601 -4.0454 -3.4268 -2.9844
-0.2081 -0.0313 0.2002 0.3664 0.4886 0.5755 0.5834 0.7603 0.9582 1.2765 1.5154 1.5669 1.7195 1.9534 2.2000 2.4540 2.5841 2.4880 2.2471 2.1410 2.2573 2.5169 2.6652 2.7742 3.2678 3.6252 3.8532 4.1418 4.3609 4.5050 4.6025 4.6792 4.7325 4.7850 4.9037 5.1269 5.4354 5.5749 4.9262 4.5067 4.8332 5.2247 5.3585 4.9335 4.6911 5.0819 4.8064 4.3082 3.7086 3.0692 2.3063 1.7372 1.4155 1.2645 1.1019 0.8606 0.6250 0.5295 0.6122 0.8063 1.0059 1.1408 1.1775 1.1252 1.0173 0.7933 0.5964 0.4771 0.4112 0.3674 0.3609 0.3608 0.3427 0.3409 0.3846 0.5519 0.8401 1.1864 1.5580 1.8332 2.2072 3.1414 3.9825 4.7789 5.3922 5.7290 5.7061 5.5690 5.3808 5.2262 5.1784 5.2552 5.5504 5.9396 6.3412 6.7375 6.8686 7.0196 7.4416 7.9616 8.7560 9.2169 8.5408 7.8584 7.4186 7.0837 6.8307 6.5747 6.3427 6.1176 5.8560 5.6290 5.3936 5.0327 4.6077 4.0535 3.5047 3.1337 2.9005 2.9752 3.2366 3.5381 3.9076 4.2531 4.4694 4.5338 4.4131 4.2631 4.1266 4.0780 4.1462 4.2492 4.0615 3.9421 3.8721 3.8251 3.8042 3.8505 3.8565 3.6249 3.3881 3.3004 3.4144 3.1963 2.9126 2.7091 2.6254 2.5357 2.5130 2.4744 2.1019 1.6400 1.1654 0.8157 0.5378 0.3811 0.4679 0.6978 0.9770 1.4214 1.9107 2.5307 3.1104 3.4208 3.7085 3.9468 4.1587 4.2931 4.2981 4.2327 4.0218 3.7212 3.4633 3.1822 2.9029 2.4147 1.4515 0.2741 -0.7247 -1.7262 -2.7312 -3.7549 -4.4532 -5.2563 -6.0335 -6.4501 -6.2856 -5.8730 -5.0276 -4.2947 -3.5812 -2.9099
0.0690 0.3358 0.6006 0.7383 0.8570 0.9358 0.9705 1.0861 1.3531 1.6644 1.6773 1.7201 1.9741 2.2417 2.4777 2.6834 2.7656 2.6003 2.4043 2.3929 2.5583 2.7481 2.7447 3.0675 3.5084 3.9691 4.2521 4.3083 4.4698 4.5855 4.6560 4.6977 4.7427 4.8475 5.0955 5.3903 5.7463 5.6085 5.0804 4.6535 4.6723 4.9948 5.0779 4.9310 4.5843 4.6942 4.9187 4.3730 3.9042 3.3432 2.5535 1.8015 1.4671 1.3198 1.0441 0.7132 0.5460 0.6249 0.8406 1.0436 1.1504 1.1229 0.9534 0.6939 0.5560 0.4350 0.3012 0.3714 0.4369 0.4096 0.3692 0.3861 0.4273 0.4094 0.3611 0.3676 0.5430 0.8650 1.2318 1.5506 1.9074 2.8558 3.6954 4.4950 4.9317 5.2980 5.5405 5.6116 5.5403 5.4491 5.4074 5.4560 5.6206 5.9889 6.4123 6.8434 7.2985 7.3053 7.4597 7.8657 8.5438 9.2153 8.8547 8.1403 7.6384 7.3373 7.0803 6.8507 6.5323 6.2697 5.8948 5.4907 5.0761 4.7135 4.2407 3.7083 3.2233 2.7510 2.3578 2.2400 2.5271 2.9929 3.4581 3.7106 3.9500 4.1103 4.0629 4.0132 3.9507 4.0438 4.1037 3.7681 3.6098 3.4303 3.2437 3.1412 3.1071 3.1704 3.1416 2.8117 2.5986 2.6276 2.9932 2.9984 2.8581 2.7409 2.5225 2.2774 1.9687 1.6126 1.2696 0.9213 0.6331 0.4104 0.1888 0.2780 0.4303 0.5606 1.0464 1.6776 2.2840 2.7972 3.3189 3.8522 4.1791 4.4932 4.7590 5.0297 5.0422 4.9184 4.6641 4.3502 4.0319 3.6493 3.1943 2.6617 2.0012 0.9950 -0.2143 -1.2136 -2.1691 -3.1344 -4.0166 -4.6093 -5.2646 -5.6002 -5.6519 -5.3677 -4.7431 -4.1304 -3.5243 -2.7553
0.3239 0.5863 0.7773 0.9731 1.1522 1.2411 1.2523 1.3566 1.6668 1.8528 1.7520 1.9033 2.2217 2.4798 2.7253 2.9173 2.8980 2.7472 2.6737 2.7348 2.8532 2.8832 2.9739 3.3724 3.8608 4.3002 4.5234 4.4356 4.4675 4.5406 4.6133 4.6887 4.7963 4.9967 5.3171 5.6160 5.9096 5.5936 5.1900 4.8088 4.7768 4.9348 4.8324 4.6575 4.6101 4.7078 4.8634 4.6743 4.1507 3.5676 2.9871 2.2629 1.6169 1.3234 1.0468 0.7762 0.7173 0.8749 1.0563 1.1684 1.1870 1.0889 0.7909 0.4233 0.2001 0.0983 0.0444 0.1796 0.4179 0.5557 0.5403 0.4522 0.4262 0.4646 0.4270 0.3382 0.3636 0.6242 0.9763 1.3613 1.7025 2.4211 3.3093 3.9089 4.4157 4.7126 4.9651 5.2163 5.5214 5.5773 5.5959 5.6391 5.7303 5.9119 6.3107 6.7806 7.2823 7.7057 7.6758 7.9175 8.4628 9.0491 9.1086 8.4824 7.9037 7.5256 7.2972 7.1018 6.8022 6.4404 6.0463 5.5266 4.9664 4.4640 3.9931 3.4959 3.0064 2.5282 2.2352 1.9696 1.9668 2.2838 2.8635 3.2747 3.4971 3.6799 3.7622 3.7865 3.8070 3.9167 3.6174 3.3345 3.0576 2.7223 2.4234 2.2857 2.3214 2.4641 2.2710 1.9881 1.9604 2.3834 2.6237 2.6181 2.4016 2.0783 1.8042 1.5076 1.1769 0.9112 0.6521 0.4240 0.2426 0.0499 0.1416 0.1590 0.3042 0.6995 1.2762 1.8899 2.3372 2.7333 3.2000 3.8357 4.4220 4.9798 5.3954 5.6835 5.6983 5.5733 5.3822 5.0678 4.7173 4.1731 3.5448 2.9461 2.3492 1.4596 0.6728 -0.6345 -1.4857 -2.4112 -3.1725 -3.7750 -4.3516 -4.8136 -4.9731 -4.6944 -4.3897 -3.8380 -3.2666 -2.5431
0.5017 0.7219 0.9710 1.2368 1.4531 1.5326 1.5122 1.6187 1.9311 1.9457 1.8326 2.1156 2.4257 2.7133 2.9813 3.0827 3.0439 3.0167 3.0310 3.0481 3.0048 3.0281 3.3202 3.7402 4.1381 4.6467 4.7612 4.6303 4.5869 4.6221 4.6953 4.7918 4.9475 5.2222 5.4998 5.8490 5.9991 5.6859 5.3348 5.1257 5.0529 5.1538 5.0272 4.7695 4.5091 4.6382 5.0383 5.0168 4.6119 4.1440 3.4769 2.8740 2.1713 1.5731 1.2717 1.0715 1.0257 1.1307 1.2383 1.3365 1.4379 1.3926 1.0801 0.5335 0.0989 -0.1160 -0.1659 -0.1347 0.0736 0.3216 0.5211 0.5947 0.5173 0.4470 0.4485 0.3848 0.3227 0.5024 0.8561 1.2615 1.5471 2.0150 2.7865 3.2939 3.6532 4.0329 4.3391 4.6191 4.9503 5.2956 5.6506 5.7757 5.8737 5.9722 6.1821 6.5699 7.0736 7.6323 8.0186 8.1252 8.4815 8.9819 9.3612 8.8646 8.2477 7.7567 7.4917 7.2610 7.0084 6.6671 6.2370 5.7363 5.1149 4.4116 3.8134 3.3689 2.9800 2.5553 2.2512 2.0406 1.7978 1.8431 2.1457 2.6253 3.0349 3.2547 3.4190 3.5220 3.5783 3.5152 3.2218 2.9068 2.4174 2.1122 1.8512 1.7148 1.8018 1.8293 1.6135 1.5393 1.8616 1.9140 1.8966 1.8809 1.7631 1.4889 1.1377 0.8611 0.6371 0.4211 0.2467 0.0707 0.0325 0.0982 0.0737 0.2914 0.6395 1.3552 1.8432 2.1196 2.1346 2.4165 2.9626 3.6840 4.4697 5.2077 5.8078 6.3057 6.4142 6.3478 6.0701 5.6974 5.2030 4.6495 3.9485 3.2706 2.7442 2.0943 1.2373 0.2714 -0.7846 -1.5271 -2.1838 -2.6339 -3.2226 -3.6163 -4.0399 -3.8452 -3.6605 -3.3801 -2.9483 -2.2900
0.6158 0.8802 1.2061 1.5071 1.7452 1.8035 1.7562 1.8690 2.1191 2.0028 1.9946 2.3316 2.6212 2.9552 3.1428 3.1864 3.2456 3.3071 3.2891 3.1694 3.1731 3.4113 3.7342 4.0534 4.5693 5.0253 4.9180 4.7831 4.7062 4.7095 4.7887 4.9572 5.1885 5.4885 5.7764 6.1638 6.1485 5.8708 5.6820 5.5067 5.4118 5.4959 5.3684 5.0878 4.8614 4.6230 4.9573 5.3015 5.1150 4.7214 4.1366 3.3696 2.7991 2.2005 1.7254 1.4924 1.4070 1.4070 1.4548 1.6100 1.7910 1.7947 1.4388 0.8772 0.3251 0.0079 -0.0594 -0.0499 -0.0182 0.0548 0.2184 0.4335 0.5928 0.5528 0.4309 0.3771 0.3442 0.4561 0.8079 1.2093 1.4842 1.6956 2.1769 2.5879 2.9698 3.2714 3.6558 4.0114 4.4031 4.7008 5.0668 5.3540 5.5795 5.7839 5.9918 6.3274 6.8069 7.3508 7.9564 8.4490 8.6419 9.0151 9.4069 9.2077 8.6233 8.0554 7.6803 7.4633 7.1888 6.8520 6.4455 5.9453 5.3404 4.6893 4.0151 3.4186 2.9596 2.5794 2.2205 2.0614 1.9157 1.6747 1.6897 1.9699 2.3588 2.7136 2.9721 3.1227 3.1687 3.0475 2.7400 2.2951 1.8929 1.5738 1.3572 1.2039 1.3006 1.1985 1.1359 1.5053 1.6282 1.4277 1.3018 1.2429 0.9979 0.7636 0.5818 0.3524 0.1453 -0.0234 -0.0965 0.0281 0.0845 0.0874 0.3614 0.6933 1.4674 1.9688 1.9117 1.7421 1.8086 2.0565 2.7494 3.4326 4.3068 5.1127 5.7139 6.0540 6.0315 6.0412 6.0437 6.0190 5.6222 4.9764 4.3347 3.6856 3.0579 2.6467 2.0289 1.2251 0.6261 -0.3719 -0.9846 -1.4343 -2.0099 -2.4487 -2.7168 -2.7815 -2.7842 -2.7342 -2.5811 -2.0956
0.7502 1.0921 1.4511 1.7762 2.0083 2.0454 1.9904 2.1111 2.2600 2.0949 2.2299 2.5084 2.8279 3.1006 3.1704 3.2783 3.4610 3.5433 3.5023 3.4567 3.5805 3.7888 4.1077 4.5295 4.9345 4.7132 4.5996 4.5579 4.6815 4.8761 5.1021 5.3256 5.5369 5.8040 6.0843 6.3940 6.3790 6.2408 6.0880 5.9117 5.7785 5.8429 5.8260 5.4835 5.1625 4.8792 4.9708 5.3768 5.5039 5.2618 4.5964 3.9675 3.2355 2.7737 2.2341 1.9583 1.7805 1.6706 1.7046 1.8873 2.1269 2.1585 1.7462 1.1759 0.5824 0.3110 0.1784 0.1806 0.1564 0.1206 0.1082 0.1813 0.4068 0.6216 0.5470 0.3295 0.2651 0.4195 0.7686 1.1569 1.4403 1.5939 1.7283 1.9590 2.2502 2.6363 2.8997 3.2436 3.6487 4.0617 4.4124 4.7512 5.0099 5.2813 5.5435 5.9067 6.3922 7.0434 7.6949 8.4756 8.8992 9.1645 9.4275 9.5150 9.0890 8.5360 8.0301 7.7048 7.4509 7.1306 6.7104 6.2223 5.6356 4.9683 4.2206 3.5833 3.0165 2.5278 2.1803 1.9771 1.9379 1.7954 1.5297 1.4343 1.6980 1.9998 2.3531 2.5835 2.6981 2.5187 2.1991 1.7758 1.3391 1.0971 0.8964 0.7718 0.8391 0.6867 0.9290 1.3389 1.2368 0.9924 0.9251 0.9087 0.6158 0.3441 0.1222 -0.0809 -0.2645 -0.2584 -0.0691 0.0072 0.1240 0.4185 0.7917 1.5516 1.9460 1.8347 1.5705 1.5877 1.9201 2.2622 2.8167 3.3985 4.2094 4.9837 5.5854 6.0382 6.0599 5.9246 5.7620 5.6682 5.6527 5.3457 4.6994 4.1483 3.6094 3.0563 2.7415 2.2016 1.6919 1.0799 0.5950 -0.1000 -0.7897 -1.2978 -1.4667 -1.6601 -1.8652 -2.0086 -1.9644 -1.9713
0.9655 1.3329 1.6943 2.0227 2.2316 2.2616 2.2122 2.3146 2.3721 2.2938 2.5043 2.7226 2.9820 3.0298 3.0709 3.3510 3.6998 3.8909 3.8667 3.8517 4.0110 4.2727 4.7510 4.7795 4.4663 4.3453 4.3186 4.5999 4.9836 5.2646 5.4708 5.6900 5.9172 6.1497 6.4066 6.5804 6.6286 6.7132 6.5200 6.3143 6.1048 5.9547 5.7987 5.5879 5.3229 5.0971 5.1011 5.4027 5.6166 5.5265 5.0135 4.3270 3.6775 3.1895 2.7324 2.3249 2.0534 1.9024 2.0179 2.2341 2.4628 2.3620 1.9345 1.4199 0.9912 0.6651 0.4406 0.3406 0.3040 0.2540 0.1989 0.1480 0.2110 0.4884 0.6720 0.3848 0.1288 0.2995 0.6520 1.0427 1.3749 1.5286 1.6105 1.6683 1.7346 1.8721 2.1756 2.5372 2.8301 3.2176 3.6200 3.9671 4.3529 4.6523 4.9606 5.3202 5.8244 6.5512 7.3334 8.0494 8.8403 9.3284 9.5150 9.5832 9.4770 9.0665 8.6176 8.0916 7.8335 7.4668 7.1063 6.6327 6.0605 5.3219 4.5891 3.8216 3.2123 2.5285 2.1232 1.8716 1.8025 1.8028 1.6299 1.3461 1.1461 1.3355 1.6500 1.9412 2.1432 1.9558 1.6326 1.2335 0.7918 0.6636 0.5286 0.4619 0.4857 0.4487 0.8325 1.1100 0.8040 0.6145 0.5159 0.5488 0.4150 0.1070 -0.0971 -0.2060 -0.3123 -0.2573 -0.1724 0.0385 0.4174 0.8783 1.6139 1.9381 1.8111 1.6211 1.8354 2.2836 2.7102 3.0648 3.3339 3.5663 4.1800 4.8060 5.2940 5.5665 5.8406 6.0912 5.8843 5.5749 5.4454 5.4534 5.1944 4.6475 4.1923 3.7746 3.3093 2.8552 2.6210 2.2298 1.9361 1.6089 1.0453 0.4455 -0.2323 -0.6562 -0.9780 -1.1038 -1.1584 -1.2537
1.2623 1.5922 1.9361 2.2476 2.4280 2.4536 2.3861 2.4590 2.4953 2.6432 2.7876 2.8889 2.8637 2.7529 2.9130 3.2960 3.7079 4.1625 4.3544 4.4630 4.5781 4.6456 4.4310 4.2224 4.0947 4.0379 4.3688 4.7698 5.1941 5.6031 5.9298 6.2606 6.4645 6.6699 6.8266 6.8200 6.7921 6.8957 6.7996 6.4135 6.0646 5.7639 5.5327 5.3204 5.1299 4.9939 4.9841 5.2086 5.5058 5.3564 5.0839 4.5971 3.9573 3.4383 2.9996 2.5568 2.2882 2.2544 2.4246 2.6393 2.7019 2.4684 2.0636 1.6593 1.3496 1.0249 0.7107 0.5231 0.4204 0.3457 0.2930 0.2350 0.1831 0.3272 0.6659 0.5080 0.0515 0.1207 0.4899 0.8614 1.2318 1.4019 1.4510 1.4016 1.3152 1.2291 1.2282 1.5715 2.0176 2.4638 2.8260 3.3168 3.6650 3.9974 4.3325 4.7108 5.2525 6.0507 6.9443 7.7125 8.4822 9.1398 9.6766 9.7094 9.6315 9.4441 9.1291 8.6062 8.1797 7.8808 7.4950 7.0805 6.5620 5.7249 4.8696 4.1232 3.4628 2.5747 2.0366 1.7206 1.5653 1.5880 1.5610 1.3652 1.0759 0.8429 1.0474 1.3098 1.5034 1.3204 1.0269 0.6070 0.3530 0.3144 0.2509 0.3066 0.3850 0.4543 0.7722 0.9124 0.5002 0.2289 0.0709 0.1282 0.1569 0.0170 -0.0131 -0.0111 -0.2014 -0.3071 -0.0444 0.3953 1.0724 1.6220 1.9321 1.8007 1.6508 1.9070 2.5672 3.0821 3.4621 3.7392 3.9922 4.0124 4.2959 4.6685 4.9901 5.2318 5.4557 5.8207 6.0635 5.8259 5.5185 5.3951 5.4398 5.2556 4.8424 4.4413 4.0837 3.7031 3.2818 3.0163 2.7136 2.6250 2.3563 2.0143 1.4551 1.0155 0.4981 -0.0387 -0.2349 0.1503
1.5713 1.8449 2.1552 2.4387 2.6015 2.5657 2.5104 2.7026 2.8979 3.0741 3.0600 2.8346 2.6357 2.5951 2.7525 3.1378 3.5050 3.8760 4.1455 4.2197 4.1669 4.0713 4.0049 3.8469 3.7594 4.0135 4.4398 4.9279 5.3900 5.7754 5.7463 5.8943 6.1129 6.3782 6.7301 6.8462 6.7570 6.7962 6.7386 6.3394 5.9852 5.6526 5.4254 5.2368 5.0521 4.8779 4.7815 4.8726 5.1668 5.1837 4.7993 4.6599 4.1819 3.6520 3.2399 2.8702 2.7059 2.7540 2.9012 2.9830 2.8123 2.5433 2.2012 1.9101 1.6361 1.2864 1.0086 0.7830 0.5857 0.4392 0.3563 0.3078 0.2517 0.2257 0.5817 0.6580 0.0939 -0.0597 0.2955 0.6039 0.9071 1.0868 1.0713 0.9620 0.7953 0.5950 0.5388 0.7166 1.0995 1.7894 2.3783 2.7490 3.1401 3.4845 3.8334 4.2754 4.8777 5.6729 6.5187 7.3235 8.0295 8.7409 9.4394 9.9892 9.9229 9.7229 9.4934 9.2042 8.6414 8.1585 7.7723 7.5032 6.9045 6.0745 5.1856 4.3414 3.4844 2.7394 1.8979 1.4619 1.2337 1.1819 1.1555 1.0543 0.7961 0.6608 0.5872 0.7372 0.7530 0.6036 0.3586 0.1206 -0.0722 -0.0204 0.0351 0.2252 0.4488 0.5537 0.7420 0.8068 0.3357 -0.0573 -0.3293 -0.3278 -0.2132 -0.1061 -0.0511 -0.0570 -0.2918 -0.2118 0.2423 0.9004 1.5152 1.9010 1.8319 1.6725 1.8968 2.5376 3.2301 3.7056 4.1721 4.4902 4.6400 4.4820 4.3022 4.4060 4.6174 4.8623 5.1953 5.5231 5.9395 6.0520 5.8603 5.6132 5.4936 5.5403 5.5285 5.1689 4.7805 4.4930 4.1577 3.7913 3.5046 3.3160 3.1179 2.8832 2.6143 2.3032 1.8896 1.5199 1.3877 1.3588
1.8630 2.0882 2.3674 2.6184 2.6896 2.6405 2.8654 3.1322 3.3252 3.4918 3.3396 3.1127 2.9446 2.8986 3.0671 3.2906 3.5246 3.7029 3.7755 3.7953 3.7844 3.6924 3.5982 3.5316 3.6220 3.9134 4.3305 4.7979 5.0595 5.0481 5.0949 5.3108 5.5526 5.8385 6.1560 6.4591 6.5917 6.6817 6.7369 6.4134 6.0562 5.7059 5.4436 5.2269 5.0336 4.8657 4.7537 4.7565 4.9379 5.0934 4.6880 4.3382 4.1662 3.8503 3.4710 3.2992 3.2345 3.2631 3.2790 3.1244 2.9273 2.6481 2.3368 2.1129 1.8150 1.5493 1.2981 1.0240 0.7613 0.5477 0.4123 0.3535 0.3149 0.2696 0.5188 0.7327 0.1683 -0.1969 0.0388 0.3616 0.5698 0.6802 0.6331 0.4858 0.2978 0.1898 0.1560 0.3270 0.7525 1.2979 1.9259 2.4037 2.8004 3.1661 3.5825 4.0236 4.5551 5.2214 6.1353 6.9873 7.7388 8.4535 9.0310 9.6824 10.2507 10.2399 9.9221 9.5891 9.1871 8.4531 7.9997 7.6969 7.1439 6.3454 5.3749 4.4036 3.4633 2.6449 1.6681 1.1701 0.8428 0.7088 0.5945 0.4576 0.3494 0.2081 0.1823 0.2739 0.1923 0.0805 -0.1041 -0.3046 -0.4652 -0.3813 -0.2327 0.0808 0.5331 0.6800 0.7504 0.7694 0.2827 -0.1902 -0.6453 -0.7601 -0.6119 -0.3157 -0.3741 -0.5608 -0.6743 -0.3548 0.2114 0.9738 1.5362 1.8449 1.7123 1.7527 2.2042 2.9777 3.5509 4.2459 4.8246 5.1402 5.1835 4.9912 4.6659 4.3738 4.2946 4.5498 4.9207 5.2689 5.6251 5.9328 6.0670 6.0115 5.8600 5.7075 5.6704 5.7264 5.5321 5.2136 4.8458 4.5797 4.2596 4.0464 3.8487 3.6167 3.3577 3.0527 2.8667 2.6446 2.5395 2.6401
2.0924 2.2831 2.5540 2.7176 2.7282 2.9873 3.2958 3.5140 3.8244 3.8883 3.6741 3.4555 3.3094 3.4067 3.5111 3.6134 3.6670 3.6750 3.6442 3.5771 3.4979 3.4424 3.4135 3.4154 3.4899 3.7443 4.1327 4.3478 4.4326 4.2764 4.1890 4.3984 4.7568 5.1172 5.5676 5.9335 6.3346 6.6036 6.6807 6.4034 5.9966 5.6201 5.3185 5.1249 5.0255 4.9817 4.9469 4.9163 5.0056 5.1626 4.8768 4.4938 4.1658 3.9033 3.7252 3.6374 3.6093 3.6145 3.5887 3.4194 3.2236 2.7902 2.4814 2.1765 1.9043 1.6502 1.3583 1.0801 0.8364 0.6190 0.4570 0.3827 0.3560 0.3619 0.5062 0.7540 0.2638 -0.1266 -0.1549 0.0883 0.2810 0.3440 0.2919 0.1808 0.0844 0.0475 0.1391 0.3261 0.7021 1.1582 1.6503 2.1165 2.5747 3.0020 3.3981 3.8234 4.3038 4.9262 5.8011 6.7579 7.5250 8.1570 8.7705 9.2192 9.7174 10.1672 10.3175 9.9496 9.5183 8.7604 8.1585 7.6271 7.0795 6.3092 5.3309 4.3142 3.2847 2.3661 1.3824 0.9005 0.5771 0.2946 0.1322 -0.0217 -0.1243 -0.1913 -0.2462 -0.1895 -0.3199 -0.4021 -0.5251 -0.6916 -0.8560 -0.7461 -0.5003 -0.1079 0.3722 0.7552 0.7617 0.7182 0.2978 -0.2445 -0.8565 -1.1837 -1.0181 -0.7759 -0.7832 -0.9425 -0.9749 -0.5759 -0.0800 0.5061 1.2563 1.5493 1.6178 1.9832 2.5333 3.2855 3.8433 4.5765 5.1832 5.6211 5.6710 5.3294 5.0082 4.7146 4.5324 4.3678 4.6982 5.0635 5.3648 5.6435 5.8436 5.9889 6.0786 6.0862 5.9878 5.8366 5.7340 5.6850 5.4755 5.1738 4.9061 4.6358 4.4573 4.2386 3.9631 3.6640 3.4054 3.2218 3.1640 3.1499
2.2622 2.4540 2.6729 2.7237 2.9698 3.3531 3.6141 3.9950 4.2766 4.2588 4.0346 3.8039 3.6477 3.5400 3.4534 3.3742 3.3041 3.2559 3.2435 3.2604 3.2856 3.2865 3.2706 3.2586 3.3181 3.5434 3.6852 3.7864 3.6514 3.4005 3.1938 3.3776 3.7577 4.1875 4.7442 5.3209 5.8150 6.2838 6.5749 6.2245 5.8339 5.4595 5.1247 5.0516 5.0822 5.1442 5.1713 5.1619 5.2061 5.3055 5.2267 4.7697 4.4425 4.2117 4.0411 3.9371 3.9413 4.0284 4.0781 3.8573 3.5321 2.9782 2.5440 2.1497 1.8296 1.4908 1.1924 0.9650 0.7844 0.6160 0.4727 0.4029 0.4107 0.4419 0.5453 0.7525 0.4094 0.0274 -0.0908 0.1158 0.3129 0.3958 0.3877 0.3611 0.3661 0.4073 0.4783 0.7083 0.9827 1.3413 1.7531 2.1817 2.6047 3.0255 3.4056 3.8089 4.2717 4.8216 5.5590 6.4709 7.3634 8.0505 8.7064 9.0777 9.3263 9.6431 9.9631 9.7776 9.4017 9.0086 8.0812 7.3787 6.8728 6.0830 5.1613 4.1804 3.2742 1.9538 1.1019 0.6999 0.3387 -0.0045 -0.2752 -0.4556 -0.5388 -0.5621 -0.6151 -0.6102 -0.7449 -0.7986 -0.8933 -1.0736 -1.2368 -1.0814 -0.7634 -0.3102 0.1595 0.6710 0.6879 0.5592 0.2041 -0.4275 -1.1161 -1.5492 -1.4908 -1.3026 -1.2217 -1.3640 -1.2451 -0.8371 -0.3442 0.1589 0.7058 1.0222 1.5239 2.2031 2.8673 3.5179 4.1594 4.7987 5.3989 5.9885 6.0597 5.7272 5.3272 5.1291 4.9078 4.7276 4.5398 4.7934 5.1136 5.3353 5.5174 5.6231 5.6994 5.7852 5.9580 6.0645 6.0616 5.8999 5.6656 5.4443 5.2324 5.0663 4.8598 4.6566 4.3848 4.0826 3.8630 3.6743 3.5422 3.3518
2.3847 2.5746 2.6810 2.7940 3.2076 3.5503 4.0320 4.3329 4.4171 4.2697 4.0564 3.8798 3.7070 3.5215 3.3309 3.1526 2.9931 2.8964 2.8664 2.8936 2.9508 3.0063 3.0398 3.0756 3.1510 3.2091 3.2172 3.1351 2.9348 2.6442 2.3418 2.4396 2.7368 3.2363 3.7658 4.6023 5.2411 5.6847 6.0769 6.1467 5.6670 5.2950 5.0665 5.0646 5.1393 5.2165 5.2454 5.2457 5.2736 5.3179 5.2640 5.0656 4.7876 4.4952 4.2575 4.1684 4.2943 4.4737 4.6023 4.3394 3.7432 3.2078 2.5003 1.9997 1.6140 1.3180 1.1152 0.9188 0.7295 0.5840 0.4817 0.4537 0.4816 0.5468 0.6322 0.7508 0.5613 0.1700 0.1864 0.4026 0.5861 0.7097 0.7377 0.7192 0.7317 0.7732 0.8709 1.0348 1.2395 1.5258 1.9237 2.3565 2.8129 3.1906 3.5812 4.0186 4.4801 5.0429 5.6356 6.3978 7.1876 7.8409 8.3224 8.5724 8.9866 9.1708 9.3789 9.4071 8.9401 8.3619 7.7042 7.0570 6.5120 5.7340 4.8629 3.9275 2.9328 1.5947 0.8850 0.4998 0.1293 -0.2316 -0.5738 -0.6650 -0.7030 -0.7863 -0.9258 -0.9764 -1.0316 -1.0974 -1.2878 -1.4471 -1.5935 -1.3836 -0.9912 -0.5195 -0.0992 0.3240 0.3692 0.1641 -0.1249 -0.6985 -1.4342 -1.9335 -2.0830 -1.8666 -1.7237 -1.7681 -1.5274 -1.0766 -0.5690 -0.1079 0.1441 0.5214 1.3942 2.3581 3.0918 3.6092 4.0815 4.5803 5.0408 5.5517 6.0429 6.1487 5.8153 5.5139 5.3079 5.1004 4.8065 4.5873 4.7765 4.9920 5.1580 5.2638 5.3313 5.4041 5.4590 5.5843 5.7409 5.9495 6.0317 5.8875 5.5893 5.3151 5.1477 4.9608 4.7314 4.5183 4.3391 4.1734 4.0475 3.8272
2.4562 2.6117 2.6453 2.9281 3.4223 3.8801 4.3180 4.3984 4.3655 4.1831 4.0332 3.8965 3.7412 3.5624 3.3660 3.1725 2.9690 2.8106 2.7276 2.7115 2.7588 2.8228 2.8795 2.9158 2.9183 2.8626 2.7384 2.5078 2.0121 1.5454 1.1309 1.0998 1.6715 2.2193 2.9560 3.7044 4.5222 5.1352 5.4950 5.7892 5.6773 5.2984 5.0849 5.0394 5.0732 5.1209 5.1232 5.0996 5.0976 5.0974 5.0290 4.8650 4.6502 4.4306 4.3096 4.3862 4.6462 4.8887 4.9333 4.3074 3.6611 3.0052 2.2820 1.8020 1.5216 1.4733 1.3970 1.1990 0.9412 0.6957 0.5772 0.5634 0.6120 0.6941 0.7518 0.7525 0.5868 0.3885 0.4945 0.7055 0.9248 1.0845 1.1402 1.1642 1.1420 1.1137 1.1223 1.2018 1.3619 1.6476 2.0523 2.5300 3.0249 3.3936 3.7903 4.2495 4.7413 5.2545 5.9205 6.5845 7.2461 7.8883 7.9584 8.1299 8.3441 8.3300 8.2791 8.3076 8.1341 7.6443 7.2725 6.6399 6.0259 5.4409 4.6002 3.5553 2.4823 1.2377 0.6835 0.2971 -0.0641 -0.3415 -0.3834 -0.5230 -0.8763 -1.0117 -1.1338 -1.1729 -1.3162 -1.4757 -1.6543 -1.8188 -1.8231 -1.5538 -1.1513 -0.7091 -0.2683 0.0175 -0.0987 -0.2924 -0.5956 -1.0970 -1.8458 -2.4220 -2.6444 -2.4732 -2.2834 -2.1641 -1.8219 -1.3296 -0.8755 -0.5194 -0.2265 0.1515 0.9881 2.0814 2.9478 3.4190 3.8004 4.0869 4.5043 4.9393 5.3709 5.8234 6.2137 5.9680 5.6399 5.3794 5.0868 4.7363 4.5135 4.6238 4.7821 4.8919 4.9577 5.0254 5.1073 5.2344 5.3776 5.5019 5.6854 5.8559 5.9416 5.8590 5.5684 5.3579 5.1374 4.9937 4.8322 4.7217 4.6414 4.5047
2.4600 2.5738 2.6323 3.0229 3.6097 4.0871 4.3271 4.4043 4.2869 4.1311 4.0183 3.9055 3.7782 3.6418 3.4809 3.3107 3.1239 2.9432 2.8181 2.7547 2.7473 2.7671 2.7833 2.7748 2.7400 2.6855 2.3555 1.8562 1.1845 0.5547 0.1573 0.1199 0.4363 1.0989 2.1245 2.9043 3.7698 4.4506 4.9604 5.2834 5.5749 5.3732 5.1135 4.9355 4.8944 4.9469 4.9554 4.8882 4.8180 4.7546 4.6642 4.5420 4.4364 4.4041 4.4936 4.6545 4.7013 4.5649 4.3128 3.8793 3.3390 2.7409 2.0303 1.7532 1.7917 1.8822 1.8593 1.6445 1.3375 0.9967 0.7826 0.7503 0.7943 0.8524 0.8468 0.7346 0.5842 0.5537 0.7603 1.0343 1.2688 1.3848 1.4127 1.3777 1.3125 1.2639 1.2631 1.3240 1.4654 1.7447 2.1726 2.7149 3.2132 3.5935 4.0099 4.5495 5.0493 5.5617 6.1298 6.8393 7.4533 8.0079 7.7574 7.8250 8.0863 7.8417 7.6807 7.5644 7.3839 7.0666 6.5161 6.0315 5.5655 4.9965 4.1734 3.2163 2.1226 0.9053 0.4784 0.1335 -0.1312 -0.4825 -0.8335 -1.0833 -1.2690 -1.4011 -1.5377 -1.5858 -1.6969 -1.8480 -1.9711 -1.9456 -1.8439 -1.5238 -1.1498 -0.7764 -0.4336 -0.3159 -0.5862 -0.8351 -1.1931 -1.6947 -2.3385 -2.9340 -3.1819 -3.0298 -2.8139 -2.5979 -2.1389 -1.6725 -1.2590 -0.9324 -0.5634 -0.1205 0.5198 1.6658 2.5397 3.0025 3.2238 3.4212 3.7574 4.1381 4.6968 5.1086 5.6578 6.2516 5.9839 5.5841 5.2809 5.0006 4.7048 4.5559 4.5680 4.6491 4.7587 4.8490 4.9099 4.9591 5.0358 5.2240 5.4376 5.5948 5.6973 5.7652 5.7853 5.7340 5.6465 5.4416 5.3197 5.2625 5.2382 5.3659
2.3913 2.5028 2.6264 3.1204 3.6323 4.1434 4.3457 4.3923 4.2533 4.1172 4.0196 3.9246 3.8271 3.7242 3.6125 3.4738 3.3095 3.1391 2.9905 2.8835 2.8166 2.7749 2.7465 2.7205 2.5691 2.2587 1.6948 1.0403 0.2440 -0.0967 -0.3573 -0.3978 -0.2082 0.1455 1.1893 2.2870 2.9706 3.7804 4.3206 4.6592 4.9608 5.1307 5.0592 4.7932 4.6934 4.8065 4.9014 4.8126 4.6379 4.4936 4.4145 4.3948 4.4414 4.5826 4.7319 4.7244 4.5532 4.2542 3.8970 3.5099 2.9535 2.4128 1.9183 1.9888 2.1640 2.3153 2.3259 2.0925 1.7185 1.3201 0.9662 0.8703 0.8787 0.8838 0.8117 0.6699 0.5956 0.7046 0.9592 1.2322 1.4277 1.5152 1.5125 1.4558 1.3892 1.3479 1.3527 1.4170 1.5584 1.8413 2.2939 2.9036 3.3608 3.7887 4.2515 4.7906 5.3439 5.8550 6.4366 7.0318 7.6542 7.7991 7.5812 7.7254 7.9682 7.5978 7.2682 7.0273 6.7622 6.4447 5.9483 5.3026 4.9035 4.4966 3.7308 2.8491 1.4885 0.6037 0.3224 -0.0471 -0.4652 -0.8497 -1.1427 -1.4079 -1.5910 -1.7144 -1.8474 -1.9336 -1.9652 -1.9454 -1.9195 -1.8747 -1.7267 -1.4591 -1.1637 -0.8468 -0.5642 -0.7078 -1.0786 -1.4176 -1.8537 -2.3839 -2.9524 -3.4326 -3.6772 -3.5180 -3.3154 -2.9531 -2.4548 -2.0085 -1.6343 -1.2258 -0.8655 -0.4812 0.0794 1.0979 1.8603 2.2551 2.4758 2.6580 2.9335 3.3133 3.7306 4.4421 4.9118 5.5760 6.2285 5.8749 5.4588 5.2180 5.0051 4.9095 4.9613 5.0934 5.2590 5.4021 5.4814 5.5057 5.4932 5.4075 5.4103 5.4519 5.5346 5.6552 5.7242 5.7532 5.7470 5.7169 5.7438 5.7898 5.8050 5.5460
2.2645 2.4181 2.5870 3.0934 3.6179 4.1359 4.3579 4.4002 4.2621 4.1289 4.0340 3.9517 3.8755 3.8085 3.7313 3.6242 3.4838 3.2997 3.1139 2.9603 2.8469 2.7559 2.5778 2.3350 1.9521 1.4633 0.8106 0.0004 -0.3982 -0.6723 -0.8771 -0.8975 -0.6976 -0.4553 0.0676 1.4756 2.4448 2.9635 3.5662 3.9868 4.2995 4.5435 4.6298 4.5440 4.4719 4.7031 4.9392 4.9118 4.6929 4.5338 4.4947 4.5464 4.6424 4.7106 4.6657 4.5498 4.3291 3.9575 3.5534 3.0227 2.5829 2.0753 2.0387 2.2877 2.4663 2.5436 2.5083 2.3599 2.0018 1.5498 1.1296 0.8237 0.7366 0.7042 0.6549 0.6249 0.7006 0.8996 1.1444 1.3744 1.5267 1.5800 1.5536 1.4870 1.4181 1.3774 1.3837 1.4548 1.6102 1.9142 2.4043 3.0187 3.4814 3.9252 4.4358 4.9950 5.6067 6.1468 6.6729 7.1970 7.7077 7.6961 7.8164 8.0725 8.1500 7.7601 7.4064 7.0797 6.5495 6.0149 5.5006 4.7424 4.1612 3.7380 3.1933 2.3195 0.8974 0.3401 0.2517 -0.2382 -0.6129 -0.9923 -1.2701 -1.4265 -1.5654 -1.6878 -1.7874 -1.8476 -1.8702 -1.8647 -1.8335 -1.7769 -1.6855 -1.5651 -1.3786 -1.0493 -0.8538 -1.1954 -1.5790 -2.0719 -2.5628 -3.1180 -3.6232 -3.9220 -4.0418 -3.9429 -3.6689 -3.1859 -2.6903 -2.2564 -1.8536 -1.4853 -1.1617 -0.7315 -0.2001 0.4461 1.2860 1.5651 1.6772 1.7025 1.9864 2.4419 3.0124 3.4141 4.2507 4.8229 5.5218 6.1944 5.8175 5.4908 5.3136 5.2625 5.4123 5.6327 5.8895 6.1078 6.2519 6.2841 6.2282 6.1120 6.0439 5.9990 5.9672 5.9189 5.9101 5.9379 6.0237 6.1719 6.3276 6.4734 6.5315 6.5320
2.1056 2.3272 2.5334 3.0283 3.5571 4.0747 4.3553 4.4217 4.2963 4.1583 4.0580 3.9801 3.9247 3.8815 3.8356 3.7637 3.6128 3.3867 3.1439 2.9416 2.7055 2.3691 1.9734 1.5608 1.0445 0.2508 -0.2512 -0.7080 -0.9704 -1.2106 -1.4109 -1.3921 -1.1927 -0.9007 -0.5383 0.1526 1.5615 2.2730 2.8255 3.1657 3.5611 3.9009 4.1056 4.1833 4.2116 4.5447 4.8956 4.9528 4.7697 4.6840 4.6958 4.7103 4.6484 4.5289 4.4121 4.2458 3.9729 3.6341 3.1443 2.6967 2.1309 1.8381 2.2245 2.5080 2.6077 2.6208 2.5845 2.4722 2.1933 1.7943 1.3701 1.0357 0.8124 0.7304 0.7634 0.8547 1.0054 1.1691 1.3646 1.5383 1.6381 1.6463 1.5881 1.4997 1.4137 1.3603 1.3612 1.4386 1.6152 1.9611 2.5206 3.0277 3.5117 3.9129 4.4496 5.1334 5.7813 6.3580 6.9073 7.4329 7.6112 7.6968 7.9957 8.4195 8.6059 7.8097 7.5073 7.2202 6.6044 5.8584 5.1750 4.3871 3.5991 3.0567 2.5347 1.5102 0.4092 0.2968 0.2331 -0.0558 -0.4489 -0.8520 -1.2225 -1.3800 -1.5342 -1.6948 -1.7961 -1.8246 -1.8143 -1.8007 -1.7950 -1.7904 -1.7799 -1.7458 -1.5480 -1.3342 -1.4313 -1.7813 -2.2523 -2.7883 -3.3897 -3.8981 -4.2098 -4.4778 -4.4499 -4.2956 -3.8725 -3.3615 -2.8559 -2.4263 -2.0501 -1.7624 -1.3955 -0.9573 -0.4899 0.0758 0.4790 0.7679 0.8261 1.0009 1.1644 1.4812 2.0288 2.7258 3.2604 4.0986 4.7513 5.4658 6.1977 5.9121 5.6647 5.6880 5.9166 6.2218 6.5315 6.7786 7.0536 7.1325 7.1068 7.0112 6.9032 6.8094 6.7257 6.6541 6.6252 6.6352 6.7103 6.8963 7.1455 7.3103 7.2978 7.1722
1.9439 2.2372 2.4849 2.9515 3.4780 4.0063 4.3423 4.4395 4.3460 4.2060 4.0971 4.0228 3.9774 3.9509 3.9335 3.8670 3.6948 3.4124 3.1128 2.7718 2.3231 1.7859 1.2292 0.4812 -0.0279 -0.4585 -0.8501 -1.2343 -1.5014 -1.7324 -1.8843 -1.8667 -1.6835 -1.4506 -1.0088 -0.6220 0.0485 0.9802 1.9034 2.5531 2.9672 3.3507 3.6349 3.8500 4.0598 4.3358 4.6856 4.7063 4.5238 4.5301 4.6079 4.6034 4.4857 4.2866 4.0643 3.8163 3.5692 3.1793 2.8021 2.2452 1.7247 1.9792 2.4277 2.6256 2.6646 2.6794 2.6943 2.6120 2.3836 2.1002 1.8407 1.5710 1.3891 1.3312 1.3348 1.3615 1.4248 1.5283 1.6574 1.7562 1.7883 1.7430 1.6428 1.5199 1.4049 1.3304 1.3198 1.3994 1.6026 1.9754 2.4955 3.1082 3.5900 3.8304 4.3798 5.1226 5.8870 6.5619 7.0989 7.4656 7.5855 7.8266 8.1869 8.7155 7.9821 7.3492 7.0599 6.7690 6.4824 5.7418 4.9364 4.1102 3.2039 2.4053 1.4395 0.8219 0.3076 0.4403 0.4532 0.0645 -0.4346 -0.8630 -1.2129 -1.4405 -1.6538 -1.7921 -1.8297 -1.8189 -1.8096 -1.8115 -1.8137 -1.8150 -1.8252 -1.8209 -1.8164 -1.8964 -2.1623 -2.5258 -3.0775 -3.6769 -4.1764 -4.6271 -4.8850 -4.9601 -4.8175 -4.3406 -3.7663 -3.2555 -2.8193 -2.5621 -2.2901 -1.9533 -1.5786 -1.1571 -0.7058 -0.2964 -0.0577 0.1818 0.2636 0.3026 0.4272 0.6652 1.0804 1.7771 2.4886 3.2420 3.9823 4.6443 5.3783 5.9753 6.2256 6.1568 6.3794 6.7175 7.0865 7.4262 7.6951 7.8125 7.8312 7.7775 7.7529 7.7340 7.6710 7.6006 7.5667 7.5812 7.6055 7.6568 7.9324 8.0503 8.0047 7.8667
1.8020 2.1657 2.4551 2.8925 3.4122 3.9433 4.3290 4.4399 4.3969 4.2711 4.1604 4.0863 4.0455 4.0338 4.0165 3.9345 3.7206 3.3880 3.0245 2.5622 1.9327 1.0705 0.3524 -0.1783 -0.5118 -0.9660 -1.3805 -1.7195 -1.9898 -2.1719 -2.2947 -2.2853 -2.1772 -1.9395 -1.6482 -1.1797 -0.8134 -0.1385 0.9636 1.6612 2.1980 2.8989 3.1968 3.4282 3.7186 3.9810 4.2431 4.3198 4.1911 4.2079 4.2889 4.2826 4.1326 3.8906 3.6505 3.3669 3.0306 2.7517 2.2969 1.7470 1.6777 2.1495 2.6227 2.6904 2.7095 2.7983 2.8974 2.9335 2.8736 2.7463 2.5890 2.3888 2.2322 2.1806 2.0973 1.9926 1.9563 1.9916 2.0486 2.0635 2.0061 1.8956 1.7439 1.5785 1.4299 1.3311 1.3083 1.3832 1.6067 2.0059 2.5353 3.1112 3.6626 3.7276 4.2410 4.9818 5.8217 6.5801 7.1471 7.4529 7.7041 8.0209 8.4547 7.9895 7.1681 6.7967 6.3891 6.1104 5.8925 5.4755 4.6422 3.8495 3.1079 2.0966 1.1477 0.8650 0.7947 0.6385 0.2720 -0.2050 -0.6339 -1.0478 -1.3041 -1.4524 -1.6212 -1.7526 -1.8120 -1.8257 -1.8297 -1.8346 -1.8478 -1.8784 -2.0377 -2.2229 -2.3917 -2.6341 -2.9726 -3.3979 -3.9732 -4.5485 -5.0281 -5.3380 -5.6136 -5.4203 -4.9075 -4.2514 -3.6343 -3.1536 -2.8411 -2.4721 -2.1552 -1.7978 -1.4257 -1.1730 -0.9191 -0.7203 -0.5440 -0.3661 -0.2756 -0.2061 -0.1159 0.0302 0.2538 0.6597 1.4888 2.3593 3.2352 3.8611 4.6534 5.2084 5.7295 6.1661 6.6128 7.0421 7.4247 7.8471 8.1648 8.3690 8.5350 8.6650 8.6741 8.5775 8.4708 8.3969 8.3746 8.4723 8.7477 9.1168 9.1157 8.9473 8.5747 8.7803
1.7108 2.1062 2.4434 2.8557 3.3653 3.8947 4.3233 4.4257 4.4413 4.3471 4.2451 4.1727 4.1346 4.1133 4.0686 3.9378 3.6774 3.3185 2.9217 2.3371 1.5418 0.5063 -0.0639 -0.5689 -1.0404 -1.4454 -1.8351 -2.1351 -2.3733 -2.5351 -2.5685 -2.5905 -2.5948 -2.4028 -2.1565 -1.8133 -1.2715 -0.8287 -0.2041 0.6458 1.3386 2.1877 2.6242 2.9444 3.1900 3.5007 3.7418 3.8888 3.7854 3.7684 3.8312 3.8236 3.6425 3.4345 3.1509 2.9205 2.5624 2.1953 1.7471 1.5281 1.8853 2.3811 2.7360 2.7423 2.8055 3.0292 3.1881 3.3470 3.4003 3.3377 3.2117 3.1596 3.1409 3.0484 2.9083 2.7261 2.6181 2.5748 2.5378 2.4605 2.3085 2.1362 1.9290 1.7159 1.5310 1.4100 1.3754 1.4437 1.6623 2.0711 2.6099 3.1677 3.6502 3.6550 4.0735 4.7891 5.6771 6.5094 7.1121 7.5026 7.8632 8.2448 8.4478 7.6092 6.7672 5.9517 5.5946 5.2028 5.1886 4.8569 4.2708 3.4989 2.8216 1.8264 1.0368 0.8109 0.8364 0.3897 -0.1339 -0.4870 -0.9946 -1.3478 -1.5078 -1.6992 -1.8875 -2.0119 -2.0792 -2.1305 -2.1776 -2.2329 -2.3135 -2.4574 -2.6071 -2.8145 -3.0870 -3.4251 -3.7405 -4.2842 -4.8800 -5.2783 -5.8514 -6.2483 -6.1790 -5.5337 -4.8774 -4.2527 -3.6628 -3.1612 -2.6653 -2.2923 -1.8770 -1.5456 -1.4360 -1.3492 -1.2313 -1.0846 -0.9295 -0.8239 -0.7582 -0.7093 -0.6491 -0.5197 -0.2761 0.0085 0.4421 1.2468 2.2409 3.0980 3.7034 4.5211 5.1469 5.7765 6.3400 6.8642 7.2049 7.5038 7.8039 8.0713 8.2698 8.3849 8.4217 8.4401 8.4362 8.4202 8.3575 8.2749 8.2350 8.2163 8.2870 8.5376 8.9272 9.0361
1.6600 2.0907 2.4453 2.8363 3.3334 3.8542 4.3239 4.4010 4.4658 4.4209 4.3368 4.2627 4.2033 4.1418 4.0331 3.8336 3.5433 3.2016 2.7729 2.0931 0.9328 0.0551 -0.4907 -1.0155 -1.4686 -1.8917 -2.2230 -2.5027 -2.6771 -2.7088 -2.7056 -2.7150 -2.7677 -2.7783 -2.5935 -2.2630 -1.8855 -1.5074 -1.1171 -0.5709 0.2331 1.1881 1.7616 2.3803 2.8032 3.0855 3.2845 3.3880 3.3282 3.2598 3.2997 3.2917 3.1032 2.8960 2.6334 2.3417 1.9445 1.6841 1.5031 1.6731 2.0853 2.5875 2.8149 2.8065 3.0245 3.3617 3.5889 3.7998 3.9930 3.9580 3.8203 3.6781 3.6194 3.5055 3.3876 3.3661 3.2721 3.1793 3.0925 2.9305 2.7297 2.4845 2.2356 1.9997 1.8016 1.6388 1.5831 1.6165 1.7963 2.1749 2.6915 3.2276 3.6468 3.6671 3.9022 4.5607 5.4659 6.3831 7.0863 7.6050 8.0434 8.4948 8.0002 7.2622 6.3892 5.4493 4.7936 4.4551 4.4096 4.1455 3.7982 3.2461 2.5732 1.8205 1.1434 0.6602 0.3896 -0.0629 -0.4736 -1.0282 -1.4910 -1.8196 -2.0260 -2.2547 -2.4244 -2.5548 -2.6368 -2.6910 -2.7498 -2.8176 -2.9095 -3.0793 -3.3257 -3.5570 -3.8820 -4.1716 -4.6332 -4.9448 -5.5293 -6.1583 -6.6551 -6.6937 -6.1098 -5.2513 -4.6500 -4.0030 -3.4588 -2.9490 -2.4023 -1.8725 -1.6495 -1.6541 -1.6438 -1.5847 -1.4904 -1.3798 -1.2868 -1.2162 -1.1793 -1.1577 -1.1225 -1.0155 -0.7868 -0.5038 -0.2156 0.3478 1.1435 2.1198 3.0066 3.6380 4.5028 5.2351 5.8664 6.3299 6.7077 7.0924 7.4632 7.7310 7.8967 7.9768 8.0078 7.9844 7.9325 7.8631 7.8163 7.7959 7.7760 7.8118 8.0914 8.5182 9.0507 9.1775
1.6558 2.1096 2.4608 2.8272 3.3120 3.8215 4.3332 4.3786 4.4519 4.4618 4.4016 4.3087 4.1999 4.0621 3.8640 3.6037 3.3308 3.0347 2.5922 1.7898 0.4867 -0.3160 -0.9557 -1.4390 -1.8650 -2.2401 -2.5609 -2.7498 -2.8169 -2.8464 -2.7766 -2.7702 -2.8308 -2.9378 -3.0026 -2.7769 -2.4973 -2.1589 -1.6370 -0.9280 -0.2314 0.8070 1.5151 2.1768 2.6519 2.8138 2.9162 2.8917 2.6814 2.4396 2.3982 2.3925 2.3100 2.1558 1.9651 1.7547 1.5697 1.5075 1.5798 1.8891 2.3141 2.7863 2.8787 2.9206 3.2875 3.6902 4.0963 4.3447 4.5562 4.5023 4.3019 4.0847 3.8601 3.7417 3.7426 3.7535 3.7413 3.6929 3.5144 3.3857 3.1758 2.9217 2.7289 2.4781 2.2409 2.0718 1.9772 1.9589 2.0429 2.3501 2.8200 3.2529 3.6629 3.6771 3.7681 4.3701 5.2501 6.2351 7.0613 7.7116 8.2399 8.4714 7.7120 6.9592 6.0437 5.0992 4.3608 3.9131 3.7532 3.4746 3.1866 2.8769 2.2025 1.5236 0.9457 0.3753 -0.0454 -0.5047 -1.0497 -1.6442 -2.1226 -2.4204 -2.7255 -2.9332 -3.1076 -3.2349 -3.3302 -3.3975 -3.4678 -3.5507 -3.6330 -3.8348 -4.0910 -4.3912 -4.6930 -4.9781 -5.3046 -5.7908 -6.4978 -6.8855 -6.8490 -6.3740 -5.6508 -4.8888 -4.3580 -3.7711 -3.1906 -2.6023 -2.0556 -2.0613 -2.0797 -2.0665 -2.0138 -1.9258 -1.8162 -1.7053 -1.6249 -1.5739 -1.5519 -1.5514 -1.5339 -1.4510 -1.2547 -1.0106 -0.6037 -0.2430 0.3485 1.1033 2.1495 3.1056 3.7056 4.3225 4.9112 5.4524 6.0214 6.5878 6.9858 7.1932 7.4059 7.4926 7.5217 7.5042 7.4568 7.3930 7.3352 7.3024 7.3499 7.6053 8.0789 8.6670 9.2223 9.3182
1.6965 2.1576 2.4854 2.8308 3.3035 3.8022 4.3489 4.3724 4.4123 4.4390 4.3906 4.2741 4.1033 3.8377 3.5728 3.3107 3.1023 2.8462 2.3125 1.4024 -0.0342 -0.8004 -1.4354 -1.8726 -2.2074 -2.5078 -2.6941 -2.8506 -3.1065 -3.2675 -3.1691 -3.1586 -3.1961 -3.3440 -3.4464 -3.2568 -3.0389 -2.5841 -1.9850 -1.2154 -0.4916 0.5110 1.1646 1.7365 2.3114 2.8102 2.8765 2.6199 2.2118 1.9001 1.7327 1.7064 1.6863 1.6297 1.5533 1.5081 1.5112 1.5804 1.7731 2.1010 2.5184 2.8820 2.9350 3.1069 3.5644 4.0896 4.5371 4.8944 5.1109 4.9726 4.6607 4.4454 4.1661 3.8782 3.7138 3.7061 3.7328 3.7652 3.7737 3.7355 3.6383 3.3744 3.2300 3.0394 2.8649 2.6850 2.4857 2.3841 2.3930 2.5690 2.9713 3.3579 3.6967 3.6861 3.7176 4.2567 5.0834 6.0941 6.9985 7.6554 8.6180 8.0551 7.4724 6.6527 5.6352 4.6923 4.0450 3.6071 3.2513 3.0421 2.6282 2.0526 1.6318 1.1413 0.4941 -0.0407 -0.4901 -1.1247 -1.7310 -2.2958 -2.7702 -3.1020 -3.4082 -3.6881 -3.7984 -3.9257 -4.0370 -4.1250 -4.1990 -4.3062 -4.3630 -4.5521 -4.8840 -5.1267 -5.4743 -5.8542 -6.2797 -6.6798 -7.0169 -6.8611 -6.4186 -5.6714 -4.9177 -4.5312 -4.0515 -3.4585 -2.9043 -2.5786 -2.5025 -2.4407 -2.4198 -2.3556 -2.2516 -2.1305 -2.0151 -1.9301 -1.8799 -1.8647 -1.9010 -1.9184 -1.9147 -1.8454 -1.6721 -1.4055 -1.0340 -0.5370 -0.0798 0.4881 1.2474 2.3180 2.9664 3.5258 4.1315 4.8123 5.5158 6.1034 6.4170 6.6354 6.8185 6.9189 6.9696 6.9729 6.9427 6.8956 6.8513 6.8661 7.0393 7.4210 7.8933 8.5380 9.1836 8.6451
1.7817 2.2274 2.5210 2.8571 3.3205 3.8085 4.3678 4.3795 4.3628 4.3634 4.3067 4.1774 3.9578 3.6141 3.3157 3.0509 2.9104 2.6018 1.9611 0.6004 -0.4444 -1.2225 -1.8559 -2.2470 -2.3254 -2.4141 -2.7821 -3.1865 -3.4844 -3.6332 -3.5519 -3.5464 -3.5850 -3.7343 -3.8429 -3.6881 -3.3287 -2.8619 -2.2462 -1.5870 -0.8974 -0.2904 0.5249 1.1516 1.7573 2.4438 3.0189 2.7785 2.2088 1.6821 1.3612 1.3066 1.3222 1.3626 1.4095 1.4720 1.5626 1.7118 1.9566 2.2801 2.6598 2.9235 2.9775 3.3124 3.8042 4.3942 4.9400 5.4635 5.5254 5.3789 5.0834 4.7907 4.4563 4.2268 3.9082 3.6980 3.6617 3.6802 3.7174 3.7472 3.7452 3.7100 3.6492 3.4672 3.3024 3.1977 3.0431 2.8830 2.8110 2.9275 3.1627 3.5705 3.7301 3.7005 3.7294 4.2207 4.9963 6.0018 6.9733 7.7107 8.5941 7.7769 7.2346 6.4622 5.5232 4.6332 3.9772 3.5144 3.1096 2.5996 2.1018 1.5750 1.0313 0.4885 -0.0420 -0.5695 -1.1820 -1.7891 -2.4053 -2.9243 -3.4024 -3.7692 -4.0133 -4.2774 -4.3731 -4.5149 -4.6475 -4.7712 -4.8228 -4.9797 -5.1811 -5.5138 -5.8021 -6.0806 -6.3242 -6.6230 -6.8824 -6.9106 -6.6114 -6.2033 -5.4138 -4.8393 -4.5181 -4.0455 -3.5789 -3.1998 -3.1429 -2.9790 -2.8166 -2.7143 -2.6504 -2.5547 -2.4422 -2.3387 -2.2636 -2.2246 -2.2312 -2.2492 -2.2599 -2.2784 -2.2751 -2.2114 -2.0346 -1.7205 -1.2856 -0.8061 -0.3232 0.1810 0.7841 1.6343 2.3941 3.1243 3.6776 4.4321 5.1611 5.7102 6.0092 6.1965 6.2965 6.3917 6.4607 6.4887 6.4834 6.4603 6.4382 6.5256 6.8158 7.2321 7.6982 8.4923 8.3452 7.9292
1.9081 2.3140 2.5724 2.9231 3.3813 3.8612 4.3979 4.3943 4.3247 4.2848 4.2271 4.1066 3.7705 3.3996 3.0620 2.8306 2.6022 2.1548 1.4270 0.0276 -0.8649 -1.5569 -2.1188 -2.1532 -2.0467 -2.4290 -2.8990 -3.3492 -3.7439 -3.8581 -3.8668 -3.8825 -3.9077 -3.9381 -3.8128 -3.5453 -3.1936 -2.7131 -2.2800 -1.8324 -1.3461 -0.9645 -0.2847 0.5701 1.2627 1.9932 2.7729 3.1374 2.4374 1.7836 1.3209 1.1951 1.2213 1.2935 1.3880 1.5035 1.6494 1.8363 2.0756 2.3605 2.6830 2.9095 3.0430 3.4893 4.0310 4.6908 5.3140 5.5198 5.2592 5.2852 5.3234 5.2108 4.8333 4.4845 4.1941 4.0024 3.8650 3.8269 3.8093 3.8001 3.7813 3.7553 3.7469 3.7487 3.7245 3.6155 3.4378 3.2724 3.1935 3.2624 3.4550 3.7098 3.7423 3.7280 3.7939 4.2625 4.9932 5.9617 6.9533 7.7314 8.3166 7.5640 7.0797 6.4084 5.5446 4.6865 4.0342 3.5450 3.0382 2.3949 1.7645 1.2390 0.5015 -0.1309 -0.6111 -1.1843 -1.8175 -2.4101 -2.9953 -3.4941 -3.9132 -4.2943 -4.5138 -4.7214 -4.8117 -4.9785 -5.1261 -5.2956 -5.4920 -5.6925 -5.9047 -6.1367 -6.3569 -6.5782 -6.8213 -6.9228 -6.7638 -6.4265 -5.8581 -5.2368 -4.8029 -4.3508 -3.9772 -3.6134 -3.6491 -3.6794 -3.5257 -3.3663 -3.2045 -3.0804 -2.9550 -2.8436 -2.7295 -2.6391 -2.5883 -2.5781 -2.5793 -2.5987 -2.6167 -2.6271 -2.5760 -2.5104 -2.2780 -1.9120 -1.4906 -1.0071 -0.4527 0.1497 0.7270 1.4989 2.1119 2.7650 3.3132 4.0333 4.7556 5.2685 5.6008 5.8784 6.1390 6.2252 6.2502 6.2458 6.1882 6.2222 6.2139 6.3253 6.6378 7.0414 7.4766 7.8992 7.7224 7.7477
2.0609 2.4137 2.6998 3.0909 3.5393 3.9917 4.4402 4.4068 4.3171 4.2780 4.2546 4.1350 3.5949 3.1989 2.7985 2.5433 2.2047 1.6376 0.5142 -0.3777 -1.1790 -1.8269 -2.0020 -1.8543 -2.0586 -2.5339 -3.0451 -3.4773 -3.6017 -3.6220 -3.6405 -3.6613 -3.6658 -3.6066 -3.4417 -3.2675 -2.9006 -2.4196 -2.5117 -2.2358 -1.8367 -1.2582 -0.7973 -0.1875 0.6811 1.5815 2.4370 3.2029 2.7778 2.0625 1.4674 1.1818 1.1863 1.2708 1.3950 1.5476 1.7289 1.9370 2.1420 2.3549 2.6244 2.8447 3.0833 3.5980 4.2592 4.8887 5.6634 5.1874 5.0714 5.1743 5.1707 5.0544 4.9040 4.7778 4.6156 4.3724 4.2356 4.2477 4.2355 4.2210 4.1886 4.1461 4.0704 3.9494 3.8531 3.8183 3.7764 3.6917 3.6358 3.6550 3.7333 3.7741 3.7434 3.7915 3.9127 4.3737 5.0663 5.9802 6.9527 7.7319 8.0761 7.5227 7.1687 6.5505 5.7026 4.8354 4.1624 3.6696 3.0987 2.4599 1.5838 1.0132 0.1994 -0.4143 -1.0648 -1.7085 -2.2861 -2.8504 -3.4083 -3.9318 -4.3234 -4.6361 -4.9144 -5.0802 -5.1658 -5.3210 -5.5323 -5.7824 -5.9793 -6.1802 -6.3368 -6.4509 -6.6921 -6.9155 -6.9258 -6.8236 -6.4527 -5.8709 -5.3310 -4.6840 -4.2832 -3.9545 -3.9821 -4.0815 -4.1231 -4.0925 -3.9615 -3.7921 -3.6251 -3.4654 -3.2716 -3.1004 -2.9626 -2.8660 -2.8165 -2.8120 -2.8311 -2.8456 -2.8369 -2.8096 -2.7163 -2.5140 -2.2782 -1.9636 -1.5512 -1.0373 -0.4370 0.1577 0.9341 1.4742 1.7352 2.2172 2.9515 3.5553 4.2960 4.8404 5.2494 5.5201 5.7784 5.9351 5.9387 5.8316 5.7568 5.8016 5.9213 6.1960 6.5177 6.8657 7.2195 7.3480 7.1374 7.0933
2.2560 2.5583 2.8976 3.2866 3.7152 4.1718 4.4783 4.4166 4.3652 4.3839 4.3904 3.9565 3.3977 2.9199 2.4631 2.2195 1.7891 1.1040 0.0486 -0.6921 -1.3179 -1.7321 -1.8437 -2.1523 -2.3372 -2.6245 -2.9686 -3.1450 -3.2335 -3.2611 -3.2862 -3.3095 -3.3101 -3.2488 -3.0626 -2.8276 -2.5900 -2.8874 -2.8706 -2.5691 -2.1591 -1.7689 -1.2277 -0.7276 0.0315 1.1007 2.0533 2.9192 3.0175 2.3346 1.7282 1.3111 1.1887 1.2540 1.4006 1.5982 1.8253 2.0341 2.1810 2.2912 2.5035 2.7505 3.0698 3.6290 4.3567 5.0367 5.4965 5.0049 5.0688 5.0989 5.0119 4.8963 4.7201 4.6128 4.6360 4.7019 4.7515 4.6821 4.6838 4.6693 4.6253 4.6150 4.5092 4.3448 4.1732 4.0122 3.8699 3.8309 3.8107 3.8018 3.7918 3.7730 3.8109 3.9248 4.0982 4.5478 5.2009 6.0586 6.9957 7.7471 7.9227 7.5849 7.4084 6.7639 5.8976 5.0112 4.3148 3.8251 3.2788 2.6439 1.6825 0.9937 0.1518 -0.5843 -1.3422 -1.9685 -2.5492 -3.1292 -3.6742 -4.1571 -4.5900 -4.9146 -5.1556 -5.3834 -5.4861 -5.6138 -5.8733 -6.1407 -6.3509 -6.4416 -6.5057 -6.7062 -6.8912 -6.9276 -6.9555 -6.6994 -6.1931 -5.5606 -4.9188 -4.6216 -4.5427 -4.5173 -4.4857 -4.4987 -4.5452 -4.5301 -4.4154 -4.2525 -4.0507 -3.8447 -3.6055 -3.3432 -3.1553 -3.0281 -2.9466 -2.9150 -2.9098 -2.9006 -2.8785 -2.7639 -2.6087 -2.4088 -2.1993 -1.9421 -1.5382 -1.0217 -0.4070 0.2027 0.9657 1.2309 1.2531 1.6285 2.3845 3.1080 3.6927 4.3277 4.8710 5.3437 5.4343 5.5345 5.5021 5.4155 5.3323 5.5808 6.0071 6.3845 6.7504 6.8714 6.9472 6.8537 6.6486 6.4267
2.4890 2.8020 3.1492 3.5556 3.9335 4.4474 4.4979 4.4687 4.5061 4.5642 4.2275 3.6697 3.1460 2.5680 2.1006 1.8094 1.3390 0.3888 -0.2809 -0.8390 -1.2291 -1.4447 -1.8125 -2.2190 -2.6288 -2.8652 -2.8932 -2.8693 -2.8903 -2.9277 -2.9522 -2.9481 -2.8815 -2.7336 -2.5825 -2.6075 -3.1005 -3.3297 -3.2495 -2.9589 -2.6836 -2.3263 -1.7985 -1.0792 -0.3663 0.4657 1.6820 2.6060 3.1790 2.6066 1.9706 1.5635 1.3196 1.2770 1.4019 1.6444 1.9375 2.1570 2.2233 2.2088 2.3772 2.6693 3.0274 3.6135 4.3855 5.0997 5.3333 5.0330 5.0897 4.9321 4.8401 4.8443 4.7287 4.5598 4.4999 4.5774 4.7472 4.9413 5.1030 5.1979 5.2215 5.0901 4.9542 4.7670 4.5705 4.3866 4.2145 4.0495 3.9203 3.8674 3.8546 3.9084 4.0214 4.1159 4.2690 4.7113 5.3328 6.1513 7.0496 7.8318 7.8155 7.7402 7.5351 6.8665 5.9942 5.1121 4.4218 3.9513 3.4544 2.8593 1.9061 1.1283 0.2596 -0.4849 -1.3284 -2.0824 -2.7221 -3.2852 -3.8029 -4.2787 -4.7040 -5.0803 -5.2628 -5.4879 -5.6998 -5.8466 -6.1298 -6.4036 -6.5258 -6.5322 -6.6573 -6.8308 -6.8751 -7.0154 -7.0500 -6.6362 -6.0558 -5.5122 -5.3786 -5.2497 -5.1580 -5.0744 -5.0129 -4.9716 -4.9611 -4.9431 -4.8766 -4.6881 -4.5094 -4.2490 -3.9800 -3.6980 -3.3930 -3.1839 -3.0555 -2.9775 -2.9066 -2.8643 -2.8007 -2.6875 -2.5272 -2.3485 -2.1707 -1.9778 -1.5438 -0.9580 -0.3291 0.2414 0.9599 0.8570 0.9862 1.4042 1.9504 2.7099 3.2689 3.8670 4.3957 4.9151 5.3234 5.1512 5.0878 5.0401 5.2995 5.7694 6.2255 6.6636 7.0205 6.8906 6.9088 6.7922 6.5386 6.2436
2.8152 3.1036 3.5173 3.8543 4.2526 4.5677 4.5808 4.6288 4.6597 4.2207 3.7906 3.2853 2.7903 2.0510 1.6509 1.2659 0.5397 -0.0273 -0.5044 -0.7472 -0.9787 -1.2738 -1.6931 -2.2831 -2.8262 -3.2351 -3.4060 -3.2138 -3.0204 -2.9985 -2.9935 -2.9629 -2.8719 -2.7455 -2.7147 -3.0788 -3.5712 -3.7490 -3.7573 -3.5294 -3.2693 -2.9112 -2.3004 -1.5416 -0.8100 -0.0152 1.1949 2.1303 2.8794 2.8637 2.2956 1.9024 1.6165 1.4464 1.4539 1.6990 2.0651 2.3313 2.3081 2.1700 2.3167 2.6176 2.9880 3.5831 4.3667 5.0878 5.2850 5.1258 5.0162 4.7520 4.7167 4.8094 4.8122 4.6867 4.5682 4.5524 4.6425 4.8025 4.9730 5.1132 5.2107 5.2731 5.2967 5.2433 5.0005 4.7893 4.5703 4.4397 4.3102 4.2432 4.2126 4.2528 4.3264 4.3132 4.4474 4.8769 5.4909 6.3205 7.1045 7.8944 7.7894 7.8772 7.5167 6.8501 5.9890 5.1355 4.4747 4.0390 3.5587 2.9101 2.2123 1.3358 0.4410 -0.2969 -1.1193 -1.8783 -2.5131 -3.1003 -3.6776 -4.1608 -4.5929 -4.9982 -5.3221 -5.4623 -5.8044 -6.0195 -6.2814 -6.5450 -6.5927 -6.5875 -6.7375 -6.8087 -6.9280 -7.2029 -7.0651 -6.5919 -6.1568 -6.0641 -6.0014 -5.8693 -5.7188 -5.5819 -5.4804 -5.4209 -5.3894 -5.3674 -5.2984 -5.1341 -4.9594 -4.7163 -4.4001 -4.0821 -3.7290 -3.3765 -3.2000 -3.0091 -2.9065 -2.8512 -2.7985 -2.7084 -2.5754 -2.4408 -2.1967 -1.7798 -1.2982 -0.7178 -0.1404 0.4127 0.7855 0.8292 1.2664 1.7719 2.2056 2.5293 3.0291 3.5162 4.0692 4.4716 4.9453 5.2004 4.9586 5.0648 5.4807 6.0624 6.6552 6.9794 7.2562 7.2627 7.1582 7.0567 6.7429 6.3133
3.2815 3.5415 3.9173 4.2883 4.6778 4.7186 4.7286 4.3983 4.0199 3.5970 3.2417 2.8730 2.2536 1.5342 1.0884 0.4600 -0.0147 -0.3469 -0.7340 -1.0361 -1.3199 -1.5287 -1.9555 -2.4990 -3.0747 -3.5154 -3.7634 -3.6107 -3.4699 -3.3453 -3.3233 -3.3363 -3.2990 -3.2052 -3.1803 -3.4182 -3.8195 -4.1843 -4.3040 -4.1119 -3.8372 -3.4441 -2.7857 -1.9775 -1.1677 -0.5850 0.3263 1.5757 2.3704 2.8955 2.5559 2.1963 1.9505 1.7714 1.6649 1.7952 2.1778 2.5538 2.4821 2.2340 2.3533 2.5787 2.9624 3.5599 4.3335 5.0306 5.3275 5.1730 4.9255 4.7022 4.7057 4.7943 4.8493 4.8056 4.7166 4.6625 4.6834 4.7572 4.8517 4.9466 5.0302 5.1065 5.1745 5.2350 5.2658 5.2192 5.1036 4.8558 4.7202 4.6397 4.6495 4.6429 4.5384 4.4545 4.6032 5.0129 5.6547 6.5304 7.2998 7.7882 7.8216 7.9741 7.4075 6.7329 5.8941 5.0884 4.4732 4.0977 3.6263 3.0088 2.3855 1.5397 0.7580 -0.1848 -0.8901 -1.6233 -2.2596 -2.8711 -3.4297 -3.9531 -4.4040 -4.8214 -5.2561 -5.4681 -5.7937 -6.1624 -6.3371 -6.5820 -6.6236 -6.6249 -6.7584 -6.7960 -7.0594 -7.3566 -7.0387 -6.6424 -6.5883 -6.6018 -6.5029 -6.3267 -6.1559 -5.9939 -5.8704 -5.7932 -5.7521 -5.7343 -5.7187 -5.6250 -5.4097 -5.1609 -4.8834 -4.4515 -4.0430 -3.6524 -3.2822 -3.0793 -2.9592 -2.9266 -2.8990 -2.7762 -2.5563 -2.2579 -1.8994 -1.5073 -1.0124 -0.4466 0.0889 0.6635 0.7544 1.1291 1.6668 2.2620 2.8266 3.0623 3.1732 3.2947 3.6899 4.1391 4.5201 5.0271 5.0328 5.2388 5.7442 6.3465 7.0289 7.5636 7.8164 7.7621 7.5868 7.4202 7.0195 6.5641
3.8742 4.0993 4.3630 4.8110 4.8523 4.5914 4.1966 3.7629 3.4292 2.9724 2.6681 2.1434 1.4126 0.9455 0.3272 -0.1172 -0.4232 -0.8101 -1.1164 -1.3726 -1.5852 -1.8590 -2.2911 -2.7726 -3.2676 -3.7110 -4.0193 -3.9696 -3.8240 -3.6842 -3.6051 -3.5860 -3.5543 -3.4873 -3.5493 -3.8009 -4.1606 -4.5546 -4.7416 -4.6002 -4.3703 -3.9455 -3.2206 -2.4768 -1.7023 -0.9175 -0.3893 0.4174 1.5557 2.2943 2.6484 2.4543 2.2663 2.1266 2.0121 1.9789 2.2768 2.7523 2.7432 2.4215 2.4561 2.5596 2.9474 3.5492 4.2960 4.9436 5.3644 5.1466 4.8996 4.7843 4.7804 4.8354 4.8802 4.8637 4.8045 4.7561 4.7487 4.7727 4.8020 4.8323 4.8717 4.9214 4.9706 5.0202 5.0714 5.1156 5.1406 5.1329 5.0868 5.0061 4.8803 4.6883 4.4841 4.4510 4.6324 5.0938 5.8428 6.7164 7.4265 7.7640 7.9127 7.9486 7.2631 6.5490 5.7454 4.9996 4.4332 4.1671 3.6721 3.1008 2.4731 1.7204 0.9538 0.0560 -0.6211 -1.3385 -2.0109 -2.5923 -3.1611 -3.7138 -4.1856 -4.6116 -5.0682 -5.4734 -5.7203 -6.1460 -6.4626 -6.6234 -6.6499 -6.6562 -6.7650 -6.8251 -7.2052 -7.4167 -7.0442 -6.9018 -6.9781 -6.9799 -6.8181 -6.6442 -6.4874 -6.3395 -6.2020 -6.1193 -6.0773 -6.0774 -6.0878 -6.0652 -5.9282 -5.6429 -5.2449 -4.7751 -4.2393 -3.8028 -3.4166 -3.1973 -3.0920 -3.0622 -2.8198 -2.4722 -2.1421 -1.8121 -1.4342 -1.0094 -0.5390 -0.0757 0.3994 0.7149 0.9916 1.4868 2.0888 2.8042 3.2372 3.4653 3.5335 3.3411 3.3841 3.7586 4.2189 4.6954 5.1627 5.4177 5.9029 6.5441 7.3254 8.0136 8.6813 8.4921 8.1551 7.6361 7.3317 7.1595
4.5389 4.6316 4.9716 5.0018 4.4189 4.0170 3.6578 3.1970 2.7444 2.3420 1.8350 1.1760 0.7371 0.1601 -0.2543 -0.5306 -0.8931 -1.1970 -1.5014 -1.7209 -1.6587 -2.0727 -2.5066 -2.9528 -3.2412 -3.5184 -3.8722 -4.0694 -4.0140 -3.8462 -3.6776 -3.5687 -3.4584 -3.3990 -3.8257 -4.2333 -4.5300 -4.8585 -5.1607 -5.1828 -4.8343 -4.2928 -3.7562 -3.0105 -2.3062 -1.6351 -0.9494 -0.5463 0.2176 1.3334 1.9563 2.2494 2.5170 2.4692 2.3671 2.2832 2.3795 2.8432 3.0003 2.6628 2.5804 2.5848 2.9815 3.5790 4.2818 4.8707 5.3546 5.0651 4.8752 4.8611 4.8688 4.9207 4.9679 4.9561 4.8897 4.8146 4.7769 4.7765 4.7861 4.7890 4.7900 4.7969 4.8105 4.8244 4.8376 4.8495 4.8583 4.8545 4.8221 4.7390 4.5830 4.3831 4.2689 4.3499 4.6658 5.2704 6.1048 6.9311 7.5667 7.7964 8.0101 7.7153 7.1141 6.3596 5.5856 4.9068 4.4014 4.2070 3.6764 3.1482 2.5659 1.9043 1.1586 0.2859 -0.3618 -1.0525 -1.6854 -2.2987 -2.8338 -3.3775 -3.8963 -4.3983 -4.8517 -5.3526 -5.6784 -6.1010 -6.4864 -6.6245 -6.6846 -6.6905 -6.7960 -6.8921 -7.3393 -7.4660 -7.1783 -7.1886 -7.2343 -7.1361 -6.9425 -6.7878 -6.6899 -6.5849 -6.4695 -6.3862 -6.3444 -6.3473 -6.3647 -6.3607 -6.2838 -6.0506 -5.5055 -4.9813 -4.4443 -3.9833 -3.5729 -3.3748 -3.2988 -2.9463 -2.4736 -2.0613 -1.6391 -1.2231 -0.8237 -0.4258 -0.0371 0.3357 0.6728 0.9338 1.3383 1.8831 2.5366 3.1920 3.5013 3.8476 3.7944 3.5419 3.3323 3.5713 4.0414 4.7170 5.4274 5.8418 6.0615 6.5505 7.1138 7.6398 8.4452 8.3486 8.0343 7.6157 7.5190 7.4602
4.8210 5.3596 5.0574 4.5602 3.9627 3.5467 3.0622 2.6555 2.0800 1.4634 0.8964 0.3638 -0.0403 -0.4054 -0.6371 -0.9504 -1.2381 -1.5253 -1.7521 -1.7094 -1.6191 -2.0166 -2.4647 -2.8748 -3.1651 -3.3144 -3.6147 -3.9342 -4.1170 -4.0261 -3.7212 -3.4368 -3.3219 -3.2744 -3.9378 -4.3926 -4.9007 -5.1656 -5.4561 -5.6180 -5.3661 -4.7869 -4.1727 -3.6536 -2.9938 -2.3992 -1.8547 -1.2867 -0.7900 -0.1248 0.5819 1.3688 1.9076 2.3580 2.6604 2.5746 2.5593 2.8425 3.1700 2.8792 2.7040 2.7034 3.0916 3.6671 4.3131 4.8504 5.3214 4.9726 4.8021 4.8440 4.9016 5.0078 5.1094 5.1282 5.0564 4.9411 4.8383 4.7745 4.7473 4.7378 4.7384 4.7448 4.7509 4.7534 4.7502 4.7393 4.7182 4.6795 4.6088 4.4910 4.3278 4.1786 4.1586 4.4274 4.9207 5.5676 6.3984 7.1359 7.6853 7.8593 8.0716 7.5444 6.9276 6.1694 5.4324 4.8262 4.3921 4.1738 3.6921 3.2148 2.6787 2.0925 1.3586 0.4660 -0.1680 -0.8351 -1.4676 -2.0041 -2.5104 -3.0264 -3.6137 -4.1249 -4.6221 -5.2223 -5.6261 -6.0220 -6.4882 -6.6466 -6.7314 -6.7460 -6.8988 -7.1908 -7.5273 -7.6051 -7.4999 -7.5275 -7.4237 -7.2684 -7.0352 -6.8547 -6.7520 -6.6918 -6.6277 -6.5522 -6.5030 -6.4814 -6.4611 -6.4138 -6.3302 -6.1528 -5.7432 -5.1204 -4.6116 -4.1389 -3.7406 -3.6549 -3.2427 -2.7356 -2.1645 -1.5949 -1.1093 -0.6638 -0.2513 0.1112 0.4264 0.6913 0.9552 1.2934 1.7603 2.3520 3.0541 3.5424 3.8355 4.1210 4.0829 3.8265 3.6164 3.7925 4.3055 5.0110 5.7416 6.3172 6.5555 6.7933 6.9208 7.3387 7.6843 7.6773 7.3701 7.1012 6.8087 7.3260
4.6359 5.1737 4.9293 4.3822 3.7300 3.1468 2.5587 1.9385 1.2031 0.7110 0.1884 -0.1892 -0.4200 -0.7329 -1.0267 -1.2549 -1.4694 -1.6480 -1.7135 -1.6623 -1.5908 -1.8275 -2.2777 -2.6309 -2.9447 -3.1576 -3.3915 -3.6502 -3.9321 -4.1221 -3.9166 -3.4515 -3.2825 -3.3903 -3.8642 -4.3397 -4.7830 -5.2744 -5.6651 -5.9972 -5.7987 -5.4065 -4.7480 -4.1843 -3.7549 -3.2018 -2.6902 -2.2028 -1.5718 -0.9565 -0.3938 0.1632 0.7459 1.6198 2.3482 2.7824 2.7451 2.8524 3.2129 3.1044 2.8475 2.8773 3.3136 3.8402 4.4270 4.9079 5.3040 4.9114 4.7020 4.7553 4.8701 5.0570 5.2331 5.3046 5.2534 5.1230 4.9722 4.8400 4.7470 4.6964 4.6834 4.7015 4.7301 4.7563 4.7710 4.7725 4.7593 4.7217 4.6469 4.5182 4.3527 4.2276 4.3142 4.6547 5.2072 5.9482 6.6706 7.3458 7.7334 7.9283 8.0633 7.3432 6.7194 5.9862 5.2939 4.7464 4.4301 4.1448 3.7130 3.2663 2.8512 2.3128 1.5962 0.6984 0.0711 -0.5901 -1.1816 -1.7377 -2.2315 -2.7619 -3.2482 -3.8244 -4.3710 -4.9761 -5.5315 -5.8845 -6.3859 -6.7206 -6.7905 -6.8522 -7.3008 -7.6133 -7.8430 -7.9532 -7.8678 -7.8935 -7.6090 -7.2670 -7.0487 -6.8354 -6.6603 -6.5815 -6.5601 -6.5229 -6.4582 -6.3832 -6.2934 -6.1825 -6.0497 -5.8745 -5.6118 -5.0967 -4.6564 -4.2316 -4.0052 -3.6502 -3.1567 -2.5339 -1.9008 -1.2673 -0.6862 -0.2040 0.1732 0.5231 0.8079 1.0543 1.3378 1.7353 2.2538 2.9486 3.4604 3.7899 4.1367 4.3745 4.3591 4.1232 3.9278 4.1026 4.6240 5.3303 6.0120 6.5998 6.9384 6.9007 6.8313 7.1196 7.4412 7.2783 7.0079 6.5306 6.3007 6.4084
4.3864 4.7154 4.7022 4.1567 3.5186 2.8235 1.9673 1.3249 0.7523 0.2435 -0.1587 -0.4814 -0.7901 -1.0160 -1.2045 -1.3441 -1.4812 -1.5446 -1.6256 -1.6395 -1.5837 -1.6030 -1.9864 -2.3063 -2.5885 -2.8518 -3.1166 -3.3880 -3.6429 -3.9255 -3.9862 -3.6349 -3.2871 -3.5641 -3.6914 -4.1851 -4.6122 -5.1423 -5.7357 -6.1651 -6.1746 -5.8598 -5.4479 -4.8313 -4.3570 -3.9737 -3.5330 -3.0043 -2.4454 -1.8158 -1.1194 -0.4758 -0.0186 0.6461 1.6278 2.4741 2.8574 2.8966 3.1376 3.3374 3.1052 3.1723 3.5272 4.0721 4.6036 5.0530 5.3236 4.9204 4.6320 4.6557 4.7992 5.0335 5.2674 5.4078 5.4096 5.2927 5.1141 4.9420 4.8078 4.7263 4.7001 4.7177 4.7608 4.8046 4.8356 4.8474 4.8448 4.8233 4.7725 4.6887 4.5756 4.5085 4.7356 5.0080 5.5305 6.2685 6.9586 7.5855 7.7720 7.9977 7.9008 7.2836 6.5835 5.8632 5.2053 4.6928 4.4735 4.1753 3.7832 3.3917 3.0372 2.5783 1.8839 1.0606 0.2140 -0.3708 -0.9648 -1.4983 -1.9974 -2.4393 -2.9507 -3.4886 -4.0812 -4.6726 -5.2894 -5.7865 -6.2905 -6.7832 -6.9350 -7.1379 -7.5756 -7.9231 -8.2552 -8.3012 -8.2279 -7.8521 -7.4045 -6.9492 -6.7321 -6.6837 -6.5163 -6.3482 -6.2964 -6.2754 -6.1977 -6.0788 -5.9527 -5.8336 -5.7127 -5.5589 -5.3405 -5.0671 -4.7167 -4.4090 -4.0456 -3.6929 -3.1172 -2.3870 -1.6748 -1.0357 -0.4724 0.0622 0.5113 0.9101 1.1433 1.3643 1.7151 2.1985 2.8836 3.4167 3.7622 4.1468 4.4127 4.6213 4.5786 4.3892 4.2056 4.4583 4.9215 5.6159 6.2980 6.9462 7.1235 7.0854 6.8946 6.9207 7.2571 7.1058 6.7621 6.2367 5.7492 5.5389
4.1428 4.2601 4.2391 3.9670 3.3899 2.5383 1.6937 1.0623 0.4872 0.0510 -0.3284 -0.6690 -0.8724 -1.0241 -1.1441 -1.2315 -1.3379 -1.4440 -1.5537 -1.6251 -1.5945 -1.5184 -1.6333 -1.9411 -2.1963 -2.4932 -2.7722 -3.0387 -3.3271 -3.6046 -3.8812 -3.7116 -3.3398 -3.5694 -3.7169 -3.9415 -4.4397 -4.9333 -5.6230 -6.1429 -6.3561 -6.2187 -5.9161 -5.5614 -5.0788 -4.6254 -4.1951 -3.8362 -3.2464 -2.6040 -1.9021 -1.2054 -0.4850 0.1146 0.8803 1.9470 2.6782 2.9108 3.0671 3.3869 3.4981 3.5847 3.7940 4.3137 4.8047 5.2819 5.3710 4.9933 4.6454 4.5864 4.7139 4.9501 5.2089 5.4011 5.4616 5.3699 5.1949 5.0074 4.8652 4.7846 4.7708 4.8078 4.8805 4.9543 5.0128 5.0437 5.0867 5.1103 5.1152 5.0764 4.9979 4.9961 5.2691 5.5386 6.0606 6.6193 7.2677 7.7117 7.8262 8.0660 7.7963 7.2254 6.5192 5.7998 5.1641 4.6763 4.5113 4.2768 3.8732 3.5639 3.2293 2.8411 2.2101 1.3843 0.4191 -0.1622 -0.7044 -1.2475 -1.7247 -2.1876 -2.6434 -3.1729 -3.7793 -4.4180 -5.0117 -5.6353 -6.1431 -6.7364 -7.1981 -7.3922 -7.7310 -8.1150 -8.0983 -7.9855 -7.9779 -7.6699 -7.0775 -6.3910 -6.1001 -6.1776 -6.1955 -6.0810 -5.9879 -5.9779 -5.9263 -5.8185 -5.7048 -5.6007 -5.4871 -5.3351 -5.1376 -4.9173 -4.6468 -4.3408 -4.1750 -3.7611 -3.1252 -2.3316 -1.5543 -0.8770 -0.2969 0.1877 0.6268 0.9740 1.2134 1.5423 1.9641 2.5700 3.3435 3.7592 4.1997 4.5077 4.7474 4.8738 4.7632 4.5711 4.4443 4.7606 5.2546 5.9248 6.6000 6.8217 6.8090 6.8016 6.7684 6.8392 6.8990 6.8771 6.6029 5.9987 5.3627 5.0401
3.6641 3.9638 3.8714 3.9342 3.2501 2.4670 1.8624 1.2315 0.6246 0.1140 -0.2351 -0.5293 -0.7154 -0.8968 -0.9691 -1.0713 -1.1799 -1.3101 -1.4448 -1.5740 -1.5587 -1.4206 -1.3059 -1.5408 -1.8060 -2.1130 -2.3901 -2.6426 -2.9165 -3.2646 -3.6398 -3.7130 -3.4126 -3.4802 -3.7200 -3.7008 -4.1925 -4.7271 -5.3400 -5.9639 -6.3403 -6.3789 -6.2549 -6.0401 -5.7455 -5.4142 -4.9124 -4.4577 -4.0240 -3.3773 -2.6546 -1.8315 -1.0414 -0.2912 0.4045 1.4122 2.3839 2.8833 3.0139 3.3262 3.6792 3.9937 4.2323 4.6098 5.1002 5.5416 5.4044 5.1067 4.7483 4.5730 4.6411 4.8359 5.0777 5.2697 5.3413 5.2797 5.1401 4.9940 4.8862 4.8364 4.8498 4.9226 5.0378 5.1664 5.2865 5.3783 5.4585 5.5171 5.5562 5.5602 5.5353 5.6133 5.8921 6.1815 6.5636 7.0735 7.6193 7.7248 7.9061 8.1335 7.7831 7.2065 6.4986 5.7864 5.1635 4.6879 4.5531 4.3748 4.0580 3.8059 3.4949 3.0263 2.5139 1.7666 0.7848 0.1132 -0.4732 -0.9836 -1.4527 -1.8930 -2.3439 -2.8378 -3.4282 -4.0924 -4.6458 -5.3093 -5.9041 -6.5143 -7.2025 -7.6525 -7.8697 -7.6578 -7.6319 -7.5573 -7.6005 -7.3779 -6.7592 -6.0066 -5.3898 -5.4924 -5.6875 -5.8138 -5.8175 -5.8951 -5.8916 -5.7710 -5.6220 -5.4795 -5.3347 -5.1721 -4.9938 -4.8281 -4.6648 -4.4625 -4.3035 -3.8407 -3.1661 -2.3751 -1.6479 -1.0400 -0.5073 0.0127 0.3774 0.7110 1.0668 1.5522 2.1678 2.9078 3.6273 4.2034 4.6172 4.8999 5.1172 5.1535 4.9566 4.7408 4.6671 5.0121 5.5872 6.1806 6.6243 6.5067 6.4744 6.5079 6.5927 6.7182 6.4916 6.4277 6.2684 5.6648 5.0779 4.5725
3.1378 3.8282 3.6393 3.7720 3.2180 2.5707 2.0666 1.5044 0.8853 0.3380 -0.0399 -0.2978 -0.4731 -0.6918 -0.7477 -0.8559 -0.9809 -1.1126 -1.2819 -1.3627 -1.3261 -1.1757 -1.0288 -1.1811 -1.4556 -1.7598 -2.0134 -2.2342 -2.5234 -2.9174 -3.3572 -3.7033 -3.4449 -3.3967 -3.6820 -3.6695 -3.9745 -4.4838 -5.0106 -5.6947 -6.1595 -6.3635 -6.3697 -6.3086 -6.1747 -5.9397 -5.6457 -5.1569 -4.5888 -4.0537 -3.2486 -2.3484 -1.4048 -0.5887 0.1559 0.9364 1.9969 2.7117 2.9701 3.3048 3.7277 4.1927 4.6773 4.9077 5.3888 5.6594 5.3691 5.2479 4.8681 4.6293 4.6119 4.7347 4.9178 5.0723 5.1274 5.0963 5.0127 4.9342 4.8824 4.8715 4.9128 5.0101 5.1596 5.3467 5.5423 5.7208 5.8354 5.9502 6.0392 6.0991 6.1383 6.2702 6.4958 6.7195 7.0759 7.5206 7.6571 7.7917 8.0263 8.2097 7.8261 7.2445 6.5293 5.8140 5.1937 4.7180 4.5917 4.4844 4.2873 4.0815 3.7414 3.3226 2.7532 2.1572 1.2383 0.4230 -0.2078 -0.6609 -1.1171 -1.5482 -2.0028 -2.4911 -3.0377 -3.6301 -4.3188 -4.8782 -5.5117 -6.1947 -6.8110 -7.4657 -7.8400 -7.5116 -7.0178 -6.9429 -6.9026 -6.6894 -6.4381 -5.7405 -5.0987 -4.9596 -5.2735 -5.5118 -5.6301 -5.7986 -5.9083 -5.7913 -5.5887 -5.3885 -5.2128 -5.0492 -4.8945 -4.7855 -4.7214 -4.6042 -4.3985 -3.9062 -3.2304 -2.4972 -1.8532 -1.2744 -0.7375 -0.3192 0.0002 0.3187 0.7498 1.4225 2.2124 3.1919 3.8507 4.4969 4.9671 5.2981 5.5286 5.4503 5.1912 4.9512 4.8744 5.2747 5.7885 6.4105 6.4784 6.4083 6.3898 6.3874 6.4305 6.4162 6.0449 5.9294 5.7357 5.3738 4.7680 4.2969
3.3086 3.8166 3.6076 3.5362 3.2821 2.7220 2.2606 1.8800 1.3018 0.6924 0.2192 -0.0955 -0.2412 -0.4268 -0.4877 -0.6285 -0.7618 -0.9071 -1.0031 -1.0240 -0.9605 -0.8132 -0.7033 -0.8631 -1.1704 -1.4242 -1.6544 -1.8840 -2.1862 -2.5991 -3.1036 -3.5742 -3.4433 -3.3499 -3.6016 -3.6510 -3.6650 -4.2709 -4.7671 -5.3627 -5.9330 -6.2592 -6.3504 -6.3559 -6.3277 -6.2592 -6.0698 -5.6793 -5.0846 -4.3409 -3.6123 -2.7039 -1.8458 -0.8737 -0.1361 0.5540 1.7293 2.5310 2.9445 3.3075 3.7676 4.3311 4.8655 5.2704 5.6703 5.6442 5.2553 5.2582 5.0387 4.7602 4.6567 4.6952 4.8050 4.9109 4.9591 4.9584 4.9305 4.9040 4.8927 4.9025 4.9447 5.0341 5.1921 5.4259 5.6985 5.9599 6.1931 6.3496 6.4784 6.5982 6.6915 6.8304 6.9856 7.2059 7.4756 7.5985 7.7441 7.9628 8.1987 8.3143 7.9249 7.3362 6.6061 5.8755 5.2471 4.7670 4.6213 4.6069 4.4746 4.3121 3.9973 3.5303 3.0251 2.5155 1.8286 0.9357 0.1554 -0.3332 -0.6771 -1.1169 -1.5873 -2.0784 -2.5768 -3.1438 -3.7216 -4.3664 -4.9003 -5.5620 -6.2201 -6.9443 -7.4626 -7.1336 -6.6713 -6.4560 -6.2485 -6.0409 -5.9777 -5.6284 -5.1402 -4.7618 -4.8925 -5.2486 -5.3589 -5.4203 -5.5560 -5.6222 -5.5184 -5.3266 -5.1466 -4.9792 -4.8266 -4.7473 -4.7858 -4.7712 -4.4674 -3.9543 -3.3050 -2.6679 -2.0959 -1.5783 -1.1494 -0.7788 -0.4213 -0.0981 0.3877 1.2272 2.1507 3.3453 4.0638 4.6946 5.2004 5.5890 5.7820 5.7254 5.4492 5.1901 5.0931 5.4543 5.9164 6.4462 6.4529 6.4037 6.3187 6.2895 6.3657 6.1017 5.6522 5.3871 5.1553 4.8623 4.4926 4.0631
3.0147 3.3994 3.7461 3.4570 3.3213 2.8613 2.4385 2.1819 1.7614 1.1689 0.5485 0.0791 -0.0821 -0.0959 -0.2241 -0.3923 -0.5570 -0.6606 -0.7016 -0.6664 -0.5883 -0.4485 -0.4062 -0.5653 -0.8686 -1.1103 -1.3437 -1.6156 -1.9237 -2.3853 -2.9140 -3.3730 -3.4337 -3.3106 -3.4945 -3.6150 -3.6266 -4.0203 -4.5715 -5.0983 -5.6996 -6.1050 -6.3125 -6.3643 -6.3510 -6.2930 -6.1655 -5.9127 -5.4432 -4.7161 -3.9984 -3.1529 -2.1111 -1.1903 -0.3454 0.3529 1.4176 2.3304 2.9026 3.3216 3.8106 4.3946 4.9855 5.4636 5.7026 5.5789 5.1379 5.1681 5.1615 4.9133 4.7783 4.7553 4.7957 4.8565 4.8969 4.9072 4.9036 4.8935 4.8833 4.8813 4.9004 4.9674 5.1256 5.3902 5.7141 6.0457 6.3594 6.6361 6.8621 7.0187 7.1346 7.2558 7.3935 7.5331 7.6609 7.8160 8.0127 8.2377 8.4158 8.4611 8.0876 7.4933 6.7365 5.9793 5.3327 4.8397 4.6447 4.6806 4.5921 4.3882 4.1351 3.7317 3.2541 2.7319 2.2743 1.5184 0.8616 0.2312 -0.1907 -0.5649 -1.0340 -1.5560 -2.0517 -2.5006 -3.0379 -3.5853 -4.1621 -4.6351 -5.1500 -5.5993 -6.0695 -6.0291 -6.4620 -6.6731 -6.3091 -5.7504 -5.4465 -5.3445 -5.0209 -4.7681 -4.7156 -4.8827 -5.0520 -5.0151 -5.0635 -5.1547 -5.3075 -5.3107 -5.1811 -5.0015 -4.8041 -4.6795 -4.7410 -4.8785 -4.5861 -4.0735 -3.4795 -2.8927 -2.3824 -1.9992 -1.6228 -1.2474 -0.9127 -0.4699 0.0134 0.9367 1.9929 3.2673 3.9979 4.6257 5.1384 5.5626 5.8956 5.9293 5.7347 5.4904 5.3503 5.6213 6.0225 6.4285 6.4742 6.3524 6.1420 6.2323 6.4106 5.9324 5.4253 4.9473 4.6148 4.3225 4.0731 3.8852
2.5339 3.0469 3.8433 3.5777 3.2703 3.0203 2.6175 2.3357 2.1314 1.6540 0.9614 0.3568 0.0670 0.1453 0.0616 -0.1236 -0.3063 -0.3881 -0.3762 -0.3052 -0.1769 -0.1397 -0.2091 -0.3620 -0.5700 -0.8289 -1.1144 -1.4617 -1.8175 -2.2197 -2.7022 -3.1727 -3.3949 -3.2287 -3.4288 -3.5521 -3.6011 -3.8556 -4.3565 -4.8835 -5.5006 -5.9919 -6.3304 -6.4561 -6.4632 -6.3854 -6.2050 -5.9304 -5.5942 -4.9799 -4.3420 -3.4816 -2.4867 -1.4477 -0.5293 0.1941 1.1736 2.1164 2.8287 3.3006 3.8278 4.4243 5.0230 5.5706 5.7274 5.5045 5.0756 5.0404 5.1976 5.0516 4.9064 4.8751 4.8881 4.8950 4.8737 4.8220 4.7474 4.6792 4.6360 4.6299 4.6690 4.7780 4.9708 5.2553 5.5955 5.9582 6.3255 6.7052 7.0047 7.2500 7.4471 7.6025 7.7304 7.8484 7.9739 8.1204 8.2902 8.4667 8.5975 8.6224 8.2835 7.6848 6.9153 6.1304 5.4582 4.9491 4.6742 4.6933 4.5685 4.2899 4.0523 3.8395 3.4235 2.9811 2.6162 2.1581 1.6642 1.1761 0.6231 0.1044 -0.4100 -0.9004 -1.2848 -1.7424 -2.1265 -2.6936 -3.0725 -3.5336 -4.0131 -4.4475 -4.9287 -5.0487 -5.3567 -5.8587 -6.2263 -6.1078 -5.6337 -5.2140 -4.8881 -4.5330 -4.4596 -4.5847 -4.7073 -4.7134 -4.6355 -4.7576 -4.9025 -5.0890 -5.2254 -5.1277 -4.8941 -4.6472 -4.5811 -4.7580 -4.7429 -4.2708 -3.7300 -3.1440 -2.7557 -2.4294 -2.0870 -1.7563 -1.3582 -0.8927 -0.3548 0.5045 1.7516 3.0269 3.7692 4.4454 4.9604 5.4174 5.8929 6.0397 5.9487 5.7644 5.6249 5.7521 6.1007 6.4406 6.4741 6.1978 5.9325 6.2406 6.5152 5.7564 5.2356 4.7257 4.2674 3.8580 3.6629 3.7243
2.0733 2.9569 3.4411 3.6612 3.3384 3.0480 2.7937 2.4802 2.3357 2.0598 1.3865 0.6744 0.2569 0.4106 0.3713 0.1849 0.0137 -0.0752 -0.0462 0.0193 0.0393 0.0087 -0.0673 -0.1741 -0.3470 -0.6550 -1.0411 -1.4497 -1.8384 -2.1913 -2.5890 -3.0052 -3.2711 -3.1215 -3.4551 -3.5191 -3.5730 -3.8835 -4.2672 -4.7216 -5.4206 -5.9866 -6.4000 -6.6118 -6.6688 -6.6128 -6.4415 -6.1476 -5.7814 -5.2807 -4.4928 -3.7113 -2.7469 -1.7600 -0.7194 0.1121 0.7986 1.8420 2.6691 3.2090 3.7994 4.4316 4.9972 5.6348 5.6845 5.4227 5.0369 4.9311 5.1313 5.1466 5.0026 4.9076 4.8398 4.7362 4.6003 4.4588 4.3434 4.2693 4.2383 4.2616 4.3553 4.5413 4.7940 5.1035 5.4471 5.8079 6.1965 6.5790 6.9476 7.2132 7.4372 7.6203 7.7551 7.8451 7.9100 7.9800 8.0870 8.2230 8.4738 8.6583 8.5382 7.9289 7.1538 6.3361 5.6271 5.0903 4.7068 4.6137 4.3306 4.0307 3.8698 3.7736 3.5316 3.2051 2.9149 2.6764 2.4393 2.1927 1.8755 1.4278 0.9280 0.2204 -0.3765 -0.7721 -1.2022 -1.6357 -1.9436 -2.3381 -2.7096 -3.0386 -3.4572 -3.8082 -4.4372 -4.8939 -5.3018 -5.6681 -5.7643 -5.3999 -4.9467 -4.5965 -4.1610 -4.1836 -4.4113 -4.4893 -4.4777 -4.4568 -4.4919 -4.6872 -4.9277 -5.1449 -5.0764 -4.7702 -4.4770 -4.4444 -4.6272 -4.4645 -3.9698 -3.4755 -3.1387 -2.8356 -2.5532 -2.2292 -1.8409 -1.3383 -0.7066 0.0648 1.4488 2.7850 3.4982 4.1876 4.7511 5.2131 5.6913 6.0583 6.0822 5.9862 5.8769 5.8862 6.1268 6.4538 6.4042 5.9330 5.7599 6.1660 6.5692 5.6488 5.0925 4.5540 4.0727 3.6430 3.2775 3.3618
2.0348 2.7758 3.2981 3.4043 3.4297 3.1499 2.8660 2.6302 2.4179 2.2913 1.7454 1.0095 0.5677 0.7091 0.7313 0.5171 0.3561 0.2467 0.2222 0.1961 0.1603 0.1218 0.0788 -0.0142 -0.2194 -0.6629 -1.0966 -1.5616 -1.9850 -2.3128 -2.5540 -2.9880 -3.1026 -3.2987 -3.7168 -3.6691 -3.6851 -4.1175 -4.3695 -4.7829 -5.3221 -5.9833 -6.4529 -6.7262 -6.8185 -6.8056 -6.6999 -6.4433 -6.0829 -5.5969 -4.8399 -4.0341 -3.1576 -2.0300 -1.0186 -0.1457 0.5838 1.5619 2.4703 3.1473 3.7998 4.4702 5.0407 5.5554 5.5288 5.3048 4.9748 4.8549 5.0132 5.1496 5.0942 4.9479 4.7699 4.5760 4.4022 4.2770 4.1943 4.1413 4.1146 4.1343 4.2270 4.4262 4.7023 4.9691 5.2809 5.6465 6.0769 6.4825 6.8735 7.1506 7.3250 7.4753 7.5751 7.6362 7.6799 7.7187 7.7701 7.8664 8.0764 8.4208 8.6374 8.0904 7.4067 6.6105 5.8887 5.2271 4.7719 4.4133 4.0718 3.8157 3.7908 3.7786 3.5675 3.2951 3.0998 3.0240 2.9960 2.9545 2.8515 2.6418 2.3272 1.8253 1.2529 0.3385 -0.2498 -0.5467 -0.9138 -1.2337 -1.4832 -1.7161 -2.0800 -2.5342 -3.0634 -3.8858 -4.5435 -4.9586 -5.3110 -5.5747 -5.1839 -4.7850 -4.4476 -3.9563 -3.8732 -4.1350 -4.3468 -4.4049 -4.4264 -4.4649 -4.5399 -4.7829 -5.0505 -4.9946 -4.6307 -4.2637 -4.1902 -4.3544 -4.1853 -3.8309 -3.5269 -3.2624 -2.9949 -2.7069 -2.3213 -1.8107 -1.1409 -0.4149 0.9559 2.4151 3.2437 3.9322 4.4865 4.9929 5.4678 5.9575 6.1438 6.1468 6.0967 6.0304 6.1374 6.4347 6.0772 5.6144 5.5869 6.0407 6.5478 5.6394 5.0935 4.5814 4.1388 3.7096 3.3021 3.1200
2.1192 2.7649 3.1867 3.2688 3.2382 3.2849 3.0796 2.7719 2.5206 2.3515 2.0167 1.4249 1.0076 0.9789 1.0782 0.9130 0.7149 0.5439 0.4213 0.3342 0.2840 0.2593 0.2187 0.0909 -0.2621 -0.7004 -1.1987 -1.6904 -2.1138 -2.3328 -2.5269 -2.9677 -3.2402 -3.6938 -4.0178 -4.0807 -4.1146 -4.4407 -4.6603 -4.7942 -5.3192 -5.9217 -6.4042 -6.7308 -6.8522 -6.8616 -6.8341 -6.7247 -6.3931 -5.9011 -5.1215 -4.3829 -3.4355 -2.4951 -1.3798 -0.3627 0.3837 1.3295 2.3045 3.1541 3.8667 4.5540 5.1001 5.3558 5.2705 5.1137 4.9027 4.7964 4.8870 5.0361 5.0945 5.0186 4.8504 4.6394 4.4493 4.3165 4.2399 4.1994 4.1867 4.2205 4.3320 4.5136 4.7675 5.0511 5.4211 5.8327 6.2500 6.6810 7.0791 7.4019 7.6628 7.8354 7.9372 8.0018 8.0462 8.0795 8.1525 8.1227 8.0483 8.2130 8.4091 8.1341 7.5526 6.8795 6.1364 5.4374 4.8419 4.3187 3.9381 3.7864 3.8782 3.7747 3.4879 3.2635 3.2022 3.2470 3.3285 3.4175 3.3598 3.2956 3.1687 2.8233 2.3762 1.6974 1.0442 0.4090 -0.0000 -0.3245 -0.5228 -0.7676 -1.0557 -1.4005 -2.1759 -3.0790 -3.7455 -4.3616 -4.9657 -5.5134 -5.5562 -5.1070 -4.7894 -4.4567 -4.1003 -3.7658 -3.8652 -4.1877 -4.4371 -4.4999 -4.5180 -4.5146 -4.6752 -4.9531 -4.8844 -4.5028 -4.0678 -3.9319 -4.1210 -4.1897 -3.9958 -3.7551 -3.4833 -3.1657 -2.8222 -2.3193 -1.6475 -0.9109 0.3378 1.9803 2.9483 3.6402 4.1979 4.7293 5.2271 5.7121 6.1363 6.2442 6.2793 6.1719 6.1542 6.3702 5.8370 5.4272 5.3763 5.8149 6.4488 5.7541 5.2128 4.7275 4.3223 3.8858 3.5530 3.2237
2.1809 2.7927 3.1240 3.2185 3.2306 3.1577 3.1810 3.1147 2.8414 2.6233 2.4109 2.0490 1.5754 1.3091 1.3662 1.3045 1.0981 0.8633 0.6536 0.5054 0.4440 0.4105 0.3393 0.1674 -0.2673 -0.7293 -1.2430 -1.7105 -2.0847 -2.0810 -2.5589 -3.0234 -3.5873 -4.0716 -4.4011 -4.4674 -4.5861 -4.7835 -5.0190 -5.0195 -5.2928 -5.7901 -6.2502 -6.6119 -6.8019 -6.8541 -6.8411 -6.8160 -6.6480 -6.2082 -5.4635 -4.6518 -3.8815 -2.7847 -1.7589 -0.7518 0.1626 1.2459 2.4374 3.2096 3.9896 4.6039 5.0852 5.0552 4.9714 4.8960 4.7939 4.7308 4.7798 4.8767 4.9416 4.9107 4.7767 4.5915 4.4404 4.3665 4.3514 4.3517 4.3510 4.3974 4.5363 4.7198 4.9726 5.2910 5.6481 6.0627 6.4941 6.9006 7.2943 7.6488 7.9619 8.1779 8.3319 8.4358 8.5138 8.5853 8.5519 8.5096 8.4139 8.3180 8.2902 8.1461 7.7222 7.1432 6.4630 5.7770 5.0917 4.5659 4.1492 4.0028 3.9583 3.6425 3.2945 3.0382 3.0229 3.2104 3.4657 3.6244 3.6698 3.6720 3.6260 3.3104 2.9867 2.5543 1.9111 1.4619 1.1432 0.7813 0.1866 -0.1190 -0.3279 -0.7164 -1.5724 -2.5005 -3.2852 -4.0096 -4.6385 -5.3040 -5.7626 -5.5647 -5.1217 -4.7746 -4.5581 -4.2278 -3.8645 -3.8351 -4.0979 -4.4382 -4.5594 -4.5384 -4.4743 -4.5504 -4.8164 -4.7962 -4.4631 -4.1757 -3.9218 -4.1286 -4.4246 -4.2346 -3.9921 -3.7281 -3.3043 -2.8533 -2.1973 -1.3039 -0.3297 1.4751 2.6426 3.2728 3.8829 4.4320 4.9708 5.4425 5.9419 6.2720 6.4029 6.3121 6.1957 6.2909 5.5988 5.1710 5.0597 5.4660 6.0245 5.9055 5.4048 4.9141 4.5016 4.1996 3.8359 3.5655
2.0891 2.6522 3.0414 3.2177 3.2468 3.2228 3.1306 3.1146 3.2274 3.0803 2.8518 2.6298 2.2796 1.8824 1.7274 1.7165 1.5147 1.2390 0.9688 0.7522 0.6373 0.5696 0.4513 0.2104 -0.2467 -0.7283 -1.2373 -1.6864 -1.8770 -2.1069 -2.5865 -3.1658 -3.7807 -4.4506 -4.8113 -4.9281 -5.0417 -5.2446 -5.4154 -5.3344 -5.3163 -5.6712 -6.0839 -6.4308 -6.6770 -6.8000 -6.8383 -6.8240 -6.7922 -6.4900 -5.8680 -4.9880 -4.1571 -3.2450 -2.1335 -1.0815 -0.1752 1.1365 2.5326 3.3341 4.0781 4.6617 4.8265 4.7597 4.7046 4.6778 4.6503 4.6301 4.6708 4.7161 4.7362 4.6900 4.5805 4.4724 4.4308 4.4596 4.5319 4.5737 4.5654 4.6081 4.7728 4.9593 5.2301 5.5587 5.9557 6.3623 6.7528 7.1230 7.4587 7.7752 8.0630 8.2797 8.4231 8.5266 8.6224 8.7326 8.8609 8.9375 8.7799 8.6244 8.6407 8.4463 8.1175 7.6634 6.8969 6.1031 5.4147 4.8773 4.5102 4.2015 3.9169 3.5121 3.1553 2.8866 2.8477 3.0269 3.3429 3.6376 3.7778 3.7781 3.7434 3.6787 3.3371 3.0118 2.4894 1.9948 1.6144 1.2265 0.8079 0.3499 0.1590 -0.3352 -1.1900 -2.1630 -2.9401 -3.7128 -4.4166 -5.0389 -5.6946 -5.8113 -5.4931 -5.1614 -4.8498 -4.6340 -4.3566 -4.0785 -4.0095 -4.1526 -4.4385 -4.5649 -4.4946 -4.3905 -4.4199 -4.6418 -4.7416 -4.5718 -4.4511 -4.3140 -4.3603 -4.6303 -4.4758 -4.2299 -3.8731 -3.3304 -2.7309 -1.8972 -0.9072 0.7380 2.1721 2.8993 3.5850 4.1233 4.6578 5.2056 5.6978 6.1613 6.4261 6.4224 6.2643 6.0741 5.5214 4.9601 4.6974 5.1633 5.5627 6.0784 5.5901 5.1084 4.8012 4.4848 4.2244 4.0694
1.6611 2.2002 2.6856 2.9782 3.2218 3.3025 3.2488 3.1533 3.1785 3.4716 3.3780 3.0692 2.8805 2.5626 2.2283 2.1388 1.9619 1.6723 1.3590 1.0878 0.8840 0.7155 0.5081 0.1608 -0.2561 -0.7392 -1.2340 -1.6581 -1.7112 -2.0764 -2.5567 -3.2001 -4.0594 -4.8015 -5.2649 -5.4353 -5.6501 -5.7319 -5.7295 -5.5984 -5.4220 -5.5411 -5.9018 -6.2317 -6.4893 -6.6663 -6.7743 -6.8182 -6.8017 -6.6830 -6.2117 -5.3257 -4.5223 -3.6325 -2.6327 -1.4562 -0.5854 0.8011 2.3420 3.2886 3.9280 4.4697 4.5993 4.5513 4.4984 4.4800 4.4824 4.4854 4.5277 4.5443 4.5328 4.4856 4.4326 4.4253 4.4872 4.6161 4.7563 4.8174 4.7878 4.8275 5.0089 5.2078 5.4954 5.8480 6.2417 6.6225 6.9822 7.3098 7.6214 7.8173 7.7111 7.6939 7.7272 7.8268 7.9800 8.1759 8.4198 8.7142 9.0986 9.0127 9.1965 9.1773 8.7729 8.0307 7.2554 6.5488 5.8766 5.2881 4.8026 4.3795 3.9754 3.5819 3.2109 2.9077 2.8135 2.9166 3.1699 3.4807 3.7293 3.8510 3.8569 3.7969 3.6474 3.2628 2.7231 2.1121 1.5744 1.1921 0.9966 0.7353 0.3898 -0.1241 -0.8937 -1.7507 -2.6689 -3.5022 -4.2332 -4.8509 -5.5675 -5.8893 -5.7193 -5.4812 -5.2441 -4.9258 -4.6627 -4.4321 -4.3182 -4.2442 -4.2523 -4.4368 -4.5282 -4.4099 -4.3042 -4.3050 -4.4646 -4.7142 -4.8752 -4.8234 -4.7379 -4.6073 -4.6577 -4.6304 -4.2810 -3.8235 -3.1515 -2.2976 -1.4029 -0.1321 1.6058 2.6233 3.2170 3.8016 4.3444 4.9053 5.4454 5.9147 6.3233 6.4138 6.3014 5.9627 5.3853 4.7518 4.3666 4.7039 5.0144 5.5469 5.9405 5.4635 5.0673 4.8170 4.5569 4.4728
1.4085 1.8365 2.2061 2.6180 2.9569 3.2028 3.3917 3.3986 3.3193 3.5552 3.7550 3.5425 3.3171 3.1409 2.7812 2.5716 2.3952 2.1330 1.8104 1.5044 1.2169 0.9217 0.5698 0.2021 -0.2341 -0.6686 -1.1037 -1.4155 -1.4942 -1.8481 -2.4427 -3.2761 -4.2903 -5.1694 -5.7439 -6.0295 -6.2163 -6.0637 -5.8730 -5.7793 -5.5286 -5.4696 -5.6960 -6.0072 -6.2565 -6.4536 -6.6146 -6.7358 -6.7883 -6.7459 -6.4110 -5.6334 -4.7741 -4.0068 -2.9722 -1.9792 -0.8706 0.1921 1.9935 3.1011 3.7492 4.2278 4.4850 4.4372 4.3631 4.3377 4.3425 4.3571 4.3842 4.3974 4.3961 4.3958 4.4203 4.5012 4.6426 4.8270 5.0049 5.0716 5.0253 5.0705 5.2389 5.4551 5.7595 6.1183 6.4890 6.8419 7.1945 7.4418 7.4195 7.2252 7.2081 7.1467 7.1773 7.3295 7.5214 7.7299 8.0059 8.3624 8.8902 9.4334 9.7592 9.8587 9.1877 8.2924 7.6062 6.9385 6.2730 5.6342 5.0913 4.6138 4.1725 3.7723 3.4107 3.1166 2.9857 3.0087 3.1450 3.3456 3.5605 3.7265 3.7994 3.7748 3.6346 3.2838 2.7726 2.1491 1.5732 1.1845 1.1184 0.9417 0.4683 0.0017 -0.6578 -1.5603 -2.5557 -3.4464 -4.1815 -4.7860 -5.5039 -5.8851 -5.8018 -5.6304 -5.4510 -5.2147 -4.9298 -4.7113 -4.6040 -4.5465 -4.3670 -4.2675 -4.4008 -4.4620 -4.3369 -4.2562 -4.2631 -4.3482 -4.5703 -4.8826 -5.1404 -5.1126 -4.8709 -4.6455 -4.5953 -4.1584 -3.5291 -2.7366 -1.8625 -0.8234 0.8142 2.1622 2.8276 3.4908 4.0406 4.5814 5.1479 5.6020 6.0054 6.2015 6.1650 5.8538 5.2816 4.6201 4.1181 4.2876 4.6763 5.0771 5.5960 5.8822 5.4544 5.1206 4.8571 4.5783
1.8703 1.9735 1.9759 2.2323 2.6199 3.0022 3.2428 3.5793 3.6961 3.8030 3.9973 3.8577 3.8058 3.4740 3.2091 2.9595 2.7758 2.5731 2.3023 1.9690 1.6413 1.2747 0.8208 0.3916 -0.0403 -0.4520 -0.7960 -0.9896 -1.2063 -1.6570 -2.3807 -3.4379 -4.5989 -5.5256 -6.2087 -6.4555 -6.4624 -6.1823 -5.9301 -5.8876 -5.6467 -5.4424 -5.5130 -5.7598 -5.9985 -6.2028 -6.3902 -6.5719 -6.7084 -6.7439 -6.5332 -5.9617 -5.0165 -4.3045 -3.4566 -2.2656 -1.2047 -0.1192 1.6436 2.8591 3.5291 4.0529 4.4625 4.4046 4.3207 4.2965 4.3076 4.3425 4.3957 4.4427 4.4849 4.5370 4.6074 4.7170 4.8753 5.0725 5.2712 5.3556 5.3236 5.3662 5.4728 5.7045 6.0129 6.3648 6.7014 7.0655 7.3055 7.2232 6.9621 6.7951 6.6621 6.5349 6.5726 6.7903 6.9975 7.2871 7.6878 8.1546 8.6840 9.3639 9.6790 10.2282 9.5168 8.5119 7.8538 7.2133 6.5444 5.9899 5.4194 4.8313 4.3800 3.9676 3.5977 3.2931 3.1330 3.1327 3.2431 3.3945 3.5232 3.6079 3.6472 3.6292 3.5152 3.2344 2.7853 2.2283 1.6943 1.3300 1.2618 0.9852 0.4986 0.0621 -0.5435 -1.4449 -2.4978 -3.4365 -4.1924 -4.8416 -5.4751 -5.8959 -5.8330 -5.6779 -5.5116 -5.3004 -5.1028 -4.9467 -4.8387 -4.7762 -4.6176 -4.3065 -4.2026 -4.3353 -4.3954 -4.3270 -4.2921 -4.3335 -4.4244 -4.5785 -4.8532 -5.2165 -5.2859 -4.9290 -4.5557 -4.3415 -3.8109 -3.1194 -2.1526 -1.2052 -0.0260 1.6396 2.5813 3.1857 3.7368 4.2656 4.7960 5.2944 5.6488 5.8864 5.8591 5.8178 5.2958 4.7668 4.3119 3.9708 4.3214 4.7878 5.2553 5.8693 5.8603 5.4644 5.1677 4.8192
2.4328 2.3779 2.1852 2.1195 2.3851 2.7958 3.1770 3.4153 3.8674 4.0518 4.2422 4.1320 4.1475 3.9037 3.5735 3.3352 3.1539 2.9840 2.7635 2.4825 2.1312 1.7453 1.3703 0.9467 0.3289 -0.0351 -0.3181 -0.5261 -0.7649 -1.4130 -2.3079 -3.5393 -4.8540 -5.8997 -6.5601 -6.5634 -6.5074 -6.2695 -5.9823 -5.9448 -5.7917 -5.4930 -5.3963 -5.5189 -5.7270 -5.9373 -6.1456 -6.3630 -6.5681 -6.6899 -6.5807 -6.0829 -5.1961 -4.5073 -3.7110 -2.6468 -1.3593 -0.1408 1.5637 2.6343 3.4693 3.9712 4.5018 4.4554 4.3806 4.4082 4.5438 4.6801 4.7726 4.8271 4.8594 4.9021 4.9554 5.0236 5.1486 5.3258 5.5285 5.6678 5.6684 5.7068 5.7704 5.9828 6.2488 6.5755 6.9296 7.1952 7.1354 6.8684 6.5731 6.3437 6.1689 5.9823 6.0722 6.2659 6.5599 6.9858 7.4513 7.8726 8.1285 8.4605 8.7755 9.4400 9.1416 8.2374 7.6803 7.1946 6.8036 6.2662 5.6632 5.0470 4.4307 3.8480 3.3970 3.0874 2.9293 2.9366 3.0620 3.2563 3.4790 3.5685 3.5538 3.4767 3.3452 3.1031 2.7108 2.2420 1.7782 1.4512 1.3054 0.9331 0.4748 0.1015 -0.4699 -1.3809 -2.4715 -3.4450 -4.2157 -4.8396 -5.5755 -5.9129 -5.7944 -5.6009 -5.4142 -5.2646 -5.1648 -5.0941 -5.0107 -4.9266 -4.7945 -4.4597 -4.1384 -4.1154 -4.2602 -4.3539 -4.3835 -4.4088 -4.4811 -4.6021 -4.7072 -4.8725 -5.1426 -5.1429 -4.7161 -4.2246 -3.6947 -3.1094 -2.4495 -1.6016 -0.6888 0.9277 2.1987 2.8731 3.4603 3.9604 4.4489 4.9183 5.2512 5.5516 5.5798 5.5691 5.5746 4.9920 4.5800 4.3485 4.1364 4.5486 5.0257 5.5148 6.0209 5.8000 5.4224 5.1463
2.8599 2.7961 2.4959 2.2785 2.3530 2.7328 3.1754 3.4555 3.7781 4.0823 4.3163 4.4045 4.3711 4.2939 3.9488 3.7207 3.5415 3.3925 3.2230 2.9950 2.6199 2.2870 1.9822 1.5475 0.8283 0.3535 0.1346 0.0023 -0.4067 -1.1497 -2.1530 -3.4339 -4.6457 -6.1825 -6.7430 -6.6401 -6.5779 -6.4422 -6.1194 -5.9829 -5.9342 -5.6496 -5.3988 -5.3694 -5.4934 -5.6875 -5.9125 -6.1587 -6.4129 -6.6108 -6.5907 -6.1401 -5.3027 -4.6227 -3.8323 -2.7689 -1.4064 -0.1131 1.6017 2.5042 3.4062 3.9210 4.5749 4.5962 4.5856 4.7542 4.9186 5.0815 5.1977 5.2552 5.2473 5.2758 5.3074 5.3485 5.4206 5.5600 5.7469 5.9220 6.0261 6.0701 6.1050 6.2687 6.5259 6.8646 7.0872 7.0756 6.8777 6.5386 6.2255 5.9304 5.7360 5.5494 5.6588 5.9458 6.3487 6.7844 7.1939 7.4616 7.6976 7.9686 8.2044 8.7587 8.8155 8.0742 7.5423 7.0379 6.5758 6.0650 5.4631 4.8520 4.1880 3.6247 3.1375 2.8007 2.5602 2.5018 2.6511 2.8334 3.0958 3.3054 3.4052 3.3211 3.1471 2.8807 2.5517 2.1399 1.7607 1.4784 1.2266 0.8055 0.4317 0.1313 -0.4938 -1.4274 -2.5189 -3.4961 -4.2788 -4.9130 -5.6438 -5.8798 -5.6785 -5.4489 -5.2742 -5.1833 -5.1664 -5.1499 -5.0896 -5.0028 -4.8672 -4.5597 -4.1671 -3.9783 -4.0352 -4.2003 -4.3537 -4.4481 -4.5005 -4.5789 -4.6834 -4.7076 -4.7833 -5.0209 -4.7794 -4.2280 -3.5629 -2.9462 -2.3759 -1.7289 -0.8851 0.1293 1.6808 2.6052 3.1790 3.6738 4.1335 4.5408 4.8878 5.1750 5.4393 5.4497 5.5092 5.4544 5.0896 4.8370 4.6254 4.4232 4.8128 5.3057 5.8076 6.1592 5.7919 5.4740
3.1359 3.1088 2.7876 2.4777 2.4438 2.8036 3.2728 3.6813 3.9136 3.9931 4.1731 4.5393 4.5885 4.5172 4.3705 4.1146 3.9318 3.7952 3.6004 3.4239 3.1260 2.8390 2.5141 1.9736 1.2919 0.7354 0.5395 0.4510 -0.1744 -0.9481 -1.9649 -3.2300 -4.4498 -6.1326 -6.8390 -6.7508 -6.6931 -6.7003 -6.4348 -6.1072 -6.0227 -5.8718 -5.5585 -5.3693 -5.3726 -5.5086 -5.7318 -6.0053 -6.2995 -6.5513 -6.5778 -6.1452 -5.3488 -4.6295 -3.8855 -2.8155 -1.4300 -0.1218 1.6020 2.4749 3.3045 3.8954 4.4251 4.7856 4.9045 5.0884 5.3124 5.4989 5.6152 5.6702 5.7459 5.7146 5.6673 5.6342 5.6511 5.7385 5.8861 6.0428 6.1630 6.2132 6.2944 6.5466 6.8218 6.9920 7.0156 6.9373 6.5534 6.2019 5.8827 5.5787 5.4073 5.4354 5.5686 5.8588 6.2527 6.6802 7.0875 7.3788 7.4217 7.5656 7.8999 8.3008 9.0188 8.3960 7.6911 7.1062 6.4734 5.8881 5.2752 4.6138 3.9965 3.3763 2.9037 2.5113 2.2540 2.1764 2.2189 2.3915 2.5953 2.8029 2.9512 2.9571 2.8096 2.5562 2.2639 1.9370 1.6229 1.3780 1.0604 0.6687 0.3532 0.0395 -0.6652 -1.5782 -2.6373 -3.5842 -4.3583 -4.9918 -5.6908 -5.7768 -5.5269 -5.2801 -5.1275 -5.0909 -5.1115 -5.1186 -5.0815 -5.0013 -4.8535 -4.5678 -4.1954 -3.9280 -3.8682 -3.9847 -4.1817 -4.3692 -4.4725 -4.5144 -4.5736 -4.5874 -4.5372 -4.6791 -4.7892 -4.2613 -3.5467 -2.8259 -2.2423 -1.7103 -1.0944 -0.4027 0.9805 2.3031 2.9150 3.4288 3.8449 4.2122 4.5351 4.7967 5.1159 5.4569 5.5483 5.7136 5.6394 5.4503 5.1858 4.9639 4.7853 5.1411 5.5675 6.0210 6.2979 6.0599
3.2799 3.2691 2.9846 2.6393 2.5225 2.8472 3.3916 3.8440 4.2556 4.1526 4.1926 4.6009 4.7929 4.6459 4.5237 4.4535 4.3735 4.2421 4.0101 3.7268 3.4294 3.1910 2.7895 2.1801 1.4822 0.9650 0.9346 0.7065 0.0761 -0.7700 -1.7817 -2.9991 -4.3199 -5.9131 -6.8540 -6.8740 -6.8165 -6.9625 -6.8692 -6.5172 -6.2098 -6.0533 -5.8265 -5.5389 -5.4048 -5.4502 -5.6414 -5.9367 -6.2635 -6.5422 -6.5607 -6.1339 -5.4092 -4.5451 -3.8740 -2.8330 -1.4616 -0.1923 1.4398 2.3737 3.0517 3.6965 4.1439 4.6133 5.0133 5.4335 5.7583 5.9050 5.9680 5.9737 5.9332 5.8541 5.7504 5.6491 5.5869 5.5195 5.6166 5.8049 6.0680 6.1332 6.2785 6.6356 6.9177 7.0065 6.9587 6.5630 6.1689 5.8880 5.5549 5.3813 5.3984 5.4753 5.6350 5.9846 6.3980 6.8139 7.2880 7.3866 7.2964 7.3293 7.6956 8.1079 8.7917 8.5736 7.8179 7.2213 6.5576 5.8015 5.0462 4.3604 3.7362 3.1903 2.7003 2.2637 2.0916 2.0443 2.0283 2.0351 2.1279 2.2807 2.4091 2.4441 2.3248 2.1290 1.8867 1.6326 1.3889 1.1279 0.8128 0.5014 0.2909 -0.1934 -0.8650 -1.7816 -2.7710 -3.6635 -4.4217 -5.0824 -5.6088 -5.6728 -5.3978 -5.1400 -5.0025 -4.9832 -5.0115 -5.0262 -5.0006 -4.9199 -4.7572 -4.4958 -4.1770 -3.9090 -3.7816 -3.8181 -3.9954 -4.2324 -4.4066 -4.4586 -4.4525 -4.4309 -4.3560 -4.4086 -4.6610 -4.2340 -3.6103 -2.8907 -2.2433 -1.6797 -1.1073 -0.4342 0.4230 1.8659 2.7087 3.1902 3.6034 3.9191 4.1978 4.4751 4.7426 5.1415 5.5823 5.8968 6.1199 6.0217 5.7777 5.4633 5.2645 5.0817 5.3706 5.7120 6.1476 6.4892
3.3222 3.3446 3.1028 2.7645 2.5873 2.8861 3.4304 3.8865 4.5433 4.5540 4.4747 4.7440 5.0016 4.9783 4.7514 4.5582 4.4550 4.3795 4.2466 3.9623 3.5215 3.1800 2.6240 1.9443 1.3606 1.1033 1.1687 0.7464 0.1443 -0.6709 -1.6498 -2.8261 -4.0887 -5.7863 -6.7865 -6.9714 -6.9441 -7.1575 -7.2846 -7.0489 -6.6290 -6.3096 -6.0758 -5.8114 -5.5764 -5.5150 -5.6484 -5.9559 -6.3112 -6.5859 -6.5518 -6.1166 -5.3745 -4.5321 -3.8653 -2.8259 -1.4499 -0.0669 1.0291 2.1246 2.7741 3.4147 3.8805 4.2717 4.7727 5.2646 5.7101 5.8985 5.9179 5.8773 5.7850 5.6450 5.4155 5.2407 5.0805 5.0494 5.1841 5.3666 5.6920 6.1678 6.4338 6.7584 6.9932 6.8040 6.5144 6.1265 5.8828 5.5556 5.3736 5.3788 5.4333 5.5539 5.7829 6.1683 6.5850 7.0214 7.3398 7.2377 7.1185 7.1960 7.5136 7.8842 8.4586 8.4246 7.5494 6.9547 6.3500 5.7032 5.1420 4.5471 3.9492 3.3772 2.8913 2.2348 1.8415 1.7910 1.8474 1.9110 1.9111 1.8860 1.9055 1.9086 1.8233 1.6641 1.4707 1.2927 1.0742 0.8150 0.5420 0.3563 -0.0031 -0.4950 -1.2280 -2.0481 -2.9534 -3.7634 -4.4699 -5.0933 -5.5752 -5.6118 -5.3221 -5.0395 -4.8862 -4.8507 -4.8649 -4.8687 -4.8316 -4.7409 -4.5780 -4.3560 -4.1222 -3.8875 -3.7340 -3.7160 -3.8595 -4.1123 -4.3293 -4.3858 -4.3329 -4.2736 -4.2121 -4.2458 -4.4600 -4.1772 -3.6261 -2.9668 -2.3328 -1.7600 -1.2201 -0.6575 -0.0286 1.3285 2.4555 3.0166 3.3602 3.6504 3.8838 4.1323 4.4447 4.8161 5.2616 5.7445 6.2339 6.3229 6.1730 6.1814 5.7910 5.5941 5.4644 5.5305 5.8273 6.4695
3.2756 3.3518 3.1576 2.8553 2.6524 2.9134 3.4589 3.9544 4.4371 4.8226 4.6550 4.5594 4.5278 4.4941 4.4590 4.5309 4.4534 4.2443 3.9857 3.5697 3.2699 2.8357 2.2161 1.6779 1.3035 1.3915 1.3238 0.7237 0.1565 -0.6251 -1.5936 -2.7603 -4.0902 -5.6095 -6.6814 -6.9828 -7.0596 -7.3275 -7.6530 -7.5070 -7.2233 -6.6845 -6.3401 -6.0595 -5.8043 -5.6560 -5.7176 -6.0365 -6.4064 -6.6572 -6.5624 -6.1082 -5.3348 -4.5725 -3.9195 -2.9150 -1.6309 -0.3887 0.6850 1.8651 2.5182 2.9617 3.4276 3.8452 4.3918 4.8377 5.2443 5.6496 5.7485 5.7019 5.5515 5.3009 5.0355 4.8608 4.6938 4.5810 4.7571 4.9993 5.4723 5.9765 6.2883 6.4472 6.4587 6.2754 6.0399 5.8164 5.5193 5.3703 5.3613 5.3968 5.5013 5.6567 5.9732 6.3593 6.7889 7.2570 7.2220 7.0680 7.0278 7.1941 7.4558 7.6402 7.7838 7.5670 7.1039 6.5979 5.9931 5.4461 4.8919 4.5494 4.0911 3.5648 3.1336 2.5722 2.0000 1.5973 1.5068 1.5819 1.6850 1.7638 1.6945 1.5666 1.4307 1.2796 1.1178 0.9341 0.7074 0.4851 0.3422 0.0619 -0.3613 -0.8359 -1.4870 -2.2965 -3.0972 -3.8066 -4.4546 -5.0498 -5.5214 -5.5992 -5.3119 -4.9857 -4.7754 -4.6846 -4.6490 -4.6150 -4.5610 -4.4792 -4.3614 -4.2167 -4.0338 -3.8464 -3.6856 -3.6383 -3.7663 -4.0341 -4.2565 -4.2706 -4.1892 -4.1382 -4.1137 -4.1565 -4.3001 -4.1752 -3.7040 -3.1254 -2.5039 -1.9164 -1.3791 -0.8524 -0.2927 0.8079 2.0073 2.7792 3.1733 3.3888 3.5935 3.8218 4.1097 4.4826 4.9602 5.3896 5.8458 6.2388 6.1700 6.0613 6.2344 6.1299 5.8811 5.7465 5.6076 5.9786
3.1657 3.2957 3.1642 2.9188 2.7258 2.9435 3.4351 3.8714 4.2919 4.5939 4.7212 4.5022 4.1732 4.0660 3.9751 3.8691 3.8228 3.7321 3.4986 3.3006 2.8197 2.2303 1.8177 1.4947 1.6013 1.6610 1.2562 0.7866 0.1859 -0.6279 -1.6655 -2.9025 -4.1863 -5.5495 -6.4591 -6.8693 -7.0376 -7.4114 -7.7589 -7.8605 -7.5836 -7.1845 -6.6453 -6.2878 -6.0078 -5.8151 -5.8036 -6.1157 -6.5096 -6.7213 -6.6026 -6.1423 -5.3549 -4.6577 -4.0350 -3.1259 -1.9897 -0.7865 0.2856 1.5623 2.1623 2.5607 2.9944 3.4890 3.9675 4.4768 4.9330 5.3832 5.6574 5.6119 5.4017 5.0918 4.7897 4.5084 4.3169 4.1904 4.3821 4.7756 5.2459 5.5885 5.8069 6.0023 5.9939 5.8091 5.6191 5.4097 5.3635 5.3425 5.3619 5.4580 5.5994 5.8304 6.2003 6.5752 7.1146 7.1950 7.0541 6.9712 7.0405 7.2602 7.3990 7.1943 7.1178 6.8030 6.4988 5.9447 5.3845 4.8553 4.4774 4.2129 4.3028 3.8517 3.3393 2.9828 2.4394 1.8521 1.4495 1.2112 1.2086 1.2159 1.3064 1.2882 1.1938 1.0305 0.7710 0.6043 0.4116 0.2517 -0.0352 -0.3755 -0.7404 -1.2211 -1.8476 -2.5676 -3.2357 -3.8293 -4.4030 -4.9675 -5.4381 -5.6183 -5.3625 -4.9880 -4.6896 -4.5160 -4.4093 -4.3349 -4.2846 -4.2433 -4.1943 -4.1110 -3.9736 -3.7831 -3.6108 -3.5565 -3.6991 -3.9764 -4.1330 -4.0870 -4.0325 -4.0399 -4.0569 -4.1103 -4.2141 -4.1982 -3.7943 -3.2984 -2.7199 -2.1340 -1.6046 -1.0615 -0.4806 0.3394 1.5319 2.4506 2.9684 3.2477 3.3848 3.5384 3.7396 4.0952 4.5321 5.0483 5.4727 5.8197 5.9845 5.9319 5.9894 6.2525 6.3667 6.1218 5.8705 5.6831
3.0588 3.2124 3.1281 2.9521 2.8073 2.9772 3.3546 3.7042 3.9939 4.1782 4.3054 4.2575 4.2693 4.0644 3.7492 3.4539 3.3335 3.1990 2.9890 2.7562 2.2837 1.9041 1.7141 1.8076 1.8476 1.6197 1.3144 0.8903 0.2708 -0.6423 -1.7896 -3.0962 -4.3949 -5.4338 -6.2497 -6.6916 -7.0089 -7.4327 -7.8582 -8.1137 -7.8188 -7.4915 -6.9667 -6.5349 -6.1916 -5.9690 -5.8950 -6.1669 -6.5787 -6.7581 -6.6640 -6.2225 -5.4487 -4.8206 -4.2663 -3.4954 -2.5045 -1.2574 -0.2656 0.9668 1.9229 2.3504 2.6595 3.1836 3.7306 4.2135 4.7253 5.1746 5.5335 5.5121 5.3020 4.9617 4.6166 4.3172 4.1541 4.1472 4.2867 4.5641 4.8663 5.1181 5.4012 5.6258 5.5844 5.4353 5.3850 5.3601 5.3228 5.3198 5.4083 5.5511 5.7121 6.0576 6.4015 6.8527 7.1396 7.0245 6.9460 6.9850 7.1524 7.2938 6.9058 6.5896 6.3479 6.0433 5.7005 5.2292 4.6925 4.2079 3.9368 3.7276 3.7791 4.0086 3.7437 3.2779 2.8242 2.3027 1.7447 1.2656 0.8696 0.6787 0.4971 0.3824 0.2975 0.2576 0.2701 0.1839 0.0236 -0.1980 -0.4698 -0.8207 -1.1820 -1.6289 -2.1507 -2.7595 -3.3007 -3.7928 -4.3014 -4.8405 -5.3120 -5.6347 -5.4586 -5.0793 -4.6875 -4.4345 -4.2675 -4.1611 -4.1035 -4.0471 -3.9952 -3.9046 -3.7597 -3.6289 -3.4777 -3.4560 -3.6247 -3.7847 -3.8537 -3.8544 -3.9133 -3.9754 -4.0194 -4.0836 -4.1782 -4.2386 -3.9751 -3.4959 -2.9300 -2.3470 -1.7919 -1.3084 -0.7359 -0.1439 1.0126 2.0078 2.6676 3.0559 3.2177 3.1919 3.3188 3.5882 4.0656 4.6043 5.0904 5.4793 5.7114 5.7231 5.7673 5.9551 6.2530 6.3890 6.1971 5.9189
3.0034 3.1635 3.0836 2.9599 2.8890 3.0185 3.2499 3.4314 3.6210 3.7832 3.8869 3.8065 3.6308 3.6352 3.7736 3.7952 3.5910 3.4063 3.1841 2.8464 2.4891 2.1028 1.9656 1.8183 1.7128 1.6533 1.5056 1.0043 0.0079 -0.9734 -2.1482 -3.3620 -4.4931 -5.3841 -6.2015 -6.6910 -7.0582 -7.4856 -7.9044 -8.1771 -8.0514 -7.7055 -7.2951 -6.7824 -6.4010 -6.1256 -5.9996 -6.1711 -6.6239 -6.7689 -6.7282 -6.3572 -5.6700 -4.9989 -4.5841 -3.9469 -2.9406 -1.8132 -0.6933 0.2499 1.5340 2.2609 2.6257 2.9882 3.5082 3.9643 4.4599 4.8330 5.1395 5.2331 5.1278 4.8760 4.5885 4.3594 4.2400 4.2018 4.1929 4.2639 4.4637 4.7397 5.0737 5.4073 5.4270 5.4043 5.3583 5.2954 5.2757 5.3507 5.5018 5.6473 5.8923 6.2370 6.6809 7.0539 6.9762 6.9279 6.9879 7.1374 7.1645 6.7579 6.3573 6.0449 5.6298 5.2851 4.8841 4.4851 4.0105 3.6325 3.3812 3.2950 3.3899 3.4945 3.7704 3.7302 3.3043 2.7750 2.2254 1.5790 0.9178 0.4080 0.0046 -0.1979 -0.3729 -0.4135 -0.3505 -0.3483 -0.5158 -0.7657 -1.0062 -1.2807 -1.6258 -1.9753 -2.4344 -2.9260 -3.3503 -3.7353 -4.1699 -4.6758 -5.1599 -5.6093 -5.5971 -5.2286 -4.8310 -4.4797 -4.1362 -3.9328 -3.7437 -3.6096 -3.5339 -3.4415 -3.3289 -3.2455 -3.2197 -3.2246 -3.2493 -3.3685 -3.4834 -3.6371 -3.7736 -3.8337 -3.9245 -4.0193 -4.1392 -4.2499 -4.1576 -3.7100 -3.1358 -2.5307 -2.0181 -1.5268 -1.0329 -0.4412 0.3589 1.4374 2.1711 2.6615 2.8822 2.8388 2.8556 3.1234 3.5330 4.1186 4.7095 5.0984 5.5124 5.5581 5.5963 5.7083 5.9747 6.2913 6.3840 6.2382
2.9060 3.1228 3.0496 2.9600 2.9465 3.0281 3.0996 3.1219 3.2828 3.4366 3.4712 3.3632 3.2526 3.2626 3.3401 3.6199 3.9538 3.9604 3.8276 3.5326 3.2380 2.6544 2.1604 2.1147 2.0829 1.9438 1.6086 0.9288 -0.3464 -1.3848 -2.5521 -3.6621 -4.6391 -5.6221 -6.4999 -6.8905 -7.1952 -7.5415 -7.8105 -7.8980 -7.9433 -7.8656 -7.5077 -7.0206 -6.5934 -6.2751 -6.1057 -6.1923 -6.6088 -6.7612 -6.7573 -6.5512 -5.9506 -5.2292 -4.8487 -4.2854 -3.4617 -2.4185 -1.3683 -0.6784 0.3845 1.6812 2.2962 2.6873 3.2063 3.5878 4.0566 4.4309 4.6779 4.8048 4.7168 4.5604 4.3768 4.2306 4.0399 3.8885 3.8170 3.8793 4.0788 4.4212 4.7989 5.1308 5.2970 5.2952 5.2307 5.1986 5.2784 5.4382 5.5949 5.7439 6.0762 6.4808 6.9137 6.9178 6.9097 7.0291 7.1704 6.8230 6.4889 6.1725 5.8379 5.4989 5.1018 4.6559 4.2638 3.8533 3.4781 3.1496 2.9287 3.0211 3.0728 3.1315 3.2830 3.5003 3.5884 3.1829 2.6434 2.0237 1.2573 0.4252 -0.1153 -0.5818 -0.8889 -1.0075 -0.9341 -0.8934 -1.0753 -1.2805 -1.5005 -1.7488 -1.9449 -2.2709 -2.6371 -3.0487 -3.4148 -3.6586 -4.0433 -4.5143 -5.0099 -5.5620 -5.7460 -5.3866 -4.9113 -4.4456 -3.9041 -3.4972 -3.2897 -3.0658 -2.9636 -2.8791 -2.8216 -2.8153 -2.8247 -2.7645 -2.7133 -2.8908 -3.0684 -3.2517 -3.3650 -3.4235 -3.5609 -3.7478 -3.9459 -4.1328 -4.1478 -3.7502 -3.2401 -2.6883 -2.1948 -1.7612 -1.2717 -0.7044 -0.1309 0.6230 1.5706 2.1292 2.4180 2.4670 2.3318 2.5940 3.1038 3.7466 4.3280 4.7983 5.2310 5.4952 5.5414 5.6021 5.7484 6.0715 6.3641 6.3786
2.6477 2.9582 2.9387 2.8972 2.9274 2.9767 2.9812 3.0072 3.1320 3.1509 3.1278 3.2471 3.4242 3.5479 3.6212 3.7366 4.0477 4.4047 4.5712 4.1587 3.4880 2.9232 2.6689 2.6871 2.5669 2.5884 1.8768 0.4206 -0.6211 -1.6885 -2.8751 -3.9705 -4.8909 -6.0607 -6.8504 -7.1884 -7.3168 -7.6389 -7.7075 -7.6150 -7.7037 -7.7799 -7.6980 -7.2793 -6.8352 -6.4672 -6.2062 -6.2226 -6.5770 -6.7641 -6.7596 -6.7709 -6.2747 -5.6202 -5.1882 -4.6703 -4.0971 -3.2581 -2.4092 -1.4020 -0.6211 0.3678 1.6063 2.1726 2.6964 3.1643 3.4954 3.9301 4.1645 4.3284 4.2664 4.1010 3.9177 3.7675 3.6089 3.4688 3.4067 3.4563 3.7026 4.1369 4.5299 4.7304 4.8550 4.9108 5.0111 5.1390 5.3349 5.5186 5.6528 5.8931 6.2546 6.6630 6.7707 6.8646 7.0576 7.1299 6.5829 6.1525 5.8986 5.5484 5.2411 4.9654 4.6870 4.3467 3.9530 3.5814 3.2519 3.0649 3.0363 3.1054 3.1164 2.9883 2.9155 3.0804 3.2989 3.3924 2.9738 2.3612 1.5941 0.7208 0.1032 -0.4931 -1.0012 -1.4001 -1.3836 -1.3469 -1.5172 -1.7018 -1.9074 -2.0706 -2.2331 -2.4572 -2.7763 -3.1209 -3.4321 -3.6589 -3.9974 -4.4476 -4.9374 -5.5511 -5.8441 -5.4342 -4.7976 -4.2321 -3.6805 -3.1135 -2.7449 -2.5399 -2.4254 -2.3562 -2.3435 -2.3908 -2.4027 -2.2550 -2.1505 -2.3739 -2.6893 -2.8545 -2.9169 -2.9794 -3.1416 -3.3836 -3.6262 -3.8274 -3.8896 -3.6286 -3.1827 -2.7001 -2.2620 -1.9469 -1.5156 -1.0272 -0.4219 0.0980 0.9222 1.5263 1.9254 2.1208 2.0888 2.1650 2.6650 3.4301 4.0666 4.6158 5.0465 5.4343 5.5821 5.6199 5.6888 5.8680 6.2337 6.4348
2.4474 2.5448 2.5611 2.6104 2.7173 2.7988 2.8466 2.9454 2.9999 2.9333 3.1114 3.5140 3.8407 4.0922 4.3077 4.4639 4.5504 4.6026 4.5793 4.2076 3.3024 2.6575 2.6494 3.2907 3.6063 3.5115 1.9279 0.0838 -0.9288 -1.8909 -3.1467 -4.2879 -5.2981 -6.5382 -7.2220 -7.3126 -7.5359 -8.0739 -8.0475 -7.7216 -7.7677 -7.9731 -8.0225 -7.7579 -7.2191 -6.8279 -6.5781 -6.5236 -6.8348 -7.0768 -7.0079 -7.1026 -6.8183 -6.1792 -5.6151 -5.2462 -4.7457 -4.0042 -3.1533 -2.1287 -0.9802 -0.1385 0.7942 1.6402 1.9816 2.5376 3.0874 3.4748 3.6982 3.8584 3.7976 3.6274 3.4223 3.1881 2.9301 2.7709 2.8188 3.0183 3.4464 3.8836 4.1027 4.2941 4.4450 4.5177 4.6293 4.9353 5.2166 5.3768 5.5323 5.8632 6.2291 6.3245 6.4831 6.8466 6.9274 6.5826 6.0501 5.7723 5.3284 4.9736 4.7205 4.4942 4.4576 4.3419 4.0597 3.7334 3.4890 3.3544 3.3761 3.4612 3.4276 3.1991 2.7709 2.5167 2.7277 3.0333 3.1000 2.7740 2.1565 1.4694 0.8828 0.2988 -0.4891 -1.2192 -1.5066 -1.5176 -1.5868 -1.8180 -2.0520 -2.2172 -2.3577 -2.5386 -2.8181 -3.1657 -3.4870 -3.7294 -3.9788 -4.3929 -5.0246 -5.7311 -5.9149 -5.3658 -4.6352 -3.6853 -2.7846 -2.2430 -1.9636 -1.8116 -1.7153 -1.6562 -1.6331 -1.5698 -1.3277 -1.0911 -1.2333 -1.6439 -1.9819 -2.1461 -2.2487 -2.3669 -2.5593 -2.8561 -3.2170 -3.5355 -3.6985 -3.6286 -3.3103 -2.8128 -2.4111 -2.1604 -1.7720 -1.2358 -0.7379 -0.3442 0.3422 0.9805 1.4888 1.7936 1.8932 1.9490 2.2475 3.1071 3.8361 4.5490 4.9863 5.3702 5.6533 5.6992 5.7507 5.7930 6.0792 6.4319